{"type": "FeatureCollection", "features": [{"type": "Feature", "geometry": {"type": "Polygon", "coordinates": [[[78.3866455, 17.4329084], [78.3869807, 17.4328214], [78.3868735, 17.4326826], [78.3869839, 17.432605], [78.3870678, 17.4327137], [78.3871675, 17.4326436], [78.3871473, 17.4326176], [78.3873654, 17.4324633], [78.3873831, 17.4324859], [78.3878176, 17.4321765], [78.3878337, 17.4321253], [78.387831, 17.4320537], [78.3877743, 17.4320099], [78.3877229, 17.4319949], [78.3876677, 17.432001], [78.3872119, 17.4323079], [78.3872442, 17.4323515], [78.3870868, 17.4324575], [78.3870553, 17.432415], [78.3865742, 17.432739], [78.3865656, 17.4327997], [78.3865888, 17.4328624], [78.3866455, 17.4329084]]]}, "properties": {"osm_id": 51327327, "building_type": "commercial", "osm_height": null, "osm_levels": 10, "name": "iLabs Centre", "addr_street": "Inorbit Mall Road", "addr_housenumber": "18"}}, {"type": "Feature", "geometry": {"type": "Polygon", "coordinates": [[[78.3866444, 17.4355564], [78.3864164, 17.4348156], [78.3862407, 17.4342385], [78.3860264, 17.4336393], [78.3860234, 17.4336173], [78.3860288, 17.4335969], [78.3860442, 17.4335821], [78.3860603, 17.4335726], [78.3860734, 17.4335594], [78.3860851, 17.4335438], [78.3860972, 17.4335348], [78.3861173, 17.4335303], [78.3861344, 17.4335306], [78.3861562, 17.4335361], [78.3861824, 17.4335726], [78.3861938, 17.433579], [78.3862062, 17.4335793], [78.3862702, 17.4335694], [78.3863319, 17.4335642], [78.386409, 17.4335694], [78.3864774, 17.4335841], [78.3865498, 17.4336039], [78.386626, 17.4336349], [78.3867054, 17.4336672], [78.3867262, 17.4336704], [78.3867523, 17.4336634], [78.3867939, 17.4336532], [78.3868248, 17.4336557], [78.3868697, 17.4336781], [78.3869187, 17.4337592], [78.3869282, 17.4337908], [78.3869461, 17.4338358], [78.3869474, 17.4338454], [78.3869468, 17.4338515], [78.3869436, 17.4338598], [78.3868972, 17.4338816], [78.3868945, 17.4339263], [78.3868898, 17.4339474], [78.3868227, 17.4340895], [78.3868134, 17.4341074], [78.3868134, 17.4341477], [78.3868455, 17.4342065], [78.386867, 17.4342564], [78.3868871, 17.4343153], [78.3869126, 17.4344061], [78.3869257, 17.4344421], [78.3869356, 17.4344684], [78.3869709, 17.4345008], [78.3870266, 17.4345341], [78.3870923, 17.434575], [78.3871285, 17.4345981], [78.3871607, 17.4346352], [78.3871895, 17.4346704], [78.3873645, 17.4353517], [78.3866444, 17.4355564]]]}, "properties": {"osm_id": 68871414, "building_type": "retail", "osm_height": null, "osm_levels": null, "name": "Inorbit Mall Cyberabad", "shop": "mall"}}, {"type": "Feature", "geometry": {"type": "Polygon", "coordinates": [[[78.3853291, 17.4362585], [78.3851459, 17.4359691], [78.3855962, 17.4357096], [78.3857835, 17.4360054], [78.3854891, 17.4361751], [78.3855346, 17.4362468], [78.3854351, 17.4363041], [78.3853856, 17.4362259], [78.3853291, 17.4362585]]]}, "properties": {"osm_id": 68875332, "building_type": "yes", "osm_height": null, "osm_levels": null, "name": "Capella block"}}, {"type": "Feature", "geometry": {"type": "Polygon", "coordinates": [[[78.3856318, 17.4354835], [78.385478, 17.4349793], [78.3856346, 17.4347348], [78.3858411, 17.4346513], [78.385929, 17.4348778], [78.3859947, 17.4350761], [78.3860591, 17.4352974], [78.3860779, 17.4353896], [78.386096, 17.4356026], [78.3858796, 17.4356192], [78.3856318, 17.4354835]]]}, "properties": {"osm_id": 68875336, "building_type": "yes", "osm_height": null, "osm_levels": null, "name": "Vega Block"}}, {"type": "Feature", "geometry": {"type": "Polygon", "coordinates": [[[78.3897022, 17.4371982], [78.3897002, 17.4370882], [78.3897578, 17.4370872], [78.3897598, 17.4371973], [78.3897022, 17.4371982]]]}, "properties": {"osm_id": 68876738, "building_type": "apartments", "osm_height": null, "osm_levels": null, "name": null}}, {"type": "Feature", "geometry": {"type": "Polygon", "coordinates": [[[78.3874583, 17.4330587], [78.3876885, 17.4332592], [78.3877167, 17.4332726], [78.387759, 17.4332784], [78.3878146, 17.4332598], [78.3878843, 17.433208], [78.3880278, 17.4331012], [78.3880533, 17.4330666], [78.3880734, 17.4330315], [78.3881051, 17.432857], [78.3879958, 17.4326989], [78.3878482, 17.4327977], [78.3874583, 17.4330587]]]}, "properties": {"osm_id": 68876742, "building_type": "commercial", "osm_height": null, "osm_levels": null, "name": null, "addr_street": "Inorbit Mall Road"}}, {"type": "Feature", "geometry": {"type": "Polygon", "coordinates": [[[78.3893525, 17.4364162], [78.389339, 17.4362291], [78.3901496, 17.4361759], [78.3901631, 17.436363], [78.3893525, 17.4364162]]]}, "properties": {"osm_id": 68876744, "building_type": "apartments", "osm_height": null, "osm_levels": null, "name": null}}, {"type": "Feature", "geometry": {"type": "Polygon", "coordinates": [[[78.3891193, 17.4370657], [78.3891057, 17.4369443], [78.3891846, 17.4369363], [78.38918, 17.4368944], [78.3890985, 17.4369027], [78.3890727, 17.4366722], [78.3891422, 17.4366651], [78.3891374, 17.4366225], [78.3890726, 17.4366291], [78.3890457, 17.4363887], [78.3892159, 17.4363713], [78.3892916, 17.4370482], [78.3891193, 17.4370657]]]}, "properties": {"osm_id": 68876747, "building_type": "apartments", "osm_height": null, "osm_levels": null, "name": null}}, {"type": "Feature", "geometry": {"type": "Polygon", "coordinates": [[[78.3902294, 17.4367547], [78.390224, 17.4366714], [78.3904002, 17.436661], [78.3904056, 17.4367444], [78.3902294, 17.4367547]]]}, "properties": {"osm_id": 68876748, "building_type": "apartments", "osm_height": null, "osm_levels": null, "name": null}}, {"type": "Feature", "geometry": {"type": "Polygon", "coordinates": [[[78.3893246, 17.4366409], [78.3893225, 17.436562], [78.3894115, 17.4365599], [78.3894136, 17.4366388], [78.3893246, 17.4366409]]]}, "properties": {"osm_id": 68876749, "building_type": "apartments", "osm_height": null, "osm_levels": null, "name": null}}, {"type": "Feature", "geometry": {"type": "Polygon", "coordinates": [[[78.3893847, 17.4368224], [78.3893841, 17.4367345], [78.389533, 17.4367336], [78.3895337, 17.4368214], [78.3893847, 17.4368224]]]}, "properties": {"osm_id": 68876750, "building_type": "apartments", "osm_height": null, "osm_levels": null, "name": null}}, {"type": "Feature", "geometry": {"type": "Polygon", "coordinates": [[[78.3852843, 17.4346402], [78.3849413, 17.4342441], [78.3850612, 17.4341695], [78.3850897, 17.4342015], [78.38517, 17.4341462], [78.385107, 17.434152], [78.3850592, 17.4341345], [78.3850185, 17.4340977], [78.3849995, 17.434057], [78.3850013, 17.434026], [78.3850501, 17.4339515], [78.3851052, 17.4339333], [78.3851636, 17.4339336], [78.3852076, 17.433959], [78.3852442, 17.4340192], [78.3852432, 17.4340599], [78.3852238, 17.4341103], [78.3853011, 17.4340541], [78.3852767, 17.4340211], [78.3853743, 17.4339435], [78.3857187, 17.4343504], [78.3852843, 17.4346402]]]}, "properties": {"osm_id": 68879527, "building_type": "yes", "osm_height": null, "osm_levels": null, "name": "Orion"}}, {"type": "Feature", "geometry": {"type": "Polygon", "coordinates": [[[78.3804585, 17.4374458], [78.380711, 17.4372385], [78.3807492, 17.437303], [78.3807872, 17.437362], [78.3808327, 17.4374302], [78.3808825, 17.4374922], [78.3809258, 17.4375367], [78.3809681, 17.4375739], [78.3810572, 17.437649], [78.3808203, 17.4378584], [78.380772, 17.4377568], [78.380733, 17.4377041], [78.3806886, 17.4376524], [78.3805759, 17.4375408], [78.3804585, 17.4374458]]]}, "properties": {"osm_id": 68907571, "building_type": "commercial", "osm_height": null, "osm_levels": null, "name": "Cyient", "office": "company"}}, {"type": "Feature", "geometry": {"type": "Polygon", "coordinates": [[[78.3808696, 17.4371285], [78.3810356, 17.4369934], [78.3812777, 17.4372737], [78.3811005, 17.4374141], [78.3808696, 17.4371285]]]}, "properties": {"osm_id": 68907599, "building_type": "yes", "osm_height": null, "osm_levels": null, "name": "ICSA"}}, {"type": "Feature", "geometry": {"type": "Polygon", "coordinates": [[[78.3873479, 17.4363782], [78.387332, 17.4362499], [78.3882257, 17.4362122], [78.3882297, 17.4365668], [78.3873479, 17.4363782]]]}, "properties": {"osm_id": 68907601, "building_type": "commercial", "osm_height": null, "osm_levels": null, "name": "NCC House"}}, {"type": "Feature", "geometry": {"type": "Polygon", "coordinates": [[[78.3884095, 17.4323297], [78.3884616, 17.4322707], [78.3884877, 17.4322148], [78.3885023, 17.4321526], [78.3885088, 17.4320858], [78.3885121, 17.4320237], [78.3885088, 17.4319771], [78.3885056, 17.4319414], [78.3884974, 17.4319041], [78.3884812, 17.4318544], [78.3884616, 17.4318279], [78.3884274, 17.431814], [78.3883851, 17.4318171], [78.3883509, 17.4318544], [78.3883248, 17.4318932], [78.3883004, 17.4319693], [78.3882874, 17.432019], [78.3882792, 17.4320719], [78.3882744, 17.4321526], [78.3882744, 17.4322427], [78.3882874, 17.4323142], [78.3883199, 17.4323484], [78.3883623, 17.4323562], [78.3884095, 17.4323297]]]}, "properties": {"osm_id": 292730757, "building_type": "commercial", "osm_height": null, "osm_levels": null, "name": "iLabs Oval Office", "addr_street": "Inorbit Mall Road"}}, {"type": "Feature", "geometry": {"type": "Polygon", "coordinates": [[[78.3827902, 17.4372627], [78.382674, 17.4369224], [78.3830089, 17.4365774], [78.3834631, 17.4364357], [78.3836521, 17.4369872], [78.3834619, 17.4370466], [78.3834747, 17.437084], [78.3831251, 17.4371928], [78.3831145, 17.4371619], [78.3827902, 17.4372627]]]}, "properties": {"osm_id": 292750667, "building_type": "commercial", "osm_height": null, "osm_levels": null, "name": "Building 14"}}, {"type": "Feature", "geometry": {"type": "Polygon", "coordinates": [[[78.3839168, 17.4369435], [78.3839499, 17.4370435], [78.3848003, 17.4367831], [78.3847786, 17.4367114], [78.3848181, 17.4367001], [78.3845433, 17.4358757], [78.3838975, 17.436078], [78.3839499, 17.4362437], [78.3835941, 17.4363674], [78.3837899, 17.4369751], [78.3839168, 17.4369435]]]}, "properties": {"osm_id": 292755261, "building_type": "commercial", "osm_height": null, "osm_levels": 12, "name": "Building 20", "addr_street": "Cyberabad"}}, {"type": "Feature", "geometry": {"type": "Polygon", "coordinates": [[[78.3815542, 17.4369322], [78.3813591, 17.4367126], [78.3818058, 17.4363514], [78.3820868, 17.4366677], [78.3818274, 17.4368774], [78.3817416, 17.4367807], [78.3815542, 17.4369322]]]}, "properties": {"osm_id": 292769248, "building_type": "commercial", "osm_height": null, "osm_levels": null, "name": "Divyasree Solitaire", "addr_street": "Inorbit Mall Road"}}, {"type": "Feature", "geometry": {"type": "Polygon", "coordinates": [[[78.3819217, 17.4362992], [78.3821988, 17.4366404], [78.382465, 17.4364437], [78.3821878, 17.4361025], [78.3819217, 17.4362992]]]}, "properties": {"osm_id": 296969037, "building_type": "commercial", "osm_height": null, "osm_levels": null, "name": "Pioneer Towers"}}, {"type": "Feature", "geometry": {"type": "Polygon", "coordinates": [[[78.3775089, 17.4238184], [78.3779674, 17.4233305], [78.3775209, 17.4229411], [78.3771149, 17.4233871], [78.3775089, 17.4238184]]]}, "properties": {"osm_id": 297099095, "building_type": "commercial", "osm_height": null, "osm_levels": 20, "name": "Kishan Sir IMAX", "addr_street": "DivyaSree Orion IT/ITES SEZ, Survey 66/1 Panmakhta, Raidurg Village, Serilingampally Mandal, Ranga Reddy District, Divyasree Orion Rd, Madhura Nagar Colony, Gachibowli", "addr_housenumber": "Block 5"}}, {"type": "Feature", "geometry": {"type": "Polygon", "coordinates": [[[78.3672806, 17.4301448], [78.3672538, 17.4301176], [78.3672655, 17.4300976], [78.3671896, 17.4300207], [78.3675408, 17.4297051], [78.3676421, 17.4298077], [78.3675113, 17.4299253], [78.3675409, 17.4299553], [78.3674508, 17.4300363], [78.3674275, 17.4300128], [78.3672806, 17.4301448]]]}, "properties": {"osm_id": 342260908, "building_type": "yes", "osm_height": null, "osm_levels": null, "name": null}}, {"type": "Feature", "geometry": {"type": "Polygon", "coordinates": [[[78.3687133, 17.4336038], [78.3687801, 17.4336859], [78.3688342, 17.4336459], [78.3687675, 17.4335637], [78.3687133, 17.4336038]]]}, "properties": {"osm_id": 342261567, "building_type": "commercial", "osm_height": null, "osm_levels": null, "name": "Spotways, infologitech systems"}}, {"type": "Feature", "geometry": {"type": "Polygon", "coordinates": [[[78.3689404, 17.4333672], [78.3690396, 17.4332843], [78.3691529, 17.4334077], [78.3692206, 17.4333524], [78.3692557, 17.4333209], [78.3692882, 17.4332946], [78.3693321, 17.4333443], [78.3693728, 17.4333868], [78.3692685, 17.433474], [78.3692698, 17.4334754], [78.3692088, 17.4335264], [78.3691648, 17.4334785], [78.3690956, 17.4335363], [78.3689404, 17.4333672]]]}, "properties": {"osm_id": 342261568, "building_type": "commercial", "osm_height": null, "osm_levels": null, "name": null}}, {"type": "Feature", "geometry": {"type": "Polygon", "coordinates": [[[78.3693536, 17.4331958], [78.3694191, 17.433272], [78.3695551, 17.4331656], [78.3694897, 17.4330894], [78.3693536, 17.4331958]]]}, "properties": {"osm_id": 342261630, "building_type": "commercial", "osm_height": null, "osm_levels": null, "name": "New City Church"}}, {"type": "Feature", "geometry": {"type": "Polygon", "coordinates": [[[78.3686041, 17.4336708], [78.3686814, 17.4336059], [78.3687939, 17.4337279], [78.3687165, 17.4337928], [78.3686041, 17.4336708]]]}, "properties": {"osm_id": 342266745, "building_type": "residential", "osm_height": null, "osm_levels": null, "name": null}}, {"type": "Feature", "geometry": {"type": "Polygon", "coordinates": [[[78.3687311, 17.4338273], [78.3688176, 17.4337548], [78.36893, 17.4338769], [78.3688436, 17.4339494], [78.3687311, 17.4338273]]]}, "properties": {"osm_id": 342266746, "building_type": "residential", "osm_height": null, "osm_levels": null, "name": null}}, {"type": "Feature", "geometry": {"type": "Polygon", "coordinates": [[[78.3682805, 17.434232], [78.3683621, 17.4341721], [78.3684659, 17.4343009], [78.3683843, 17.4343608], [78.3682805, 17.434232]]]}, "properties": {"osm_id": 342266747, "building_type": "residential", "osm_height": null, "osm_levels": null, "name": null}}, {"type": "Feature", "geometry": {"type": "Polygon", "coordinates": [[[78.3684377, 17.4338228], [78.3685406, 17.4339409], [78.3686193, 17.4338786], [78.3685163, 17.4337605], [78.3684377, 17.4338228]]]}, "properties": {"osm_id": 342266748, "building_type": "residential", "osm_height": null, "osm_levels": null, "name": null}}, {"type": "Feature", "geometry": {"type": "Polygon", "coordinates": [[[78.3685659, 17.4339737], [78.3686456, 17.4339053], [78.3687964, 17.4340649], [78.3687114, 17.4341378], [78.3686354, 17.4340574], [78.3686407, 17.4340529], [78.3685659, 17.4339737]]]}, "properties": {"osm_id": 342266749, "building_type": "residential", "osm_height": null, "osm_levels": null, "name": null}}, {"type": "Feature", "geometry": {"type": "Polygon", "coordinates": [[[78.3686634, 17.4338971], [78.3687294, 17.4338418], [78.3688271, 17.4339477], [78.3687611, 17.434003], [78.3686634, 17.4338971]]]}, "properties": {"osm_id": 342266750, "building_type": "residential", "osm_height": null, "osm_levels": null, "name": null}}, {"type": "Feature", "geometry": {"type": "Polygon", "coordinates": [[[78.3684748, 17.4338842], [78.3685416, 17.4339684], [78.3684149, 17.4340597], [78.3683482, 17.4339754], [78.3684748, 17.4338842]]]}, "properties": {"osm_id": 342266751, "building_type": "residential", "osm_height": null, "osm_levels": null, "name": null}}, {"type": "Feature", "geometry": {"type": "Polygon", "coordinates": [[[78.3685492, 17.4339729], [78.3686148, 17.4340558], [78.3684831, 17.4341506], [78.3684175, 17.4340678], [78.3685492, 17.4339729]]]}, "properties": {"osm_id": 342266752, "building_type": "residential", "osm_height": null, "osm_levels": null, "name": null}}, {"type": "Feature", "geometry": {"type": "Polygon", "coordinates": [[[78.3685225, 17.4337482], [78.3685998, 17.4336833], [78.3687123, 17.4338054], [78.368635, 17.4338703], [78.3685225, 17.4337482]]]}, "properties": {"osm_id": 342266754, "building_type": "residential", "osm_height": null, "osm_levels": null, "name": null}}, {"type": "Feature", "geometry": {"type": "Polygon", "coordinates": [[[78.3687739, 17.4336966], [78.368826, 17.433755], [78.3689326, 17.4336685], [78.3688805, 17.4336101], [78.3687739, 17.4336966]]]}, "properties": {"osm_id": 342266755, "building_type": "residential", "osm_height": null, "osm_levels": null, "name": null}}, {"type": "Feature", "geometry": {"type": "Polygon", "coordinates": [[[78.3689415, 17.4335724], [78.3689997, 17.4336336], [78.3690877, 17.4335575], [78.3690294, 17.4334963], [78.3689415, 17.4335724]]]}, "properties": {"osm_id": 342266756, "building_type": "residential", "osm_height": null, "osm_levels": null, "name": null}}, {"type": "Feature", "geometry": {"type": "Polygon", "coordinates": [[[78.3678759, 17.4336569], [78.3679379, 17.4335928], [78.3680299, 17.4336721], [78.3679662, 17.4337363], [78.3678759, 17.4336569]]]}, "properties": {"osm_id": 342266757, "building_type": "residential", "osm_height": null, "osm_levels": null, "name": null}}, {"type": "Feature", "geometry": {"type": "Polygon", "coordinates": [[[78.3679565, 17.4335784], [78.3680184, 17.4335143], [78.3681104, 17.4335936], [78.3680467, 17.4336578], [78.3679565, 17.4335784]]]}, "properties": {"osm_id": 342266758, "building_type": "residential", "osm_height": null, "osm_levels": null, "name": null}}, {"type": "Feature", "geometry": {"type": "Polygon", "coordinates": [[[78.3680272, 17.4335075], [78.3680892, 17.4334434], [78.3681812, 17.4335227], [78.3681175, 17.4335869], [78.3680272, 17.4335075]]]}, "properties": {"osm_id": 342266759, "building_type": "residential", "osm_height": null, "osm_levels": null, "name": null}}, {"type": "Feature", "geometry": {"type": "Polygon", "coordinates": [[[78.3681037, 17.4334515], [78.3681581, 17.4333951], [78.36825, 17.4334744], [78.368194, 17.4335309], [78.3681037, 17.4334515]]]}, "properties": {"osm_id": 342266760, "building_type": "residential", "osm_height": null, "osm_levels": null, "name": null}}, {"type": "Feature", "geometry": {"type": "Polygon", "coordinates": [[[78.3681706, 17.4333749], [78.3682325, 17.4333107], [78.3683235, 17.4333938], [78.3682608, 17.4334542], [78.3681706, 17.4333749]]]}, "properties": {"osm_id": 342266761, "building_type": "residential", "osm_height": null, "osm_levels": null, "name": null}}, {"type": "Feature", "geometry": {"type": "Polygon", "coordinates": [[[78.3682502, 17.4333032], [78.3683162, 17.4332523], [78.3684097, 17.4333461], [78.3683474, 17.4333971], [78.3682502, 17.4333032]]]}, "properties": {"osm_id": 342266762, "building_type": "residential", "osm_height": null, "osm_levels": null, "name": null}}, {"type": "Feature", "geometry": {"type": "Polygon", "coordinates": [[[78.3683513, 17.4332165], [78.3684262, 17.4331524], [78.368503, 17.4332311], [78.3684356, 17.4332949], [78.3683513, 17.4332165]]]}, "properties": {"osm_id": 342266763, "building_type": "residential", "osm_height": null, "osm_levels": null, "name": null}}, {"type": "Feature", "geometry": {"type": "Polygon", "coordinates": [[[78.3680646, 17.4337058], [78.3681483, 17.4336314], [78.3682854, 17.4337719], [78.3682017, 17.4338463], [78.3680646, 17.4337058]]]}, "properties": {"osm_id": 342266764, "building_type": "residential", "osm_height": null, "osm_levels": null, "name": null}}, {"type": "Feature", "geometry": {"type": "Polygon", "coordinates": [[[78.3681619, 17.4336289], [78.3682456, 17.4335546], [78.3683827, 17.4336951], [78.368299, 17.4337694], [78.3681619, 17.4336289]]]}, "properties": {"osm_id": 342266765, "building_type": "residential", "osm_height": null, "osm_levels": null, "name": null}}, {"type": "Feature", "geometry": {"type": "Polygon", "coordinates": [[[78.3683286, 17.4334365], [78.3683966, 17.4333789], [78.3685562, 17.4335568], [78.3684872, 17.4336152], [78.3683286, 17.4334365]]]}, "properties": {"osm_id": 342266766, "building_type": "residential", "osm_height": null, "osm_levels": null, "name": null}}, {"type": "Feature", "geometry": {"type": "Polygon", "coordinates": [[[78.3685759, 17.4331927], [78.3686548, 17.433125], [78.3688147, 17.4333262], [78.3687366, 17.433385], [78.3685759, 17.4331927]]]}, "properties": {"osm_id": 342266767, "building_type": "residential", "osm_height": null, "osm_levels": null, "name": null}}, {"type": "Feature", "geometry": {"type": "Polygon", "coordinates": [[[78.3680026, 17.4339781], [78.3680835, 17.4340644], [78.3681927, 17.4339712], [78.3681118, 17.4338849], [78.3680026, 17.4339781]]]}, "properties": {"osm_id": 342266839, "building_type": "residential", "osm_height": null, "osm_levels": null, "name": null}}, {"type": "Feature", "geometry": {"type": "Polygon", "coordinates": [[[78.3678707, 17.4340951], [78.3679516, 17.4341814], [78.3680608, 17.4340882], [78.3679799, 17.4340019], [78.3678707, 17.4340951]]]}, "properties": {"osm_id": 342266840, "building_type": "residential", "osm_height": null, "osm_levels": null, "name": null}}, {"type": "Feature", "geometry": {"type": "Polygon", "coordinates": [[[78.3677875, 17.4344016], [78.3678684, 17.4344879], [78.3679776, 17.4343947], [78.3678966, 17.4343084], [78.3677875, 17.4344016]]]}, "properties": {"osm_id": 342266841, "building_type": "residential", "osm_height": null, "osm_levels": null, "name": null}}, {"type": "Feature", "geometry": {"type": "Polygon", "coordinates": [[[78.3686815, 17.4329082], [78.3687446, 17.4328519], [78.3688397, 17.4329556], [78.3687721, 17.4330072], [78.3686815, 17.4329082]]]}, "properties": {"osm_id": 342266843, "building_type": "residential", "osm_height": null, "osm_levels": null, "name": null}}, {"type": "Feature", "geometry": {"type": "Polygon", "coordinates": [[[78.3687492, 17.4328481], [78.3688397, 17.4327733], [78.3689365, 17.4328858], [78.3688507, 17.4329606], [78.3687492, 17.4328481]]]}, "properties": {"osm_id": 342266844, "building_type": "residential", "osm_height": null, "osm_levels": null, "name": null}}, {"type": "Feature", "geometry": {"type": "Polygon", "coordinates": [[[78.3690618, 17.4328373], [78.369144, 17.4329336], [78.3692832, 17.4328254], [78.369201, 17.4327291], [78.3690618, 17.4328373]]]}, "properties": {"osm_id": 342266845, "building_type": "commercial", "osm_height": null, "osm_levels": null, "name": null}}, {"type": "Feature", "geometry": {"type": "Polygon", "coordinates": [[[78.3694669, 17.4327006], [78.36954, 17.4326378], [78.3696157, 17.4327179], [78.3695425, 17.4327808], [78.3694669, 17.4327006]]]}, "properties": {"osm_id": 342266846, "building_type": "residential", "osm_height": null, "osm_levels": null, "name": null}}, {"type": "Feature", "geometry": {"type": "Polygon", "coordinates": [[[78.3693386, 17.4328011], [78.3694508, 17.4327085], [78.3695287, 17.4327943], [78.3694165, 17.4328869], [78.3693386, 17.4328011]]]}, "properties": {"osm_id": 342266847, "building_type": "residential", "osm_height": null, "osm_levels": null, "name": null}}, {"type": "Feature", "geometry": {"type": "Polygon", "coordinates": [[[78.3691933, 17.4329677], [78.3692425, 17.4330264], [78.3693285, 17.4329607], [78.3692793, 17.4329021], [78.3691933, 17.4329677]]]}, "properties": {"osm_id": 342266848, "building_type": "residential", "osm_height": null, "osm_levels": null, "name": null}}, {"type": "Feature", "geometry": {"type": "Polygon", "coordinates": [[[78.3678912, 17.4326452], [78.3679708, 17.4325831], [78.3681096, 17.4327452], [78.3680299, 17.4328073], [78.3678912, 17.4326452]]]}, "properties": {"osm_id": 342266860, "building_type": "residential", "osm_height": null, "osm_levels": null, "name": null}}, {"type": "Feature", "geometry": {"type": "Polygon", "coordinates": [[[78.3680171, 17.4328591], [78.3681827, 17.4330464], [78.3683108, 17.4329434], [78.3681453, 17.432756], [78.3680171, 17.4328591]]]}, "properties": {"osm_id": 342266861, "building_type": "residential", "osm_height": null, "osm_levels": null, "name": null}}, {"type": "Feature", "geometry": {"type": "Polygon", "coordinates": [[[78.3681588, 17.4327494], [78.3682282, 17.4328398], [78.3683627, 17.4327459], [78.3682933, 17.4326555], [78.3681588, 17.4327494]]]}, "properties": {"osm_id": 342266862, "building_type": "residential", "osm_height": null, "osm_levels": null, "name": null}}, {"type": "Feature", "geometry": {"type": "Polygon", "coordinates": [[[78.3683591, 17.4325781], [78.3684798, 17.4327393], [78.3687051, 17.4325909], [78.368579, 17.4324297], [78.3683591, 17.4325781]]]}, "properties": {"osm_id": 342266863, "building_type": "residential", "osm_height": null, "osm_levels": null, "name": null}}, {"type": "Feature", "geometry": {"type": "Polygon", "coordinates": [[[78.3695365, 17.4328667], [78.3697276, 17.4326893], [78.3698236, 17.4327835], [78.3696326, 17.4329609], [78.3695365, 17.4328667]]]}, "properties": {"osm_id": 342266919, "building_type": "residential", "osm_height": null, "osm_levels": null, "name": null}}, {"type": "Feature", "geometry": {"type": "Polygon", "coordinates": [[[78.3675908, 17.4337588], [78.3675048, 17.4336567], [78.3675856, 17.4335947], [78.3676716, 17.4336968], [78.3675908, 17.4337588]]]}, "properties": {"osm_id": 342266950, "building_type": "residential", "osm_height": null, "osm_levels": null, "name": null}}, {"type": "Feature", "geometry": {"type": "Polygon", "coordinates": [[[78.3687031, 17.432358], [78.368792, 17.4324705], [78.3688811, 17.4324064], [78.3687922, 17.4322939], [78.3687031, 17.432358]]]}, "properties": {"osm_id": 342267125, "building_type": "residential", "osm_height": null, "osm_levels": null, "name": null}}, {"type": "Feature", "geometry": {"type": "Polygon", "coordinates": [[[78.3688652, 17.4322376], [78.3689384, 17.4323307], [78.3690116, 17.4322822], [78.3689405, 17.4321853], [78.3688652, 17.4322376]]]}, "properties": {"osm_id": 342267126, "building_type": "residential", "osm_height": null, "osm_levels": null, "name": null}}, {"type": "Feature", "geometry": {"type": "Polygon", "coordinates": [[[78.3689544, 17.4321767], [78.3690276, 17.4322698], [78.3691008, 17.4322213], [78.3690296, 17.4321243], [78.3689544, 17.4321767]]]}, "properties": {"osm_id": 342267127, "building_type": "residential", "osm_height": null, "osm_levels": null, "name": null}}, {"type": "Feature", "geometry": {"type": "Polygon", "coordinates": [[[78.3690632, 17.4320987], [78.3691364, 17.4321918], [78.3692096, 17.4321433], [78.3691384, 17.4320464], [78.3690632, 17.4320987]]]}, "properties": {"osm_id": 342267128, "building_type": "residential", "osm_height": null, "osm_levels": null, "name": null}}, {"type": "Feature", "geometry": {"type": "Polygon", "coordinates": [[[78.3687712, 17.4320912], [78.3688444, 17.4321843], [78.3689175, 17.4321358], [78.3688496, 17.4320431], [78.368819, 17.4320644], [78.3687973, 17.4320361], [78.3687527, 17.4320671], [78.3687712, 17.4320912]]]}, "properties": {"osm_id": 342267129, "building_type": "residential", "osm_height": null, "osm_levels": null, "name": null}}, {"type": "Feature", "geometry": {"type": "Polygon", "coordinates": [[[78.3681917, 17.4321076], [78.3682618, 17.4321898], [78.3682557, 17.4321946], [78.3682917, 17.4322367], [78.3683725, 17.432178], [78.3682683, 17.4320498], [78.3681917, 17.4321076]]]}, "properties": {"osm_id": 342267130, "building_type": "residential", "osm_height": null, "osm_levels": null, "name": null}}, {"type": "Feature", "geometry": {"type": "Polygon", "coordinates": [[[78.3673286, 17.4322246], [78.3674018, 17.4323177], [78.367475, 17.4322692], [78.3674038, 17.4321722], [78.3673286, 17.4322246]]]}, "properties": {"osm_id": 342267131, "building_type": "residential", "osm_height": null, "osm_levels": null, "name": null}}, {"type": "Feature", "geometry": {"type": "Polygon", "coordinates": [[[78.3678333, 17.4323699], [78.3679023, 17.4324574], [78.3679617, 17.4324182], [78.3678947, 17.4323268], [78.3678333, 17.4323699]]]}, "properties": {"osm_id": 342267132, "building_type": "residential", "osm_height": null, "osm_levels": null, "name": null}}, {"type": "Feature", "geometry": {"type": "Polygon", "coordinates": [[[78.367227, 17.4328064], [78.3673002, 17.4328995], [78.3673734, 17.432851], [78.3673022, 17.432754], [78.367227, 17.4328064]]]}, "properties": {"osm_id": 342267133, "building_type": "residential", "osm_height": null, "osm_levels": null, "name": null}}, {"type": "Feature", "geometry": {"type": "Polygon", "coordinates": [[[78.3679365, 17.432297], [78.3680097, 17.4323901], [78.3680828, 17.4323416], [78.3680117, 17.4322446], [78.3679365, 17.432297]]]}, "properties": {"osm_id": 342267134, "building_type": "residential", "osm_height": null, "osm_levels": null, "name": null}}, {"type": "Feature", "geometry": {"type": "Polygon", "coordinates": [[[78.3680307, 17.4326135], [78.3681026, 17.4327088], [78.3681765, 17.432658], [78.3681046, 17.4325627], [78.3680307, 17.4326135]]]}, "properties": {"osm_id": 342267135, "building_type": "residential", "osm_height": null, "osm_levels": null, "name": null}}, {"type": "Feature", "geometry": {"type": "Polygon", "coordinates": [[[78.367411, 17.4330333], [78.3674619, 17.433098], [78.3675359, 17.433049], [78.3674861, 17.432981], [78.367411, 17.4330333]]]}, "properties": {"osm_id": 342267136, "building_type": "residential", "osm_height": null, "osm_levels": null, "name": null}}, {"type": "Feature", "geometry": {"type": "Polygon", "coordinates": [[[78.3671975, 17.4331531], [78.3672708, 17.4332463], [78.3673403, 17.4332002], [78.3672692, 17.4331032], [78.3671975, 17.4331531]]]}, "properties": {"osm_id": 342267138, "building_type": "residential", "osm_height": null, "osm_levels": null, "name": null}}, {"type": "Feature", "geometry": {"type": "Polygon", "coordinates": [[[78.367288, 17.4330832], [78.3673842, 17.4332054], [78.3674521, 17.4331604], [78.3673592, 17.4330337], [78.367288, 17.4330832]]]}, "properties": {"osm_id": 342267139, "building_type": "residential", "osm_height": null, "osm_levels": null, "name": null}}, {"type": "Feature", "geometry": {"type": "Polygon", "coordinates": [[[78.367412, 17.433489], [78.3674852, 17.4335821], [78.3675583, 17.4335336], [78.3674872, 17.4334367], [78.367412, 17.433489]]]}, "properties": {"osm_id": 342267140, "building_type": "residential", "osm_height": null, "osm_levels": null, "name": null}}, {"type": "Feature", "geometry": {"type": "Polygon", "coordinates": [[[78.3673589, 17.4337749], [78.3674358, 17.4338665], [78.3675069, 17.4338122], [78.36743, 17.4337206], [78.3673589, 17.4337749]]]}, "properties": {"osm_id": 342267141, "building_type": "residential", "osm_height": null, "osm_levels": null, "name": null}}, {"type": "Feature", "geometry": {"type": "Polygon", "coordinates": [[[78.3672735, 17.4338285], [78.3673504, 17.4339201], [78.3674214, 17.4338658], [78.3673445, 17.4337742], [78.3672735, 17.4338285]]]}, "properties": {"osm_id": 342267142, "building_type": "residential", "osm_height": null, "osm_levels": null, "name": null}}, {"type": "Feature", "geometry": {"type": "Polygon", "coordinates": [[[78.3670326, 17.4340219], [78.3671089, 17.4341139], [78.3671804, 17.43406], [78.367104, 17.433968], [78.3670326, 17.4340219]]]}, "properties": {"osm_id": 342267143, "building_type": "residential", "osm_height": null, "osm_levels": null, "name": null}}, {"type": "Feature", "geometry": {"type": "Polygon", "coordinates": [[[78.3669518, 17.4340803], [78.3670265, 17.4341735], [78.3670511, 17.4341557], [78.3670591, 17.4341656], [78.3671038, 17.4341331], [78.3670211, 17.4340297], [78.3669518, 17.4340803]]]}, "properties": {"osm_id": 342267144, "building_type": "residential", "osm_height": null, "osm_levels": null, "name": null}}, {"type": "Feature", "geometry": {"type": "Polygon", "coordinates": [[[78.3672018, 17.4340489], [78.3671128, 17.433948], [78.3671748, 17.4338982], [78.3672638, 17.433999], [78.3672018, 17.4340489]]]}, "properties": {"osm_id": 342267145, "building_type": "residential", "osm_height": null, "osm_levels": null, "name": null}}, {"type": "Feature", "geometry": {"type": "Polygon", "coordinates": [[[78.3671954, 17.4338905], [78.3672754, 17.4339833], [78.3673381, 17.4339339], [78.3672581, 17.4338412], [78.3671954, 17.4338905]]]}, "properties": {"osm_id": 342267146, "building_type": "residential", "osm_height": null, "osm_levels": null, "name": null}}, {"type": "Feature", "geometry": {"type": "Polygon", "coordinates": [[[78.3672469, 17.4340467], [78.3673729, 17.4339342], [78.3674786, 17.4340486], [78.3673526, 17.4341611], [78.3672469, 17.4340467]]]}, "properties": {"osm_id": 342267147, "building_type": "residential", "osm_height": null, "osm_levels": null, "name": null}}, {"type": "Feature", "geometry": {"type": "Polygon", "coordinates": [[[78.3672636, 17.433362], [78.3673266, 17.4334396], [78.3674465, 17.4333465], [78.3673876, 17.4332689], [78.3672636, 17.433362]]]}, "properties": {"osm_id": 342267149, "building_type": "residential", "osm_height": null, "osm_levels": null, "name": null}}, {"type": "Feature", "geometry": {"type": "Polygon", "coordinates": [[[78.3674689, 17.4333387], [78.3675319, 17.4334163], [78.3676518, 17.4333232], [78.3675929, 17.4332457], [78.3674689, 17.4333387]]]}, "properties": {"osm_id": 342267150, "building_type": "residential", "osm_height": null, "osm_levels": null, "name": null}}, {"type": "Feature", "geometry": {"type": "Polygon", "coordinates": [[[78.3674018, 17.4332573], [78.3674648, 17.4333349], [78.3675848, 17.4332418], [78.3675258, 17.4331642], [78.3674018, 17.4332573]]]}, "properties": {"osm_id": 342267151, "building_type": "residential", "osm_height": null, "osm_levels": null, "name": null}}, {"type": "Feature", "geometry": {"type": "Polygon", "coordinates": [[[78.3681257, 17.4324993], [78.3682604, 17.4324009], [78.3683758, 17.4325448], [78.3682411, 17.4326432], [78.3681257, 17.4324993]]]}, "properties": {"osm_id": 342267152, "building_type": "residential", "osm_height": null, "osm_levels": null, "name": null}}, {"type": "Feature", "geometry": {"type": "Polygon", "coordinates": [[[78.3683105, 17.4323765], [78.3684128, 17.4325029], [78.3685476, 17.4324037], [78.3684454, 17.4322773], [78.3683105, 17.4323765]]]}, "properties": {"osm_id": 342267153, "building_type": "residential", "osm_height": null, "osm_levels": null, "name": null}}, {"type": "Feature", "geometry": {"type": "Polygon", "coordinates": [[[78.3686235, 17.4319114], [78.3687272, 17.4318377], [78.3687698, 17.4318978], [78.3686662, 17.4319676], [78.3686235, 17.4319114]]]}, "properties": {"osm_id": 342267154, "building_type": "residential", "osm_height": null, "osm_levels": null, "name": null}}, {"type": "Feature", "geometry": {"type": "Polygon", "coordinates": [[[78.36856, 17.4318265], [78.3686637, 17.4317528], [78.3687064, 17.431813], [78.3686027, 17.4318828], [78.36856, 17.4318265]]]}, "properties": {"osm_id": 342267155, "building_type": "residential", "osm_height": null, "osm_levels": null, "name": null}}, {"type": "Feature", "geometry": {"type": "Polygon", "coordinates": [[[78.3685076, 17.4317494], [78.3685969, 17.4316859], [78.3686396, 17.431746], [78.3685503, 17.4318057], [78.3685076, 17.4317494]]]}, "properties": {"osm_id": 342267156, "building_type": "residential", "osm_height": null, "osm_levels": null, "name": null}}, {"type": "Feature", "geometry": {"type": "Polygon", "coordinates": [[[78.368553, 17.4316246], [78.3685957, 17.4316847], [78.3685175, 17.4317374], [78.3684998, 17.4317141], [78.3684742, 17.4317318], [78.3684493, 17.4316989], [78.368553, 17.4316246]]]}, "properties": {"osm_id": 342267157, "building_type": "residential", "osm_height": null, "osm_levels": null, "name": null}}, {"type": "Feature", "geometry": {"type": "Polygon", "coordinates": [[[78.3671308, 17.4321684], [78.3672398, 17.4320928], [78.3671737, 17.4320059], [78.3670646, 17.4320814], [78.3671308, 17.4321684]]]}, "properties": {"osm_id": 342269754, "building_type": "residential", "osm_height": null, "osm_levels": null, "name": null}}, {"type": "Feature", "geometry": {"type": "Polygon", "coordinates": [[[78.3672726, 17.4320773], [78.3673816, 17.4320017], [78.3673155, 17.4319148], [78.3672064, 17.4319903], [78.3672726, 17.4320773]]]}, "properties": {"osm_id": 342269763, "building_type": "residential", "osm_height": null, "osm_levels": null, "name": null}}, {"type": "Feature", "geometry": {"type": "Polygon", "coordinates": [[[78.3670632, 17.4320579], [78.3671722, 17.4319823], [78.3671061, 17.4318954], [78.366997, 17.4319709], [78.3670632, 17.4320579]]]}, "properties": {"osm_id": 342269764, "building_type": "residential", "osm_height": null, "osm_levels": null, "name": null}}, {"type": "Feature", "geometry": {"type": "Polygon", "coordinates": [[[78.3671951, 17.4319516], [78.3673204, 17.4318653], [78.3672683, 17.4317965], [78.367143, 17.4318828], [78.3671951, 17.4319516]]]}, "properties": {"osm_id": 342269765, "building_type": "residential", "osm_height": null, "osm_levels": null, "name": null}}, {"type": "Feature", "geometry": {"type": "Polygon", "coordinates": [[[78.3671047, 17.4318547], [78.3672399, 17.4317503], [78.3671701, 17.4316681], [78.367035, 17.4317726], [78.3671047, 17.4318547]]]}, "properties": {"osm_id": 342269766, "building_type": "residential", "osm_height": null, "osm_levels": null, "name": null}}, {"type": "Feature", "geometry": {"type": "Polygon", "coordinates": [[[78.3669717, 17.4319474], [78.3670807, 17.4318718], [78.3670146, 17.4317849], [78.3669055, 17.4318604], [78.3669717, 17.4319474]]]}, "properties": {"osm_id": 342269767, "building_type": "residential", "osm_height": null, "osm_levels": null, "name": null}}, {"type": "Feature", "geometry": {"type": "Polygon", "coordinates": [[[78.3669518, 17.4309014], [78.367098, 17.4308086], [78.3670511, 17.4307413], [78.3669049, 17.4308341], [78.3669518, 17.4309014]]]}, "properties": {"osm_id": 342270842, "building_type": "residential", "osm_height": null, "osm_levels": null, "name": null}}, {"type": "Feature", "geometry": {"type": "Polygon", "coordinates": [[[78.367871, 17.4305012], [78.3678969, 17.430484], [78.3679468, 17.4305026], [78.3680668, 17.4306347], [78.3680284, 17.4306664], [78.3679845, 17.4306179], [78.3679588, 17.4306209], [78.367871, 17.4305012]]]}, "properties": {"osm_id": 342271018, "building_type": "residential", "osm_height": null, "osm_levels": null, "name": null}}, {"type": "Feature", "geometry": {"type": "Polygon", "coordinates": [[[78.3678245, 17.4305269], [78.367851, 17.430509], [78.3678012, 17.4304421], [78.3677747, 17.4304601], [78.3678245, 17.4305269]]]}, "properties": {"osm_id": 342271021, "building_type": "residential", "osm_height": null, "osm_levels": null, "name": null}}, {"type": "Feature", "geometry": {"type": "Polygon", "coordinates": [[[78.3673164, 17.4309012], [78.3674474, 17.4308163], [78.3673964, 17.4307448], [78.3672655, 17.4308297], [78.3673164, 17.4309012]]]}, "properties": {"osm_id": 342271047, "building_type": "residential", "osm_height": null, "osm_levels": null, "name": null}}, {"type": "Feature", "geometry": {"type": "Polygon", "coordinates": [[[78.3674805, 17.430811], [78.3674198, 17.4307296], [78.3675563, 17.430637], [78.367617, 17.4307184], [78.3674805, 17.430811]]]}, "properties": {"osm_id": 342271094, "building_type": "residential", "osm_height": null, "osm_levels": null, "name": null}}, {"type": "Feature", "geometry": {"type": "Polygon", "coordinates": [[[78.3673728, 17.4310019], [78.3674859, 17.430932], [78.3674377, 17.430861], [78.3673246, 17.4309309], [78.3673728, 17.4310019]]]}, "properties": {"osm_id": 342271107, "building_type": "residential", "osm_height": null, "osm_levels": null, "name": null}}, {"type": "Feature", "geometry": {"type": "Polygon", "coordinates": [[[78.3676262, 17.4308596], [78.3676957, 17.4308144], [78.3676516, 17.4307527], [78.3675821, 17.4307979], [78.3676262, 17.4308596]]]}, "properties": {"osm_id": 342271322, "building_type": "residential", "osm_height": null, "osm_levels": null, "name": null}}, {"type": "Feature", "geometry": {"type": "Polygon", "coordinates": [[[78.3677123, 17.4309581], [78.3677713, 17.4309196], [78.367706, 17.4308286], [78.367647, 17.4308671], [78.3677123, 17.4309581]]]}, "properties": {"osm_id": 342271336, "building_type": "residential", "osm_height": null, "osm_levels": null, "name": null}}, {"type": "Feature", "geometry": {"type": "Polygon", "coordinates": [[[78.3676214, 17.4310229], [78.3676984, 17.4309755], [78.3676292, 17.4308732], [78.3675522, 17.4309206], [78.3676214, 17.4310229]]]}, "properties": {"osm_id": 342271338, "building_type": "residential", "osm_height": null, "osm_levels": 4, "name": null, "addr_housenumber": "194"}}, {"type": "Feature", "geometry": {"type": "Polygon", "coordinates": [[[78.367533, 17.4310591], [78.36761, 17.4310117], [78.3675453, 17.430916], [78.3674683, 17.4309634], [78.367533, 17.4310591]]]}, "properties": {"osm_id": 342271344, "building_type": "residential", "osm_height": null, "osm_levels": null, "name": null}}, {"type": "Feature", "geometry": {"type": "Polygon", "coordinates": [[[78.3670109, 17.4313059], [78.366967, 17.4312413], [78.3671076, 17.4311543], [78.3671515, 17.4312188], [78.3670109, 17.4313059]]]}, "properties": {"osm_id": 342271409, "building_type": "residential", "osm_height": null, "osm_levels": null, "name": null}}, {"type": "Feature", "geometry": {"type": "Polygon", "coordinates": [[[78.3670654, 17.4314035], [78.3672163, 17.4313011], [78.3671756, 17.4312465], [78.3670247, 17.431349], [78.3670654, 17.4314035]]]}, "properties": {"osm_id": 342271442, "building_type": "residential", "osm_height": null, "osm_levels": null, "name": null}}, {"type": "Feature", "geometry": {"type": "Polygon", "coordinates": [[[78.3683238, 17.4315256], [78.3684529, 17.4314483], [78.3683924, 17.4313564], [78.3682568, 17.4314377], [78.3683173, 17.4315295], [78.3683238, 17.4315256]]]}, "properties": {"osm_id": 342271488, "building_type": "residential", "osm_height": null, "osm_levels": null, "name": null}}, {"type": "Feature", "geometry": {"type": "Polygon", "coordinates": [[[78.3685481, 17.4315455], [78.3686711, 17.4314595], [78.3686153, 17.431387], [78.3684924, 17.431473], [78.3685481, 17.4315455]]]}, "properties": {"osm_id": 342271493, "building_type": "residential", "osm_height": null, "osm_levels": null, "name": null}}, {"type": "Feature", "geometry": {"type": "Polygon", "coordinates": [[[78.3682331, 17.4313934], [78.3683586, 17.4313109], [78.3682976, 17.4312266], [78.3681721, 17.4313092], [78.3682331, 17.4313934]]]}, "properties": {"osm_id": 342271559, "building_type": "residential", "osm_height": null, "osm_levels": null, "name": null}}, {"type": "Feature", "geometry": {"type": "Polygon", "coordinates": [[[78.3681268, 17.4312735], [78.3679886, 17.4310906], [78.3681229, 17.4309982], [78.3682611, 17.4311811], [78.3681268, 17.4312735]]]}, "properties": {"osm_id": 342271574, "building_type": "residential", "osm_height": null, "osm_levels": null, "name": null}}, {"type": "Feature", "geometry": {"type": "Polygon", "coordinates": [[[78.368063, 17.4308951], [78.3681577, 17.4308252], [78.3681026, 17.4307574], [78.3680079, 17.4308274], [78.368063, 17.4308951]]]}, "properties": {"osm_id": 342271623, "building_type": "residential", "osm_height": null, "osm_levels": null, "name": null}}, {"type": "Feature", "geometry": {"type": "Polygon", "coordinates": [[[78.3681366, 17.4309568], [78.3682144, 17.4308986], [78.3681764, 17.4308524], [78.3680986, 17.4309106], [78.3681366, 17.4309568]]]}, "properties": {"osm_id": 342271669, "building_type": "residential", "osm_height": null, "osm_levels": null, "name": null}}, {"type": "Feature", "geometry": {"type": "Polygon", "coordinates": [[[78.3679237, 17.4310107], [78.3679872, 17.4309597], [78.3679259, 17.4308901], [78.3678624, 17.4309411], [78.3679237, 17.4310107]]]}, "properties": {"osm_id": 342271670, "building_type": "residential", "osm_height": null, "osm_levels": null, "name": null}}, {"type": "Feature", "geometry": {"type": "Polygon", "coordinates": [[[78.3682648, 17.4318977], [78.3683663, 17.4318205], [78.3683018, 17.4317432], [78.3682002, 17.4318205], [78.3682648, 17.4318977]]]}, "properties": {"osm_id": 342271727, "building_type": "residential", "osm_height": null, "osm_levels": null, "name": null}}, {"type": "Feature", "geometry": {"type": "Polygon", "coordinates": [[[78.3681869, 17.4318027], [78.3683015, 17.4317156], [78.3682303, 17.4316303], [78.3681157, 17.4317176], [78.3681869, 17.4318027]]]}, "properties": {"osm_id": 342271743, "building_type": "residential", "osm_height": null, "osm_levels": null, "name": null}}, {"type": "Feature", "geometry": {"type": "Polygon", "coordinates": [[[78.3680981, 17.43168], [78.3681948, 17.4316064], [78.3681303, 17.4315291], [78.3680335, 17.4316028], [78.3680981, 17.43168]]]}, "properties": {"osm_id": 342271744, "building_type": "residential", "osm_height": null, "osm_levels": null, "name": null}}, {"type": "Feature", "geometry": {"type": "Polygon", "coordinates": [[[78.368026, 17.4315778], [78.3681131, 17.4315161], [78.3680799, 17.4314733], [78.3679927, 17.431535], [78.368026, 17.4315778]]]}, "properties": {"osm_id": 342271778, "building_type": "residential", "osm_height": null, "osm_levels": null, "name": null}}, {"type": "Feature", "geometry": {"type": "Polygon", "coordinates": [[[78.3678815, 17.4316679], [78.3679834, 17.4315993], [78.3679377, 17.4315375], [78.3678358, 17.431606], [78.3678815, 17.4316679]]]}, "properties": {"osm_id": 342271786, "building_type": "residential", "osm_height": null, "osm_levels": null, "name": null}}, {"type": "Feature", "geometry": {"type": "Polygon", "coordinates": [[[78.3677951, 17.4315877], [78.367733, 17.4314987], [78.3678517, 17.4314234], [78.3679137, 17.4315123], [78.3677951, 17.4315877]]]}, "properties": {"osm_id": 342271788, "building_type": "residential", "osm_height": null, "osm_levels": null, "name": null}}, {"type": "Feature", "geometry": {"type": "Polygon", "coordinates": [[[78.3680193, 17.4314657], [78.3680764, 17.4314275], [78.3680181, 17.4313482], [78.367961, 17.4313864], [78.3680193, 17.4314657]]]}, "properties": {"osm_id": 342271853, "building_type": "residential", "osm_height": null, "osm_levels": null, "name": null}}, {"type": "Feature", "geometry": {"type": "Polygon", "coordinates": [[[78.3677413, 17.4314768], [78.3678472, 17.4314077], [78.3678066, 17.4313509], [78.3677006, 17.43142], [78.3677413, 17.4314768]]]}, "properties": {"osm_id": 342271864, "building_type": "residential", "osm_height": null, "osm_levels": null, "name": null}}, {"type": "Feature", "geometry": {"type": "Polygon", "coordinates": [[[78.3676645, 17.4313712], [78.3677924, 17.4312883], [78.3677099, 17.4311723], [78.3675819, 17.4312552], [78.3676645, 17.4313712]]]}, "properties": {"osm_id": 342271866, "building_type": "residential", "osm_height": null, "osm_levels": null, "name": null}}, {"type": "Feature", "geometry": {"type": "Polygon", "coordinates": [[[78.3676008, 17.431233], [78.3677161, 17.4311578], [78.3676661, 17.431088], [78.3675583, 17.4311583], [78.3675816, 17.4311907], [78.367574, 17.4311956], [78.3676008, 17.431233]]]}, "properties": {"osm_id": 342271869, "building_type": "residential", "osm_height": null, "osm_levels": null, "name": null}}, {"type": "Feature", "geometry": {"type": "Polygon", "coordinates": [[[78.3679017, 17.4313685], [78.3680253, 17.4312861], [78.3679831, 17.4312285], [78.3678594, 17.4313109], [78.3679017, 17.4313685]]]}, "properties": {"osm_id": 342271874, "building_type": "residential", "osm_height": null, "osm_levels": null, "name": null}}, {"type": "Feature", "geometry": {"type": "Polygon", "coordinates": [[[78.3678454, 17.4313028], [78.367969, 17.4312204], [78.3679268, 17.4311628], [78.3678031, 17.4312452], [78.3678454, 17.4313028]]]}, "properties": {"osm_id": 342271909, "building_type": "residential", "osm_height": null, "osm_levels": null, "name": null}}, {"type": "Feature", "geometry": {"type": "Polygon", "coordinates": [[[78.3677767, 17.4312112], [78.3678947, 17.4311254], [78.367842, 17.4310595], [78.367724, 17.4311452], [78.3677767, 17.4312112]]]}, "properties": {"osm_id": 342271911, "building_type": "residential", "osm_height": null, "osm_levels": null, "name": null}}, {"type": "Feature", "geometry": {"type": "Polygon", "coordinates": [[[78.3672407, 17.4315193], [78.3671591, 17.4314246], [78.3672324, 17.4313671], [78.3673139, 17.4314619], [78.3672407, 17.4315193]]]}, "properties": {"osm_id": 342271942, "building_type": "residential", "osm_height": null, "osm_levels": null, "name": null}}, {"type": "Feature", "geometry": {"type": "Polygon", "coordinates": [[[78.3674174, 17.4314417], [78.3675377, 17.4313633], [78.3674483, 17.4312385], [78.367328, 17.4313168], [78.3674174, 17.4314417]]]}, "properties": {"osm_id": 342271944, "building_type": "residential", "osm_height": null, "osm_levels": null, "name": null}}, {"type": "Feature", "geometry": {"type": "Polygon", "coordinates": [[[78.367495, 17.4315874], [78.3676043, 17.4315253], [78.3675607, 17.4314555], [78.3674515, 17.4315176], [78.367495, 17.4315874]]]}, "properties": {"osm_id": 342271945, "building_type": "residential", "osm_height": null, "osm_levels": null, "name": null}}, {"type": "Feature", "geometry": {"type": "Polygon", "coordinates": [[[78.3673848, 17.4317417], [78.3674804, 17.4316854], [78.3674477, 17.4316346], [78.367352, 17.4316909], [78.3673848, 17.4317417]]]}, "properties": {"osm_id": 342271952, "building_type": "residential", "osm_height": null, "osm_levels": null, "name": null}}, {"type": "Feature", "geometry": {"type": "Polygon", "coordinates": [[[78.3674387, 17.4318484], [78.3675408, 17.4317782], [78.367495, 17.4317175], [78.3673929, 17.4317877], [78.3674387, 17.4318484]]]}, "properties": {"osm_id": 342271962, "building_type": "residential", "osm_height": null, "osm_levels": null, "name": null}}, {"type": "Feature", "geometry": {"type": "Polygon", "coordinates": [[[78.367505, 17.4319393], [78.3676256, 17.4318491], [78.3675635, 17.4317735], [78.367443, 17.4318637], [78.367505, 17.4319393]]]}, "properties": {"osm_id": 342271966, "building_type": "residential", "osm_height": null, "osm_levels": null, "name": null}}, {"type": "Feature", "geometry": {"type": "Polygon", "coordinates": [[[78.3676179, 17.43206], [78.3677262, 17.4319826], [78.3676584, 17.4318961], [78.3675501, 17.4319734], [78.3676179, 17.43206]]]}, "properties": {"osm_id": 342271967, "building_type": "residential", "osm_height": null, "osm_levels": null, "name": null}}, {"type": "Feature", "geometry": {"type": "Polygon", "coordinates": [[[78.3676742, 17.4321571], [78.3677874, 17.4320759], [78.3677275, 17.4319997], [78.3676142, 17.4320808], [78.3676742, 17.4321571]]]}, "properties": {"osm_id": 342271982, "building_type": "residential", "osm_height": null, "osm_levels": null, "name": null}}, {"type": "Feature", "geometry": {"type": "Polygon", "coordinates": [[[78.3676645, 17.4318539], [78.3676041, 17.4317703], [78.3677237, 17.4316917], [78.3677841, 17.4317753], [78.3676645, 17.4318539]]]}, "properties": {"osm_id": 342271983, "building_type": "residential", "osm_height": null, "osm_levels": null, "name": null}}, {"type": "Feature", "geometry": {"type": "Polygon", "coordinates": [[[78.3678195, 17.432012], [78.3677649, 17.4319371], [78.3678842, 17.431858], [78.3679387, 17.431933], [78.3678195, 17.432012]]]}, "properties": {"osm_id": 342271984, "building_type": "residential", "osm_height": null, "osm_levels": null, "name": null}}, {"type": "Feature", "geometry": {"type": "Polygon", "coordinates": [[[78.3678278, 17.4323107], [78.3677732, 17.4322358], [78.3678925, 17.4321567], [78.367947, 17.4322317], [78.3678278, 17.4323107]]]}, "properties": {"osm_id": 342271986, "building_type": "residential", "osm_height": null, "osm_levels": null, "name": null}}, {"type": "Feature", "geometry": {"type": "Polygon", "coordinates": [[[78.3670116, 17.4329547], [78.3670958, 17.4328998], [78.3670145, 17.4327863], [78.3669303, 17.4328411], [78.3670116, 17.4329547]]]}, "properties": {"osm_id": 342272798, "building_type": "residential", "osm_height": null, "osm_levels": null, "name": null}}, {"type": "Feature", "geometry": {"type": "Polygon", "coordinates": [[[78.3671047, 17.4328491], [78.3671889, 17.4327942], [78.3671076, 17.4326807], [78.3670234, 17.4327355], [78.3671047, 17.4328491]]]}, "properties": {"osm_id": 342272799, "building_type": "residential", "osm_height": null, "osm_levels": null, "name": null}}, {"type": "Feature", "geometry": {"type": "Polygon", "coordinates": [[[78.3672047, 17.4327845], [78.3672889, 17.4327296], [78.3672076, 17.4326161], [78.3671234, 17.4326709], [78.3672047, 17.4327845]]]}, "properties": {"osm_id": 342272800, "building_type": "residential", "osm_height": null, "osm_levels": null, "name": null}}, {"type": "Feature", "geometry": {"type": "Polygon", "coordinates": [[[78.3672976, 17.4327119], [78.3673912, 17.4326509], [78.3673099, 17.4325374], [78.3672163, 17.4325983], [78.3672976, 17.4327119]]]}, "properties": {"osm_id": 342272801, "building_type": "residential", "osm_height": null, "osm_levels": null, "name": null}}, {"type": "Feature", "geometry": {"type": "Polygon", "coordinates": [[[78.3674153, 17.4328574], [78.3674995, 17.4328025], [78.3674182, 17.432689], [78.367334, 17.4327438], [78.3674153, 17.4328574]]]}, "properties": {"osm_id": 342272802, "building_type": "residential", "osm_height": null, "osm_levels": null, "name": null}}, {"type": "Feature", "geometry": {"type": "Polygon", "coordinates": [[[78.367407, 17.4326236], [78.3674912, 17.4325687], [78.3674099, 17.4324552], [78.3673257, 17.43251], [78.367407, 17.4326236]]]}, "properties": {"osm_id": 342272804, "building_type": "residential", "osm_height": null, "osm_levels": null, "name": null}}, {"type": "Feature", "geometry": {"type": "Polygon", "coordinates": [[[78.3676205, 17.4327103], [78.3677047, 17.4326554], [78.3676234, 17.4325419], [78.3675392, 17.4325967], [78.3676205, 17.4327103]]]}, "properties": {"osm_id": 342272806, "building_type": "residential", "osm_height": null, "osm_levels": null, "name": null}}, {"type": "Feature", "geometry": {"type": "Polygon", "coordinates": [[[78.3675266, 17.4325644], [78.3676108, 17.4325095], [78.3675295, 17.432396], [78.3674453, 17.4324508], [78.3675266, 17.4325644]]]}, "properties": {"osm_id": 342272807, "building_type": "residential", "osm_height": null, "osm_levels": null, "name": null}}, {"type": "Feature", "geometry": {"type": "Polygon", "coordinates": [[[78.3670087, 17.4337262], [78.3669498, 17.4336561], [78.3670705, 17.4335637], [78.3671294, 17.4336337], [78.3670087, 17.4337262]]]}, "properties": {"osm_id": 342273096, "building_type": "residential", "osm_height": null, "osm_levels": null, "name": null}}, {"type": "Feature", "geometry": {"type": "Polygon", "coordinates": [[[78.3671174, 17.4338401], [78.3670488, 17.4337583], [78.3671646, 17.4336701], [78.3672331, 17.4337518], [78.3671174, 17.4338401]]]}, "properties": {"osm_id": 342273097, "building_type": "residential", "osm_height": null, "osm_levels": null, "name": null}}, {"type": "Feature", "geometry": {"type": "Polygon", "coordinates": [[[78.3672297, 17.4337151], [78.3671596, 17.4336345], [78.3672737, 17.4335443], [78.3673437, 17.4336248], [78.3672297, 17.4337151]]]}, "properties": {"osm_id": 342273112, "building_type": "residential", "osm_height": null, "osm_levels": null, "name": null}}, {"type": "Feature", "geometry": {"type": "Polygon", "coordinates": [[[78.3670517, 17.4353923], [78.367146, 17.4353348], [78.3670695, 17.435226], [78.3669767, 17.4352804], [78.3670517, 17.4353923]]]}, "properties": {"osm_id": 342273396, "building_type": "residential", "osm_height": null, "osm_levels": null, "name": null}}, {"type": "Feature", "geometry": {"type": "Polygon", "coordinates": [[[78.3671194, 17.4354781], [78.3670819, 17.4354256], [78.3671782, 17.435363], [78.3672157, 17.4354155], [78.3671194, 17.4354781]]]}, "properties": {"osm_id": 342273418, "building_type": "residential", "osm_height": null, "osm_levels": null, "name": null}}, {"type": "Feature", "geometry": {"type": "Polygon", "coordinates": [[[78.3669654, 17.4355675], [78.3670012, 17.4355445], [78.3670936, 17.4354854], [78.3670349, 17.4354018], [78.3669067, 17.4354839], [78.3669339, 17.4355226], [78.3669654, 17.4355675]]]}, "properties": {"osm_id": 342273421, "building_type": "residential", "osm_height": null, "osm_levels": null, "name": null}}, {"type": "Feature", "geometry": {"type": "Polygon", "coordinates": [[[78.3671459, 17.4344063], [78.3672318, 17.4343445], [78.3671742, 17.4342716], [78.3670883, 17.4343333], [78.3671459, 17.4344063]]]}, "properties": {"osm_id": 342273850, "building_type": "residential", "osm_height": null, "osm_levels": null, "name": null}}, {"type": "Feature", "geometry": {"type": "Polygon", "coordinates": [[[78.3672157, 17.434492], [78.3673016, 17.4344302], [78.367244, 17.4343573], [78.3671581, 17.434419], [78.3672157, 17.434492]]]}, "properties": {"osm_id": 342273861, "building_type": "residential", "osm_height": null, "osm_levels": null, "name": null}}, {"type": "Feature", "geometry": {"type": "Polygon", "coordinates": [[[78.3672511, 17.4343532], [78.367337, 17.4342914], [78.3672794, 17.4342185], [78.3671935, 17.4342802], [78.3672511, 17.4343532]]]}, "properties": {"osm_id": 342273862, "building_type": "residential", "osm_height": null, "osm_levels": null, "name": null}}, {"type": "Feature", "geometry": {"type": "Polygon", "coordinates": [[[78.367545, 17.4342218], [78.3676218, 17.4341698], [78.3675355, 17.4340537], [78.3674586, 17.4341057], [78.367545, 17.4342218]]]}, "properties": {"osm_id": 342273872, "building_type": "residential", "osm_height": null, "osm_levels": null, "name": null}}, {"type": "Feature", "geometry": {"type": "Polygon", "coordinates": [[[78.3676349, 17.4341575], [78.3677117, 17.4341055], [78.3676254, 17.4339894], [78.3675485, 17.4340414], [78.3676349, 17.4341575]]]}, "properties": {"osm_id": 342273897, "building_type": "residential", "osm_height": null, "osm_levels": null, "name": null}}, {"type": "Feature", "geometry": {"type": "Polygon", "coordinates": [[[78.3678988, 17.4340412], [78.3679686, 17.4339808], [78.3678684, 17.4338754], [78.3677985, 17.4339358], [78.3678988, 17.4340412]]]}, "properties": {"osm_id": 342273898, "building_type": "residential", "osm_height": null, "osm_levels": null, "name": null}}, {"type": "Feature", "geometry": {"type": "Polygon", "coordinates": [[[78.3711976, 17.4370949], [78.3713556, 17.437102], [78.3713572, 17.4370705], [78.3713881, 17.4370719], [78.3713861, 17.4371111], [78.3715253, 17.4371174], [78.3715318, 17.4369844], [78.371488, 17.4369825], [78.3714905, 17.4369319], [78.371599, 17.4369367], [78.3716061, 17.4367942], [78.3714561, 17.4367874], [78.3714529, 17.4368529], [78.3713936, 17.4368502], [78.3713952, 17.4368174], [78.3712521, 17.436811], [78.3712453, 17.4369489], [78.3712049, 17.4369471], [78.3711976, 17.4370949]]]}, "properties": {"osm_id": 356199905, "building_type": "yes", "osm_height": null, "osm_levels": null, "name": null}}, {"type": "Feature", "geometry": {"type": "Polygon", "coordinates": [[[78.3716416, 17.4371353], [78.3717804, 17.4371355], [78.3717783, 17.4370977], [78.371837, 17.4370948], [78.3718385, 17.4371232], [78.3719898, 17.4371158], [78.3719829, 17.4369868], [78.3720502, 17.4369835], [78.3720428, 17.4368447], [78.3718885, 17.4368523], [78.3718896, 17.4368724], [78.3718546, 17.4368741], [78.3718517, 17.4368205], [78.3717124, 17.4368203], [78.3717087, 17.4369611], [78.3717701, 17.4369581], [78.3717714, 17.4369826], [78.3716413, 17.4369889], [78.3716416, 17.4371353]]]}, "properties": {"osm_id": 356199950, "building_type": "yes", "osm_height": null, "osm_levels": null, "name": null}}, {"type": "Feature", "geometry": {"type": "Polygon", "coordinates": [[[78.3715725, 17.4367358], [78.3717335, 17.4367369], [78.3717339, 17.4366879], [78.3717962, 17.4366883], [78.3717958, 17.4367374], [78.3719453, 17.4367385], [78.3719463, 17.4366109], [78.3718556, 17.4366103], [78.371856, 17.4365674], [78.3719744, 17.4365682], [78.3719754, 17.4364399], [78.3718345, 17.4364389], [78.3718339, 17.4365047], [78.371801, 17.4365044], [78.3718015, 17.4364429], [78.3716565, 17.4364418], [78.3716553, 17.4365818], [78.3715738, 17.4365812], [78.3715725, 17.4367358]]]}, "properties": {"osm_id": 356199960, "building_type": "yes", "osm_height": null, "osm_levels": null, "name": null}}, {"type": "Feature", "geometry": {"type": "Polygon", "coordinates": [[[78.3720269, 17.4367496], [78.3721697, 17.4367483], [78.3721683, 17.4367194], [78.3721956, 17.4367182], [78.372197, 17.4367471], [78.3723363, 17.436741], [78.3723293, 17.4365952], [78.3724333, 17.4365989], [78.3724291, 17.4364618], [78.3722734, 17.4364686], [78.3722753, 17.436509], [78.3722036, 17.4365121], [78.3722001, 17.4364404], [78.3720663, 17.4364467], [78.3720628, 17.4365777], [78.3721394, 17.4365743], [78.3721413, 17.4366155], [78.3720273, 17.4366204], [78.3720269, 17.4367496]]]}, "properties": {"osm_id": 356199970, "building_type": "yes", "osm_height": null, "osm_levels": null, "name": null}}, {"type": "Feature", "geometry": {"type": "Polygon", "coordinates": [[[78.3711688, 17.4376617], [78.3715152, 17.4376691], [78.3715186, 17.4375234], [78.371647, 17.4375261], [78.3716506, 17.4373719], [78.371702, 17.437373], [78.3717051, 17.4372385], [78.3715447, 17.4372351], [78.3715446, 17.4372115], [78.3713999, 17.4372082], [78.3713892, 17.4373571], [78.371434, 17.437358], [78.371431, 17.4374883], [78.3712731, 17.4374849], [78.3712763, 17.4373499], [78.3713073, 17.4373505], [78.371311, 17.4371916], [78.3711559, 17.4371883], [78.3711551, 17.4372268], [78.3709995, 17.4372235], [78.370996, 17.4373742], [78.3710475, 17.4373753], [78.3710445, 17.437507], [78.3712382, 17.4375111], [78.3712374, 17.4375473], [78.3711715, 17.4375459], [78.3711688, 17.4376617]]]}, "properties": {"osm_id": 356199979, "building_type": "yes", "osm_height": null, "osm_levels": null, "name": null}}, {"type": "Feature", "geometry": {"type": "Polygon", "coordinates": [[[78.369837, 17.437322], [78.3700188, 17.4372249], [78.3699768, 17.4371534], [78.3701099, 17.4370822], [78.3701519, 17.4371538], [78.3703556, 17.4370449], [78.3702511, 17.4368668], [78.3697324, 17.4371439], [78.369837, 17.437322]]]}, "properties": {"osm_id": 356200274, "building_type": "yes", "osm_height": null, "osm_levels": null, "name": null}}, {"type": "Feature", "geometry": {"type": "Polygon", "coordinates": [[[78.3870321, 17.4367542], [78.387198, 17.4368111], [78.3872073, 17.4367864], [78.3872575, 17.4368037], [78.3872765, 17.4367531], [78.3873327, 17.4367724], [78.3873198, 17.4368067], [78.3873713, 17.4368244], [78.3873497, 17.4368816], [78.3875335, 17.4369446], [78.3876454, 17.4366477], [78.3874939, 17.4365958], [78.3874657, 17.4366707], [78.3874351, 17.4366602], [78.3874534, 17.4366117], [78.3873008, 17.4365594], [78.3872599, 17.4366683], [78.38723, 17.436658], [78.3872653, 17.4365645], [78.387122, 17.4365153], [78.3870321, 17.4367542]]]}, "properties": {"osm_id": 356201447, "building_type": "apartments", "osm_height": null, "osm_levels": 6, "name": "Sumukhi Orbit"}}, {"type": "Feature", "geometry": {"type": "Polygon", "coordinates": [[[78.387727, 17.43613], [78.3878083, 17.4361263], [78.387807, 17.4361], [78.3877257, 17.4361037], [78.387727, 17.43613]]]}, "properties": {"osm_id": 356201464, "building_type": "yes", "osm_height": null, "osm_levels": null, "name": null}}, {"type": "Feature", "geometry": {"type": "Polygon", "coordinates": [[[78.3873686, 17.4372792], [78.3874002, 17.4372952], [78.3874251, 17.4372507], [78.3873935, 17.4372346], [78.3873686, 17.4372792]]]}, "properties": {"osm_id": 356201503, "building_type": "yes", "osm_height": null, "osm_levels": null, "name": null}}, {"type": "Feature", "geometry": {"type": "Polygon", "coordinates": [[[78.3881747, 17.4358185], [78.3883096, 17.4358169], [78.3883083, 17.4357176], [78.3881734, 17.4357192], [78.3881747, 17.4358185]]]}, "properties": {"osm_id": 356201517, "building_type": "yes", "osm_height": null, "osm_levels": null, "name": null}}, {"type": "Feature", "geometry": {"type": "Polygon", "coordinates": [[[78.3874814, 17.4361789], [78.3876359, 17.4361749], [78.387635, 17.4361426], [78.3874804, 17.4361467], [78.3874814, 17.4361789]]]}, "properties": {"osm_id": 356201522, "building_type": "yes", "osm_height": null, "osm_levels": null, "name": null}}, {"type": "Feature", "geometry": {"type": "Polygon", "coordinates": [[[78.387639, 17.4361366], [78.387719, 17.436133], [78.3877174, 17.4361003], [78.3876374, 17.4361039], [78.387639, 17.4361366]]]}, "properties": {"osm_id": 356201561, "building_type": "yes", "osm_height": null, "osm_levels": null, "name": null}}, {"type": "Feature", "geometry": {"type": "Polygon", "coordinates": [[[78.3878309, 17.4361286], [78.3879151, 17.4361267], [78.3879145, 17.4361001], [78.3878303, 17.4361019], [78.3878309, 17.4361286]]]}, "properties": {"osm_id": 356201567, "building_type": "yes", "osm_height": null, "osm_levels": null, "name": null}}, {"type": "Feature", "geometry": {"type": "Polygon", "coordinates": [[[78.3874495, 17.4370927], [78.3875019, 17.4371184], [78.3875595, 17.4370112], [78.3875071, 17.4369856], [78.3874495, 17.4370927]]]}, "properties": {"osm_id": 356201602, "building_type": "yes", "osm_height": null, "osm_levels": null, "name": null}}, {"type": "Feature", "geometry": {"type": "Polygon", "coordinates": [[[78.3880117, 17.4358738], [78.3881125, 17.4358661], [78.3881014, 17.4357332], [78.3880006, 17.4357409], [78.3880117, 17.4358738]]]}, "properties": {"osm_id": 356201623, "building_type": "yes", "osm_height": null, "osm_levels": null, "name": null}}, {"type": "Feature", "geometry": {"type": "Polygon", "coordinates": [[[78.3880843, 17.4361121], [78.3883167, 17.4361081], [78.3883162, 17.4360831], [78.3880839, 17.4360871], [78.3880843, 17.4361121]]]}, "properties": {"osm_id": 356201625, "building_type": "yes", "osm_height": null, "osm_levels": null, "name": null}}, {"type": "Feature", "geometry": {"type": "Polygon", "coordinates": [[[78.3879226, 17.4361244], [78.3879875, 17.436123], [78.3879869, 17.4360981], [78.387922, 17.4360995], [78.3879226, 17.4361244]]]}, "properties": {"osm_id": 356201661, "building_type": "yes", "osm_height": null, "osm_levels": null, "name": null}}, {"type": "Feature", "geometry": {"type": "Polygon", "coordinates": [[[78.3697767, 17.4312869], [78.3698707, 17.4312314], [78.3698776, 17.4312241], [78.3699481, 17.4312195], [78.3700201, 17.4311911], [78.3700858, 17.4311568], [78.3701792, 17.4310855], [78.3702359, 17.4310228], [78.3703659, 17.4309244], [78.3702338, 17.430729], [78.3701571, 17.4307761], [78.3700895, 17.4306761], [78.3700109, 17.4307244], [78.3700008, 17.4307094], [78.3695364, 17.4309951], [78.3696835, 17.4312128], [78.369708, 17.431198], [78.3697767, 17.4312869]]]}, "properties": {"osm_id": 356223408, "building_type": "yes", "osm_height": null, "osm_levels": null, "name": "Commissioner of Police, Cyberabad", "office": "government"}}, {"type": "Feature", "geometry": {"type": "Polygon", "coordinates": [[[78.3692526, 17.4364128], [78.3693501, 17.4365179], [78.3693645, 17.4365334], [78.3695082, 17.436412], [78.3694782, 17.4363797], [78.369465, 17.4363908], [78.3694469, 17.4363714], [78.3694264, 17.4363887], [78.3693769, 17.4363353], [78.369356, 17.4363529], [78.3693417, 17.4363375], [78.3692526, 17.4364128]]]}, "properties": {"osm_id": 356223413, "building_type": "yes", "osm_height": null, "osm_levels": null, "name": null}}, {"type": "Feature", "geometry": {"type": "Polygon", "coordinates": [[[78.371329, 17.4359353], [78.371449, 17.435934], [78.3714484, 17.4358857], [78.3715553, 17.4358846], [78.3715556, 17.4359077], [78.3716116, 17.4359071], [78.3716104, 17.4358063], [78.3714797, 17.4358076], [78.3714778, 17.4356401], [78.3713498, 17.4356415], [78.3713515, 17.4357832], [78.3713272, 17.4357834], [78.371329, 17.4359353]]]}, "properties": {"osm_id": 356223414, "building_type": "yes", "osm_height": null, "osm_levels": null, "name": null}}, {"type": "Feature", "geometry": {"type": "Polygon", "coordinates": [[[78.3688216, 17.4368442], [78.3689192, 17.4367706], [78.3688736, 17.4367156], [78.3688963, 17.4366985], [78.3689419, 17.4367535], [78.3690332, 17.4366846], [78.368906, 17.4365311], [78.3688537, 17.4365705], [78.3689273, 17.4366592], [78.3689083, 17.4366736], [78.3688347, 17.4365848], [78.368782, 17.4366247], [78.3688558, 17.4367138], [78.3688264, 17.4367359], [78.3687525, 17.4366468], [78.3686944, 17.4366907], [78.3688216, 17.4368442]]]}, "properties": {"osm_id": 356223415, "building_type": "yes", "osm_height": null, "osm_levels": 5, "name": "Narayanadri Apartments", "addr_street": "road no 4"}}, {"type": "Feature", "geometry": {"type": "Polygon", "coordinates": [[[78.3709617, 17.4361099], [78.3710811, 17.4361079], [78.3710802, 17.4360594], [78.3711167, 17.4360588], [78.371117, 17.4360743], [78.3712171, 17.4360726], [78.3712145, 17.4359349], [78.3711399, 17.4359361], [78.3711393, 17.4359063], [78.3712567, 17.4359043], [78.3712543, 17.4357729], [78.3711387, 17.4357749], [78.3711396, 17.435824], [78.3710697, 17.4358252], [78.3710704, 17.4358629], [78.3710357, 17.4358635], [78.3710372, 17.4359432], [78.3710725, 17.4359426], [78.3710729, 17.4359669], [78.3709591, 17.4359688], [78.3709617, 17.4361099]]]}, "properties": {"osm_id": 356223416, "building_type": "yes", "osm_height": null, "osm_levels": null, "name": null}}, {"type": "Feature", "geometry": {"type": "Polygon", "coordinates": [[[78.3722113, 17.4360287], [78.3723232, 17.4360304], [78.3723239, 17.4359895], [78.372449, 17.4359914], [78.3724484, 17.4360322], [78.372531, 17.4360334], [78.3725332, 17.4358976], [78.372397, 17.4358956], [78.3723973, 17.4358763], [78.3725335, 17.4358784], [78.3725358, 17.4357346], [78.3723896, 17.4357324], [78.3723887, 17.4357927], [78.3723398, 17.4357919], [78.3723408, 17.4357317], [78.3722162, 17.4357298], [78.3722142, 17.4358507], [78.3723487, 17.4358527], [78.3723479, 17.4359049], [78.3722134, 17.4359029], [78.3722113, 17.4360287]]]}, "properties": {"osm_id": 356223417, "building_type": "yes", "osm_height": null, "osm_levels": null, "name": null}}, {"type": "Feature", "geometry": {"type": "Polygon", "coordinates": [[[78.3717866, 17.4359974], [78.3719279, 17.4359957], [78.3719275, 17.4359679], [78.3719564, 17.4359675], [78.3719571, 17.4360226], [78.3721057, 17.4360208], [78.3721038, 17.43587], [78.3720194, 17.435871], [78.3720189, 17.4358347], [78.3721176, 17.4358335], [78.3721163, 17.4357287], [78.3720406, 17.4357296], [78.3720411, 17.435768], [78.3719703, 17.4357689], [78.3719705, 17.4357851], [78.3718794, 17.4357862], [78.3718786, 17.4357211], [78.371783, 17.4357222], [78.3717846, 17.4358461], [78.3719458, 17.4358442], [78.3719461, 17.4358669], [78.3717849, 17.4358689], [78.3717866, 17.4359974]]]}, "properties": {"osm_id": 356223418, "building_type": "yes", "osm_height": null, "osm_levels": null, "name": null}}, {"type": "Feature", "geometry": {"type": "Polygon", "coordinates": [[[78.3690742, 17.4365184], [78.3691939, 17.4364304], [78.3691305, 17.4363519], [78.3690108, 17.4364399], [78.3690742, 17.4365184]]]}, "properties": {"osm_id": 356223424, "building_type": "yes", "osm_height": null, "osm_levels": null, "name": null}}, {"type": "Feature", "geometry": {"type": "Polygon", "coordinates": [[[78.3674517, 17.434674], [78.3675506, 17.4345988], [78.367493, 17.4345299], [78.3673941, 17.4346051], [78.3674517, 17.434674]]]}, "properties": {"osm_id": 356223437, "building_type": "yes", "osm_height": null, "osm_levels": null, "name": null}}, {"type": "Feature", "geometry": {"type": "Polygon", "coordinates": [[[78.3675775, 17.435771], [78.3677919, 17.4360244], [78.3678989, 17.435942], [78.3676845, 17.4356886], [78.3675775, 17.435771]]]}, "properties": {"osm_id": 356223438, "building_type": "yes", "osm_height": null, "osm_levels": null, "name": null}}, {"type": "Feature", "geometry": {"type": "Polygon", "coordinates": [[[78.3679756, 17.4370256], [78.3681651, 17.4368765], [78.368082, 17.4367804], [78.3678925, 17.4369295], [78.3679756, 17.4370256]]]}, "properties": {"osm_id": 356223441, "building_type": "yes", "osm_height": null, "osm_levels": null, "name": null}}, {"type": "Feature", "geometry": {"type": "Polygon", "coordinates": [[[78.368019, 17.4346678], [78.3681338, 17.4345821], [78.3680908, 17.4345298], [78.367976, 17.4346156], [78.368019, 17.4346678]]]}, "properties": {"osm_id": 356223442, "building_type": "yes", "osm_height": null, "osm_levels": null, "name": null}}, {"type": "Feature", "geometry": {"type": "Polygon", "coordinates": [[[78.3692274, 17.4364036], [78.369288, 17.4363591], [78.3692215, 17.4362767], [78.3691609, 17.4363213], [78.3692274, 17.4364036]]]}, "properties": {"osm_id": 356223447, "building_type": "yes", "osm_height": null, "osm_levels": null, "name": null}}, {"type": "Feature", "geometry": {"type": "Polygon", "coordinates": [[[78.3671739, 17.4349157], [78.3672504, 17.4348743], [78.3671623, 17.4347263], [78.3670859, 17.4347677], [78.3671739, 17.4349157]]]}, "properties": {"osm_id": 356223454, "building_type": "yes", "osm_height": null, "osm_levels": null, "name": null}}, {"type": "Feature", "geometry": {"type": "Polygon", "coordinates": [[[78.3685808, 17.4333943], [78.368663, 17.4333299], [78.3685691, 17.4332209], [78.368487, 17.4332853], [78.3685808, 17.4333943]]]}, "properties": {"osm_id": 356223458, "building_type": "yes", "osm_height": null, "osm_levels": null, "name": null}}, {"type": "Feature", "geometry": {"type": "Polygon", "coordinates": [[[78.3685512, 17.4365061], [78.3687725, 17.4363283], [78.3686912, 17.4362363], [78.36847, 17.4364141], [78.3685512, 17.4365061]]]}, "properties": {"osm_id": 356223469, "building_type": "yes", "osm_height": null, "osm_levels": null, "name": null}}, {"type": "Feature", "geometry": {"type": "Polygon", "coordinates": [[[78.3681546, 17.4362304], [78.3682622, 17.4363573], [78.3683353, 17.4363009], [78.3682277, 17.436174], [78.3681546, 17.4362304]]]}, "properties": {"osm_id": 356223487, "building_type": "yes", "osm_height": null, "osm_levels": null, "name": null}}, {"type": "Feature", "geometry": {"type": "Polygon", "coordinates": [[[78.3692316, 17.436696], [78.3693143, 17.4367983], [78.3694577, 17.4366929], [78.369375, 17.4365906], [78.3692316, 17.436696]]]}, "properties": {"osm_id": 356223490, "building_type": "yes", "osm_height": null, "osm_levels": null, "name": null}}, {"type": "Feature", "geometry": {"type": "Polygon", "coordinates": [[[78.3672532, 17.4348248], [78.3673269, 17.4347818], [78.3672409, 17.4346474], [78.3671672, 17.4346904], [78.3672532, 17.4348248]]]}, "properties": {"osm_id": 356223500, "building_type": "yes", "osm_height": null, "osm_levels": null, "name": null}}, {"type": "Feature", "geometry": {"type": "Polygon", "coordinates": [[[78.3677361, 17.4347074], [78.3678038, 17.4346496], [78.3677556, 17.4345982], [78.3676879, 17.4346561], [78.3677361, 17.4347074]]]}, "properties": {"osm_id": 356223510, "building_type": "yes", "osm_height": null, "osm_levels": null, "name": null}}, {"type": "Feature", "geometry": {"type": "Polygon", "coordinates": [[[78.367379, 17.4345873], [78.3674848, 17.4345174], [78.3674348, 17.4344485], [78.367329, 17.4345184], [78.367379, 17.4345873]]]}, "properties": {"osm_id": 356223528, "building_type": "yes", "osm_height": null, "osm_levels": null, "name": null}}, {"type": "Feature", "geometry": {"type": "Polygon", "coordinates": [[[78.3696297, 17.4368893], [78.3698438, 17.4367121], [78.3697654, 17.4366206], [78.3695467, 17.4368007], [78.3696297, 17.4368893]]]}, "properties": {"osm_id": 356223530, "building_type": "yes", "osm_height": null, "osm_levels": null, "name": null}}, {"type": "Feature", "geometry": {"type": "Polygon", "coordinates": [[[78.36734, 17.4347433], [78.3674316, 17.4346723], [78.3673259, 17.4345482], [78.3672343, 17.4346191], [78.36734, 17.4347433]]]}, "properties": {"osm_id": 356223538, "building_type": "yes", "osm_height": null, "osm_levels": null, "name": null}}, {"type": "Feature", "geometry": {"type": "Polygon", "coordinates": [[[78.3690929, 17.436539], [78.3691804, 17.4366473], [78.3692931, 17.4365644], [78.3692056, 17.4364561], [78.3690929, 17.436539]]]}, "properties": {"osm_id": 356223539, "building_type": "yes", "osm_height": null, "osm_levels": null, "name": null}}, {"type": "Feature", "geometry": {"type": "Polygon", "coordinates": [[[78.3683506, 17.4366149], [78.3684903, 17.4365055], [78.3684145, 17.4364199], [78.3682748, 17.4365365], [78.3683506, 17.4366149]]]}, "properties": {"osm_id": 356223550, "building_type": "yes", "osm_height": null, "osm_levels": null, "name": null}}, {"type": "Feature", "geometry": {"type": "Polygon", "coordinates": [[[78.3679083, 17.4345227], [78.3679809, 17.434604], [78.3680832, 17.4345208], [78.3680107, 17.4344395], [78.3679083, 17.4345227]]]}, "properties": {"osm_id": 356223551, "building_type": "yes", "osm_height": null, "osm_levels": null, "name": null}}, {"type": "Feature", "geometry": {"type": "Polygon", "coordinates": [[[78.3718468, 17.436353], [78.3719556, 17.4363522], [78.3719548, 17.4362523], [78.3720252, 17.4362518], [78.372026, 17.4363517], [78.3721982, 17.4363504], [78.3721961, 17.4361024], [78.3718448, 17.4361051], [78.3718468, 17.436353]]]}, "properties": {"osm_id": 356223560, "building_type": "yes", "osm_height": null, "osm_levels": null, "name": null}}, {"type": "Feature", "geometry": {"type": "Polygon", "coordinates": [[[78.3689241, 17.4363661], [78.3690115, 17.4363025], [78.3689506, 17.4362263], [78.3689992, 17.4361909], [78.3690601, 17.4362671], [78.3691379, 17.4362104], [78.3689615, 17.43599], [78.3687478, 17.4361458], [78.3689241, 17.4363661]]]}, "properties": {"osm_id": 356223561, "building_type": "yes", "osm_height": null, "osm_levels": null, "name": null}}, {"type": "Feature", "geometry": {"type": "Polygon", "coordinates": [[[78.3930871, 17.4337875], [78.3929765, 17.4338885], [78.3930357, 17.4339474], [78.3931462, 17.4338465], [78.3930871, 17.4337875]]]}, "properties": {"osm_id": 356224106, "building_type": "yes", "osm_height": null, "osm_levels": null, "name": null}}, {"type": "Feature", "geometry": {"type": "Polygon", "coordinates": [[[78.3936495, 17.4347952], [78.3937283, 17.4347257], [78.3936173, 17.434611], [78.3935385, 17.4346805], [78.3936495, 17.4347952]]]}, "properties": {"osm_id": 356224118, "building_type": "yes", "osm_height": null, "osm_levels": null, "name": null}}, {"type": "Feature", "geometry": {"type": "Polygon", "coordinates": [[[78.3933863, 17.4371948], [78.393587, 17.4371145], [78.3935465, 17.4370227], [78.3933459, 17.4371031], [78.3933863, 17.4371948]]]}, "properties": {"osm_id": 356224121, "building_type": "yes", "osm_height": null, "osm_levels": null, "name": null}}, {"type": "Feature", "geometry": {"type": "Polygon", "coordinates": [[[78.3933891, 17.4355951], [78.3934936, 17.4355124], [78.3933957, 17.4353998], [78.3932912, 17.4354825], [78.3933891, 17.4355951]]]}, "properties": {"osm_id": 356224122, "building_type": "yes", "osm_height": null, "osm_levels": null, "name": null}}, {"type": "Feature", "geometry": {"type": "Polygon", "coordinates": [[[78.3923219, 17.4336445], [78.3924421, 17.4335409], [78.392365, 17.4334595], [78.3922449, 17.4335631], [78.3923219, 17.4336445]]]}, "properties": {"osm_id": 356224123, "building_type": "yes", "osm_height": null, "osm_levels": null, "name": null}}, {"type": "Feature", "geometry": {"type": "Polygon", "coordinates": [[[78.3931691, 17.4367052], [78.3933654, 17.4366266], [78.3933244, 17.4365335], [78.3931282, 17.4366121], [78.3931691, 17.4367052]]]}, "properties": {"osm_id": 356224128, "building_type": "yes", "osm_height": null, "osm_levels": null, "name": null}}, {"type": "Feature", "geometry": {"type": "Polygon", "coordinates": [[[78.3925532, 17.4334507], [78.3926139, 17.4335111], [78.3927278, 17.4334071], [78.3926671, 17.4333466], [78.3925532, 17.4334507]]]}, "properties": {"osm_id": 356224132, "building_type": "yes", "osm_height": null, "osm_levels": null, "name": null}}, {"type": "Feature", "geometry": {"type": "Polygon", "coordinates": [[[78.3937002, 17.4369582], [78.3939073, 17.4368752], [78.3938579, 17.4367629], [78.3936508, 17.4368459], [78.3937002, 17.4369582]]]}, "properties": {"osm_id": 356224137, "building_type": "yes", "osm_height": null, "osm_levels": null, "name": null}}, {"type": "Feature", "geometry": {"type": "Polygon", "coordinates": [[[78.3923562, 17.4347471], [78.3924306, 17.434683], [78.3923064, 17.4345518], [78.392232, 17.4346159], [78.3923562, 17.4347471]]]}, "properties": {"osm_id": 356224140, "building_type": "yes", "osm_height": null, "osm_levels": null, "name": null}}, {"type": "Feature", "geometry": {"type": "Polygon", "coordinates": [[[78.3926668, 17.4362689], [78.3927482, 17.4362232], [78.3926624, 17.4360842], [78.3925811, 17.4361299], [78.3926668, 17.4362689]]]}, "properties": {"osm_id": 356224154, "building_type": "yes", "osm_height": null, "osm_levels": null, "name": null}}, {"type": "Feature", "geometry": {"type": "Polygon", "coordinates": [[[78.3926554, 17.435476], [78.392765, 17.4353916], [78.3927049, 17.4353206], [78.3925953, 17.435405], [78.3926554, 17.435476]]]}, "properties": {"osm_id": 356224157, "building_type": "yes", "osm_height": null, "osm_levels": null, "name": null}}, {"type": "Feature", "geometry": {"type": "Polygon", "coordinates": [[[78.3927923, 17.4340979], [78.3928983, 17.4340123], [78.392827, 17.433932], [78.392721, 17.4340176], [78.3927923, 17.4340979]]]}, "properties": {"osm_id": 356224160, "building_type": "yes", "osm_height": null, "osm_levels": null, "name": null}}, {"type": "Feature", "geometry": {"type": "Polygon", "coordinates": [[[78.3927823, 17.4352881], [78.3928881, 17.4352073], [78.392808, 17.4351119], [78.3927022, 17.4351927], [78.3927823, 17.4352881]]]}, "properties": {"osm_id": 356224166, "building_type": "yes", "osm_height": null, "osm_levels": null, "name": null}}, {"type": "Feature", "geometry": {"type": "Polygon", "coordinates": [[[78.3928227, 17.4337525], [78.392885, 17.4338145], [78.3930027, 17.433707], [78.3929404, 17.433645], [78.3928227, 17.4337525]]]}, "properties": {"osm_id": 356224187, "building_type": "yes", "osm_height": null, "osm_levels": null, "name": null}}, {"type": "Feature", "geometry": {"type": "Polygon", "coordinates": [[[78.3923754, 17.4351648], [78.3925022, 17.4350603], [78.3924537, 17.4350068], [78.392327, 17.4351114], [78.3923754, 17.4351648]]]}, "properties": {"osm_id": 356224200, "building_type": "yes", "osm_height": null, "osm_levels": null, "name": null}}, {"type": "Feature", "geometry": {"type": "Polygon", "coordinates": [[[78.3932186, 17.4368409], [78.3934349, 17.4367543], [78.3933862, 17.4366438], [78.39317, 17.4367304], [78.3932186, 17.4368409]]]}, "properties": {"osm_id": 356224202, "building_type": "yes", "osm_height": null, "osm_levels": null, "name": null}}, {"type": "Feature", "geometry": {"type": "Polygon", "coordinates": [[[78.3931257, 17.4343088], [78.393264, 17.4344466], [78.3933372, 17.4343797], [78.393199, 17.434242], [78.3931257, 17.4343088]]]}, "properties": {"osm_id": 356224218, "building_type": "apartments", "osm_height": null, "osm_levels": null, "name": "Pearl Villa"}}, {"type": "Feature", "geometry": {"type": "Polygon", "coordinates": [[[78.3933008, 17.4356847], [78.3933923, 17.4356122], [78.3932855, 17.4354894], [78.3931939, 17.4355618], [78.3933008, 17.4356847]]]}, "properties": {"osm_id": 356224233, "building_type": "yes", "osm_height": null, "osm_levels": null, "name": null}}, {"type": "Feature", "geometry": {"type": "Polygon", "coordinates": [[[78.3919727, 17.4348079], [78.3920882, 17.4347084], [78.3919625, 17.4345757], [78.391847, 17.4346751], [78.3919727, 17.4348079]]]}, "properties": {"osm_id": 356224235, "building_type": "yes", "osm_height": null, "osm_levels": null, "name": null}}, {"type": "Feature", "geometry": {"type": "Polygon", "coordinates": [[[78.3934893, 17.4344606], [78.393559, 17.4345301], [78.3936131, 17.4344806], [78.3935435, 17.4344112], [78.3934893, 17.4344606]]]}, "properties": {"osm_id": 356224239, "building_type": "yes", "osm_height": null, "osm_levels": null, "name": null}}, {"type": "Feature", "geometry": {"type": "Polygon", "coordinates": [[[78.3920673, 17.4372053], [78.3921815, 17.4371558], [78.3921353, 17.4370588], [78.3920212, 17.4371083], [78.3920673, 17.4372053]]]}, "properties": {"osm_id": 356224243, "building_type": "yes", "osm_height": null, "osm_levels": null, "name": null}}, {"type": "Feature", "geometry": {"type": "Polygon", "coordinates": [[[78.3938456, 17.4367036], [78.3940477, 17.436616], [78.3939513, 17.4364139], [78.3937493, 17.4365016], [78.3938456, 17.4367036]]]}, "properties": {"osm_id": 356224247, "building_type": "yes", "osm_height": null, "osm_levels": null, "name": null}}, {"type": "Feature", "geometry": {"type": "Polygon", "coordinates": [[[78.3921826, 17.4349042], [78.3922566, 17.4348404], [78.392126, 17.4347025], [78.392052, 17.4347663], [78.3921826, 17.4349042]]]}, "properties": {"osm_id": 356224252, "building_type": "yes", "osm_height": null, "osm_levels": null, "name": null}}, {"type": "Feature", "geometry": {"type": "Polygon", "coordinates": [[[78.3923966, 17.4339331], [78.3925142, 17.4338317], [78.3924289, 17.4337416], [78.3923113, 17.433843], [78.3923966, 17.4339331]]]}, "properties": {"osm_id": 356224255, "building_type": "yes", "osm_height": null, "osm_levels": null, "name": null}}, {"type": "Feature", "geometry": {"type": "Polygon", "coordinates": [[[78.3925751, 17.4351094], [78.3927125, 17.4349994], [78.3926408, 17.4349177], [78.3925034, 17.4350277], [78.3925751, 17.4351094]]]}, "properties": {"osm_id": 356224258, "building_type": "yes", "osm_height": null, "osm_levels": null, "name": null}}, {"type": "Feature", "geometry": {"type": "Polygon", "coordinates": [[[78.3947999, 17.4372835], [78.3949455, 17.4372251], [78.394898, 17.4371172], [78.3947524, 17.4371756], [78.3947999, 17.4372835]]]}, "properties": {"osm_id": 356224261, "building_type": "yes", "osm_height": null, "osm_levels": null, "name": null}}, {"type": "Feature", "geometry": {"type": "Polygon", "coordinates": [[[78.3924415, 17.4344123], [78.3925078, 17.4343551], [78.3923903, 17.4342311], [78.3923241, 17.4342882], [78.3924415, 17.4344123]]]}, "properties": {"osm_id": 356224263, "building_type": "yes", "osm_height": null, "osm_levels": null, "name": null}}, {"type": "Feature", "geometry": {"type": "Polygon", "coordinates": [[[78.3927637, 17.4343288], [78.3928326, 17.4344017], [78.3929589, 17.4342928], [78.39289, 17.43422], [78.3927637, 17.4343288]]]}, "properties": {"osm_id": 356224268, "building_type": "yes", "osm_height": null, "osm_levels": null, "name": null}}, {"type": "Feature", "geometry": {"type": "Polygon", "coordinates": [[[78.3936594, 17.4359036], [78.3938899, 17.4357992], [78.393793, 17.4356044], [78.3935624, 17.4357089], [78.3936594, 17.4359036]]]}, "properties": {"osm_id": 356224270, "building_type": "yes", "osm_height": null, "osm_levels": null, "name": null}}, {"type": "Feature", "geometry": {"type": "Polygon", "coordinates": [[[78.3931645, 17.433858], [78.3930502, 17.4339503], [78.3931062, 17.4340134], [78.3932205, 17.4339211], [78.3931645, 17.433858]]]}, "properties": {"osm_id": 356224273, "building_type": "yes", "osm_height": null, "osm_levels": null, "name": null}}, {"type": "Feature", "geometry": {"type": "Polygon", "coordinates": [[[78.3919158, 17.435522], [78.392067, 17.4354055], [78.3919472, 17.435264], [78.391796, 17.4353804], [78.3919158, 17.435522]]]}, "properties": {"osm_id": 356224279, "building_type": "yes", "osm_height": null, "osm_levels": null, "name": null}}, {"type": "Feature", "geometry": {"type": "Polygon", "coordinates": [[[78.3932314, 17.4342137], [78.3933738, 17.4343555], [78.3934714, 17.4342664], [78.393329, 17.4341245], [78.3932314, 17.4342137]]]}, "properties": {"osm_id": 356224280, "building_type": "yes", "osm_height": null, "osm_levels": null, "name": null}}, {"type": "Feature", "geometry": {"type": "Polygon", "coordinates": [[[78.3927702, 17.4336723], [78.3928284, 17.4337303], [78.3929399, 17.4336285], [78.3928817, 17.4335705], [78.3927702, 17.4336723]]]}, "properties": {"osm_id": 356224281, "building_type": "yes", "osm_height": null, "osm_levels": null, "name": null}}, {"type": "Feature", "geometry": {"type": "Polygon", "coordinates": [[[78.3930585, 17.4364589], [78.3932527, 17.4363632], [78.3932117, 17.4362874], [78.3930176, 17.4363832], [78.3930585, 17.4364589]]]}, "properties": {"osm_id": 356224287, "building_type": "yes", "osm_height": null, "osm_levels": null, "name": null}}, {"type": "Feature", "geometry": {"type": "Polygon", "coordinates": [[[78.3920335, 17.4369763], [78.3920959, 17.4369474], [78.3919881, 17.4367352], [78.3919409, 17.436757], [78.3919234, 17.4367225], [78.3918683, 17.436748], [78.3919068, 17.4368239], [78.391935, 17.4368109], [78.3919561, 17.4368523], [78.3919002, 17.4368782], [78.3919153, 17.4369079], [78.3919696, 17.4368828], [78.392007, 17.4369563], [78.3920202, 17.4369502], [78.3920335, 17.4369763]]]}, "properties": {"osm_id": 356224289, "building_type": "yes", "osm_height": null, "osm_levels": null, "name": null}}, {"type": "Feature", "geometry": {"type": "Polygon", "coordinates": [[[78.3924331, 17.4337268], [78.3925276, 17.4336411], [78.3924512, 17.4335644], [78.3923567, 17.43365], [78.3924331, 17.4337268]]]}, "properties": {"osm_id": 356224291, "building_type": "yes", "osm_height": null, "osm_levels": null, "name": null}}, {"type": "Feature", "geometry": {"type": "Polygon", "coordinates": [[[78.3928157, 17.4365845], [78.3929033, 17.4365457], [78.3928461, 17.4364278], [78.3927584, 17.4364666], [78.3928157, 17.4365845]]]}, "properties": {"osm_id": 356224293, "building_type": "yes", "osm_height": null, "osm_levels": null, "name": null}}, {"type": "Feature", "geometry": {"type": "Polygon", "coordinates": [[[78.3935765, 17.4351075], [78.3938435, 17.4348849], [78.3937372, 17.4347688], [78.3936065, 17.4348778], [78.3936696, 17.4349466], [78.393635, 17.4349754], [78.3935714, 17.4349058], [78.3934696, 17.4349907], [78.3935765, 17.4351075]]]}, "properties": {"osm_id": 356224294, "building_type": "yes", "osm_height": null, "osm_levels": null, "name": null}}, {"type": "Feature", "geometry": {"type": "Polygon", "coordinates": [[[78.3946236, 17.4374965], [78.3948307, 17.4374135], [78.3947884, 17.4373175], [78.3945814, 17.4374004], [78.3946236, 17.4374965]]]}, "properties": {"osm_id": 356224296, "building_type": "yes", "osm_height": null, "osm_levels": null, "name": null}}, {"type": "Feature", "geometry": {"type": "Polygon", "coordinates": [[[78.393986, 17.4369821], [78.3941854, 17.4368957], [78.3941294, 17.4367782], [78.39393, 17.4368646], [78.393986, 17.4369821]]]}, "properties": {"osm_id": 356224298, "building_type": "yes", "osm_height": null, "osm_levels": null, "name": null}}, {"type": "Feature", "geometry": {"type": "Polygon", "coordinates": [[[78.3921073, 17.4346772], [78.3921736, 17.4346201], [78.3920561, 17.4344961], [78.3919898, 17.4345532], [78.3921073, 17.4346772]]]}, "properties": {"osm_id": 356224299, "building_type": "yes", "osm_height": null, "osm_levels": null, "name": null}}, {"type": "Feature", "geometry": {"type": "Polygon", "coordinates": [[[78.3932111, 17.436081], [78.393304, 17.4360305], [78.3932057, 17.435866], [78.3931128, 17.4359166], [78.3932111, 17.436081]]]}, "properties": {"osm_id": 356224301, "building_type": "yes", "osm_height": null, "osm_levels": null, "name": null}}, {"type": "Feature", "geometry": {"type": "Polygon", "coordinates": [[[78.3931021, 17.4349232], [78.3931799, 17.4348606], [78.3930321, 17.4346932], [78.3929542, 17.4347557], [78.3931021, 17.4349232]]]}, "properties": {"osm_id": 356224309, "building_type": "yes", "osm_height": null, "osm_levels": null, "name": null}}, {"type": "Feature", "geometry": {"type": "Polygon", "coordinates": [[[78.3928887, 17.4338285], [78.3929537, 17.4338933], [78.3930773, 17.4337804], [78.3930123, 17.4337157], [78.3928887, 17.4338285]]]}, "properties": {"osm_id": 356224310, "building_type": "yes", "osm_height": null, "osm_levels": null, "name": null}}, {"type": "Feature", "geometry": {"type": "Polygon", "coordinates": [[[78.3924502, 17.4349876], [78.3923904, 17.43492], [78.3922665, 17.4350196], [78.3923263, 17.4350872], [78.3924502, 17.4349876]]]}, "properties": {"osm_id": 356224316, "building_type": "yes", "osm_height": null, "osm_levels": null, "name": null}}, {"type": "Feature", "geometry": {"type": "Polygon", "coordinates": [[[78.3926163, 17.4335371], [78.3926744, 17.433595], [78.3927915, 17.433488], [78.3927334, 17.4334301], [78.3926163, 17.4335371]]]}, "properties": {"osm_id": 356224318, "building_type": "yes", "osm_height": null, "osm_levels": null, "name": null}}, {"type": "Feature", "geometry": {"type": "Polygon", "coordinates": [[[78.3925815, 17.4353927], [78.3927139, 17.435283], [78.3926679, 17.4352325], [78.3925356, 17.4353422], [78.3925815, 17.4353927]]]}, "properties": {"osm_id": 356224326, "building_type": "yes", "osm_height": null, "osm_levels": null, "name": null}}, {"type": "Feature", "geometry": {"type": "Polygon", "coordinates": [[[78.3922701, 17.4348172], [78.392318, 17.4347757], [78.3921941, 17.4346457], [78.3921463, 17.4346872], [78.3922701, 17.4348172]]]}, "properties": {"osm_id": 356224337, "building_type": "yes", "osm_height": null, "osm_levels": null, "name": null}}, {"type": "Feature", "geometry": {"type": "Polygon", "coordinates": [[[78.3929274, 17.4365391], [78.3930308, 17.4364976], [78.3929726, 17.4363654], [78.3928692, 17.4364069], [78.3929274, 17.4365391]]]}, "properties": {"osm_id": 356224341, "building_type": "yes", "osm_height": null, "osm_levels": null, "name": null}}, {"type": "Feature", "geometry": {"type": "Polygon", "coordinates": [[[78.3926708, 17.4351811], [78.3928039, 17.4350794], [78.3927451, 17.4350094], [78.392612, 17.4351111], [78.3926708, 17.4351811]]]}, "properties": {"osm_id": 356224342, "building_type": "yes", "osm_height": null, "osm_levels": null, "name": null}}, {"type": "Feature", "geometry": {"type": "Polygon", "coordinates": [[[78.3929412, 17.4367942], [78.3931156, 17.4367243], [78.3930735, 17.4366289], [78.3928991, 17.4366987], [78.3929412, 17.4367942]]]}, "properties": {"osm_id": 356224343, "building_type": "yes", "osm_height": null, "osm_levels": null, "name": null}}, {"type": "Feature", "geometry": {"type": "Polygon", "coordinates": [[[78.3944903, 17.4372709], [78.3946913, 17.4371822], [78.3946415, 17.4370797], [78.3944406, 17.4371684], [78.3944903, 17.4372709]]]}, "properties": {"osm_id": 356224344, "building_type": "yes", "osm_height": null, "osm_levels": null, "name": null}}, {"type": "Feature", "geometry": {"type": "Polygon", "coordinates": [[[78.3935484, 17.4348866], [78.3936308, 17.4348203], [78.3935217, 17.4346967], [78.3934392, 17.434763], [78.3935484, 17.4348866]]]}, "properties": {"osm_id": 356224347, "building_type": "yes", "osm_height": null, "osm_levels": null, "name": null}}, {"type": "Feature", "geometry": {"type": "Polygon", "coordinates": [[[78.3931117, 17.4358952], [78.3931881, 17.4358347], [78.3930708, 17.4356998], [78.3929944, 17.4357602], [78.3931117, 17.4358952]]]}, "properties": {"osm_id": 356224350, "building_type": "yes", "osm_height": null, "osm_levels": null, "name": null}}, {"type": "Feature", "geometry": {"type": "Polygon", "coordinates": [[[78.3924581, 17.4352417], [78.3925561, 17.4351663], [78.3924962, 17.4350954], [78.3923982, 17.4351709], [78.3924581, 17.4352417]]]}, "properties": {"osm_id": 356224351, "building_type": "yes", "osm_height": null, "osm_levels": null, "name": null}}, {"type": "Feature", "geometry": {"type": "Polygon", "coordinates": [[[78.3925934, 17.4332841], [78.3924768, 17.4333846], [78.3925345, 17.4334456], [78.3926511, 17.4333451], [78.3925934, 17.4332841]]]}, "properties": {"osm_id": 356224352, "building_type": "yes", "osm_height": null, "osm_levels": null, "name": null}}, {"type": "Feature", "geometry": {"type": "Polygon", "coordinates": [[[78.3936588, 17.4368139], [78.3938002, 17.436753], [78.3937543, 17.436656], [78.3936129, 17.4367169], [78.3936588, 17.4368139]]]}, "properties": {"osm_id": 356224354, "building_type": "yes", "osm_height": null, "osm_levels": null, "name": null}}, {"type": "Feature", "geometry": {"type": "Polygon", "coordinates": [[[78.3931122, 17.4340397], [78.3931804, 17.4341077], [78.3933046, 17.4339943], [78.3932364, 17.4339263], [78.3931122, 17.4340397]]]}, "properties": {"osm_id": 356224360, "building_type": "yes", "osm_height": null, "osm_levels": null, "name": null}}, {"type": "Feature", "geometry": {"type": "Polygon", "coordinates": [[[78.3928303, 17.4356619], [78.3929636, 17.4355593], [78.3928731, 17.4354522], [78.3927398, 17.4355549], [78.3928303, 17.4356619]]]}, "properties": {"osm_id": 356224361, "building_type": "yes", "osm_height": null, "osm_levels": null, "name": null}}, {"type": "Feature", "geometry": {"type": "Polygon", "coordinates": [[[78.3926435, 17.4342166], [78.3927666, 17.4341136], [78.3926879, 17.4340279], [78.3925647, 17.434131], [78.3926435, 17.4342166]]]}, "properties": {"osm_id": 356224362, "building_type": "yes", "osm_height": null, "osm_levels": null, "name": null}}, {"type": "Feature", "geometry": {"type": "Polygon", "coordinates": [[[78.3918553, 17.4350805], [78.3919831, 17.434982], [78.3918903, 17.4348723], [78.3917625, 17.4349708], [78.3918553, 17.4350805]]]}, "properties": {"osm_id": 356224368, "building_type": "apartments", "osm_height": null, "osm_levels": null, "name": "Sri Naina Views Amar co-op society"}}, {"type": "Feature", "geometry": {"type": "Polygon", "coordinates": [[[78.3929975, 17.4369411], [78.3931412, 17.4368836], [78.3930965, 17.4367821], [78.3929528, 17.4368397], [78.3929975, 17.4369411]]]}, "properties": {"osm_id": 356224381, "building_type": "yes", "osm_height": null, "osm_levels": null, "name": null}}, {"type": "Feature", "geometry": {"type": "Polygon", "coordinates": [[[78.3946232, 17.4368569], [78.3947901, 17.4367847], [78.3947337, 17.436666], [78.3945668, 17.4367383], [78.3946232, 17.4368569]]]}, "properties": {"osm_id": 356224382, "building_type": "yes", "osm_height": null, "osm_levels": null, "name": null}}, {"type": "Feature", "geometry": {"type": "Polygon", "coordinates": [[[78.3923518, 17.4344901], [78.3924232, 17.4344286], [78.3922953, 17.4342935], [78.3922239, 17.434355], [78.3923518, 17.4344901]]]}, "properties": {"osm_id": 356224385, "building_type": "yes", "osm_height": null, "osm_levels": null, "name": null}}, {"type": "Feature", "geometry": {"type": "Polygon", "coordinates": [[[78.3931818, 17.4357788], [78.3932746, 17.4357053], [78.3931694, 17.4355843], [78.3930766, 17.4356578], [78.3931818, 17.4357788]]]}, "properties": {"osm_id": 356224388, "building_type": "yes", "osm_height": null, "osm_levels": null, "name": null}}, {"type": "Feature", "geometry": {"type": "Polygon", "coordinates": [[[78.3934048, 17.4343667], [78.3934744, 17.4344361], [78.3935334, 17.4343822], [78.3934638, 17.4343128], [78.3934048, 17.4343667]]]}, "properties": {"osm_id": 356224389, "building_type": "yes", "osm_height": null, "osm_levels": null, "name": null}}, {"type": "Feature", "geometry": {"type": "Polygon", "coordinates": [[[78.3927973, 17.4341271], [78.3926964, 17.434214], [78.392765, 17.4342864], [78.3928658, 17.4341995], [78.3927973, 17.4341271]]]}, "properties": {"osm_id": 356224392, "building_type": "yes", "osm_height": null, "osm_levels": null, "name": null}}, {"type": "Feature", "geometry": {"type": "Polygon", "coordinates": [[[78.3937614, 17.4364553], [78.393953, 17.4363785], [78.3937976, 17.4360255], [78.393606, 17.4361023], [78.3937614, 17.4364553]]]}, "properties": {"osm_id": 356224393, "building_type": "yes", "osm_height": null, "osm_levels": null, "name": null}}, {"type": "Feature", "geometry": {"type": "Polygon", "coordinates": [[[78.3930833, 17.4361364], [78.3931662, 17.4360911], [78.3930699, 17.4359306], [78.392987, 17.4359759], [78.3930833, 17.4361364]]]}, "properties": {"osm_id": 356224394, "building_type": "yes", "osm_height": null, "osm_levels": null, "name": null}}, {"type": "Feature", "geometry": {"type": "Polygon", "coordinates": [[[78.3924774, 17.4340237], [78.3925964, 17.4339212], [78.3925232, 17.4338438], [78.3924042, 17.4339464], [78.3924774, 17.4340237]]]}, "properties": {"osm_id": 356224397, "building_type": "yes", "osm_height": null, "osm_levels": null, "name": null}}, {"type": "Feature", "geometry": {"type": "Polygon", "coordinates": [[[78.3934291, 17.4349501], [78.3935102, 17.434885], [78.3934329, 17.4347975], [78.3933519, 17.4348626], [78.3934291, 17.4349501]]]}, "properties": {"osm_id": 356224399, "building_type": "yes", "osm_height": null, "osm_levels": null, "name": null}}, {"type": "Feature", "geometry": {"type": "Polygon", "coordinates": [[[78.3948883, 17.4374001], [78.3950215, 17.4373437], [78.3949696, 17.4372327], [78.3948366, 17.4372892], [78.3948883, 17.4374001]]]}, "properties": {"osm_id": 356224400, "building_type": "yes", "osm_height": null, "osm_levels": null, "name": null}}, {"type": "Feature", "geometry": {"type": "Polygon", "coordinates": [[[78.3921811, 17.4354579], [78.3923288, 17.4353441], [78.3922659, 17.4352698], [78.3921182, 17.4353835], [78.3921811, 17.4354579]]]}, "properties": {"osm_id": 356224401, "building_type": "yes", "osm_height": null, "osm_levels": null, "name": null}}, {"type": "Feature", "geometry": {"type": "Polygon", "coordinates": [[[78.392688, 17.4335974], [78.3927531, 17.4336622], [78.3928718, 17.4335538], [78.3928068, 17.4334889], [78.392688, 17.4335974]]]}, "properties": {"osm_id": 356224402, "building_type": "yes", "osm_height": null, "osm_levels": null, "name": null}}, {"type": "Feature", "geometry": {"type": "Polygon", "coordinates": [[[78.3941475, 17.4373439], [78.3943538, 17.4372612], [78.3943094, 17.4371604], [78.3941031, 17.437243], [78.3941475, 17.4373439]]]}, "properties": {"osm_id": 356224404, "building_type": "yes", "osm_height": null, "osm_levels": null, "name": null}}, {"type": "Feature", "geometry": {"type": "Polygon", "coordinates": [[[78.3929689, 17.4359568], [78.3930481, 17.4358941], [78.3929462, 17.4357769], [78.392867, 17.4358396], [78.3929689, 17.4359568]]]}, "properties": {"osm_id": 356224419, "building_type": "yes", "osm_height": null, "osm_levels": null, "name": null}}, {"type": "Feature", "geometry": {"type": "Polygon", "coordinates": [[[78.3925233, 17.4353457], [78.3926499, 17.4352412], [78.3925887, 17.4351736], [78.392462, 17.435278], [78.3925233, 17.4353457]]]}, "properties": {"osm_id": 356224421, "building_type": "yes", "osm_height": null, "osm_levels": null, "name": null}}, {"type": "Feature", "geometry": {"type": "Polygon", "coordinates": [[[78.3931566, 17.4351995], [78.3932304, 17.4351327], [78.393125, 17.4350268], [78.3930512, 17.4350937], [78.3931566, 17.4351995]]]}, "properties": {"osm_id": 356224425, "building_type": "yes", "osm_height": null, "osm_levels": null, "name": null}}, {"type": "Feature", "geometry": {"type": "Polygon", "coordinates": [[[78.3931948, 17.4357731], [78.3932269, 17.4358098], [78.3932522, 17.4357897], [78.3932659, 17.4358054], [78.3933524, 17.4357364], [78.3933709, 17.4357576], [78.3934381, 17.435704], [78.3934522, 17.4357202], [78.3935145, 17.4356705], [78.3935242, 17.4356815], [78.3935555, 17.4356565], [78.3935666, 17.4356692], [78.3936078, 17.4356363], [78.3935085, 17.4355229], [78.3931948, 17.4357731]]]}, "properties": {"osm_id": 356224432, "building_type": "yes", "osm_height": null, "osm_levels": null, "name": null}}, {"type": "Feature", "geometry": {"type": "Polygon", "coordinates": [[[78.3690583, 17.4272536], [78.3691246, 17.4272339], [78.3691412, 17.4272846], [78.369255, 17.4272507], [78.3692384, 17.4272], [78.3693028, 17.4271808], [78.3692386, 17.4269846], [78.3691597, 17.4270081], [78.3691378, 17.4269412], [78.3690497, 17.4269674], [78.3690715, 17.4270343], [78.3689941, 17.4270574], [78.3690583, 17.4272536]]]}, "properties": {"osm_id": 356244394, "building_type": "yes", "osm_height": null, "osm_levels": null, "name": null}}, {"type": "Feature", "geometry": {"type": "Polygon", "coordinates": [[[78.3698969, 17.425567], [78.3699495, 17.4256116], [78.3700224, 17.4255334], [78.3700151, 17.4255272], [78.3700265, 17.425513], [78.3701165, 17.4255131], [78.3701162, 17.4254438], [78.3700657, 17.4254443], [78.3700661, 17.4254597], [78.3700287, 17.4254601], [78.3700272, 17.4254031], [78.3699529, 17.4254049], [78.369954, 17.4254449], [78.369979, 17.4254442], [78.3699806, 17.4255038], [78.3699551, 17.4255044], [78.3698969, 17.425567]]]}, "properties": {"osm_id": 356244409, "building_type": "yes", "osm_height": null, "osm_levels": null, "name": null}}, {"type": "Feature", "geometry": {"type": "Polygon", "coordinates": [[[78.3692416, 17.4257508], [78.3692518, 17.4258152], [78.3693364, 17.4258008], [78.3693285, 17.4257585], [78.3693076, 17.4257621], [78.3692986, 17.4257139], [78.3692891, 17.4257155], [78.3692825, 17.4256855], [78.3693277, 17.4256185], [78.3692517, 17.4255719], [78.3692248, 17.4256118], [78.369239, 17.4256205], [78.3692212, 17.4256469], [78.3691813, 17.4256224], [78.3691379, 17.4256868], [78.3691775, 17.425711], [78.3691846, 17.4257004], [78.369238, 17.4257332], [78.3692416, 17.4257508]]]}, "properties": {"osm_id": 356244412, "building_type": "yes", "osm_height": null, "osm_levels": null, "name": null}}, {"type": "Feature", "geometry": {"type": "Polygon", "coordinates": [[[78.3713519, 17.4266869], [78.3713441, 17.4266615], [78.3713139, 17.4267136], [78.3712669, 17.4266866], [78.3712447, 17.4266951], [78.3712295, 17.4267374], [78.3712008, 17.4267128], [78.3711756, 17.4267123], [78.3711796, 17.4267415], [78.3711165, 17.4267116], [78.3709874, 17.4269725], [78.3711573, 17.4270492], [78.3712608, 17.426832], [78.3712729, 17.4268604], [78.3713321, 17.426863], [78.3713707, 17.4268212], [78.3713666, 17.4267908], [78.3715761, 17.4268818], [78.3716465, 17.4267344], [78.3713884, 17.4266237], [78.3713519, 17.4266869]]]}, "properties": {"osm_id": 356244415, "building_type": "yes", "osm_height": null, "osm_levels": null, "name": null}}, {"type": "Feature", "geometry": {"type": "Polygon", "coordinates": [[[78.3694684, 17.4257563], [78.3695308, 17.4258003], [78.3695671, 17.4257569], [78.3695523, 17.4257425], [78.369587, 17.425701], [78.3695898, 17.4256766], [78.3696747, 17.4256592], [78.3696541, 17.4255808], [78.3696053, 17.4255925], [78.369609, 17.4256068], [78.36957, 17.4256178], [78.3695635, 17.4255749], [78.3694869, 17.4255836], [78.3694934, 17.4256312], [78.3695141, 17.4256327], [78.3695185, 17.4256965], [78.3695066, 17.4257133], [78.3694684, 17.4257563]]]}, "properties": {"osm_id": 356244417, "building_type": "yes", "osm_height": null, "osm_levels": null, "name": null}}, {"type": "Feature", "geometry": {"type": "Polygon", "coordinates": [[[78.3695455, 17.4261444], [78.369481, 17.4260449], [78.3694198, 17.4260809], [78.369444, 17.4261183], [78.3694584, 17.4261098], [78.3694755, 17.4261364], [78.3694283, 17.4261642], [78.3694767, 17.4262389], [78.3695246, 17.4262107], [78.3695168, 17.4261987], [78.3695316, 17.42619], [78.3695157, 17.4261655], [78.36953, 17.4261571], [78.3695542, 17.4261866], [78.3695748, 17.4261768], [78.3695759, 17.4261687], [78.3695984, 17.4261711], [78.369598, 17.4261803], [78.3696547, 17.4261878], [78.3696605, 17.4261131], [78.3696198, 17.4261102], [78.3696187, 17.4261242], [78.3695982, 17.4261227], [78.3695993, 17.4261088], [78.3695675, 17.4261064], [78.3695671, 17.4261294], [78.3695455, 17.4261444]]]}, "properties": {"osm_id": 356244420, "building_type": "yes", "osm_height": null, "osm_levels": null, "name": null}}, {"type": "Feature", "geometry": {"type": "Polygon", "coordinates": [[[78.3749261, 17.430481], [78.3749943, 17.4299382], [78.3746738, 17.4302141], [78.3749261, 17.430481]]]}, "properties": {"osm_id": 356244424, "building_type": "yes", "osm_height": null, "osm_levels": null, "name": null}}, {"type": "Feature", "geometry": {"type": "Polygon", "coordinates": [[[78.3705805, 17.4263786], [78.3705791, 17.4264726], [78.370623, 17.4264726], [78.3706232, 17.4265026], [78.3706591, 17.4265021], [78.3706587, 17.4264734], [78.3707188, 17.4264725], [78.3707173, 17.4263721], [78.3707126, 17.4262379], [78.3707447, 17.4262386], [78.3707426, 17.426196], [78.3707639, 17.4261952], [78.370717, 17.4261513], [78.3707109, 17.4261695], [78.3706718, 17.4261692], [78.3706729, 17.4262042], [78.3704225, 17.4262025], [78.3704238, 17.4262278], [78.3703926, 17.4262293], [78.3703951, 17.4262767], [78.3704262, 17.4262752], [78.3704285, 17.4263192], [78.3704966, 17.426316], [78.370499, 17.4263605], [78.3705437, 17.4263584], [78.3705449, 17.4263803], [78.3705805, 17.4263786]]]}, "properties": {"osm_id": 356244426, "building_type": "yes", "osm_height": null, "osm_levels": null, "name": null}}, {"type": "Feature", "geometry": {"type": "Polygon", "coordinates": [[[78.3709189, 17.4294918], [78.3710665, 17.429385], [78.3708744, 17.4291434], [78.3707268, 17.4292502], [78.3709189, 17.4294918]]]}, "properties": {"osm_id": 356244432, "building_type": "yes", "osm_height": null, "osm_levels": null, "name": null}}, {"type": "Feature", "geometry": {"type": "Polygon", "coordinates": [[[78.3708792, 17.4304544], [78.37102, 17.4303443], [78.3709267, 17.4302357], [78.3707859, 17.4303459], [78.3708792, 17.4304544]]]}, "properties": {"osm_id": 356244437, "building_type": "yes", "osm_height": null, "osm_levels": null, "name": null}}, {"type": "Feature", "geometry": {"type": "Polygon", "coordinates": [[[78.3702556, 17.4319475], [78.3703764, 17.4318617], [78.3703006, 17.4317645], [78.3701798, 17.4318504], [78.3702556, 17.4319475]]]}, "properties": {"osm_id": 356244441, "building_type": "yes", "osm_height": null, "osm_levels": null, "name": null}}, {"type": "Feature", "geometry": {"type": "Polygon", "coordinates": [[[78.3708806, 17.4309867], [78.3709251, 17.4309543], [78.3709126, 17.4309386], [78.3710116, 17.4308666], [78.3707197, 17.4305011], [78.3706535, 17.4305493], [78.3706283, 17.4305178], [78.3705511, 17.430574], [78.3708806, 17.4309867]]]}, "properties": {"osm_id": 356244444, "building_type": "yes", "osm_height": null, "osm_levels": null, "name": null}}, {"type": "Feature", "geometry": {"type": "Polygon", "coordinates": [[[78.3704876, 17.4299793], [78.370635, 17.4298783], [78.3705573, 17.4297752], [78.37041, 17.4298761], [78.3704876, 17.4299793]]]}, "properties": {"osm_id": 356244446, "building_type": "yes", "osm_height": null, "osm_levels": null, "name": null}}, {"type": "Feature", "geometry": {"type": "Polygon", "coordinates": [[[78.3743269, 17.4283815], [78.3743777, 17.4283619], [78.3743298, 17.4282486], [78.3742789, 17.4282682], [78.3743269, 17.4283815]]]}, "properties": {"osm_id": 356244449, "building_type": "yes", "osm_height": null, "osm_levels": null, "name": null}}, {"type": "Feature", "geometry": {"type": "Polygon", "coordinates": [[[78.371292, 17.4296155], [78.37144, 17.4295086], [78.3713679, 17.4294177], [78.3712199, 17.4295246], [78.371292, 17.4296155]]]}, "properties": {"osm_id": 356244451, "building_type": "yes", "osm_height": null, "osm_levels": null, "name": null}}, {"type": "Feature", "geometry": {"type": "Polygon", "coordinates": [[[78.3735875, 17.4335766], [78.3737645, 17.433537], [78.3736578, 17.4331028], [78.3734808, 17.4331424], [78.3735875, 17.4335766]]]}, "properties": {"osm_id": 356244452, "building_type": "yes", "osm_height": null, "osm_levels": null, "name": null}}, {"type": "Feature", "geometry": {"type": "Polygon", "coordinates": [[[78.3715082, 17.4302762], [78.371598, 17.4302139], [78.3714992, 17.4300842], [78.3714094, 17.4301465], [78.3715082, 17.4302762]]]}, "properties": {"osm_id": 356244454, "building_type": "yes", "osm_height": null, "osm_levels": null, "name": null}}, {"type": "Feature", "geometry": {"type": "Polygon", "coordinates": [[[78.3705879, 17.4301053], [78.3707311, 17.430003], [78.3706504, 17.4299002], [78.3705072, 17.4300025], [78.3705879, 17.4301053]]]}, "properties": {"osm_id": 356244456, "building_type": "yes", "osm_height": null, "osm_levels": null, "name": null}}, {"type": "Feature", "geometry": {"type": "Polygon", "coordinates": [[[78.3737565, 17.4322703], [78.373913, 17.4321956], [78.3738566, 17.4320881], [78.3737002, 17.4321628], [78.3737565, 17.4322703]]]}, "properties": {"osm_id": 356244457, "building_type": "yes", "osm_height": null, "osm_levels": null, "name": null}}, {"type": "Feature", "geometry": {"type": "Polygon", "coordinates": [[[78.3710055, 17.429657], [78.3711715, 17.4295356], [78.3710912, 17.4294357], [78.3709252, 17.4295571], [78.3710055, 17.429657]]]}, "properties": {"osm_id": 356244461, "building_type": "yes", "osm_height": null, "osm_levels": null, "name": null}}, {"type": "Feature", "geometry": {"type": "Polygon", "coordinates": [[[78.3712844, 17.4300246], [78.3716219, 17.4297804], [78.3714577, 17.4295739], [78.3711203, 17.429818], [78.3712844, 17.4300246]]]}, "properties": {"osm_id": 356244463, "building_type": "yes", "osm_height": null, "osm_levels": null, "name": null}}, {"type": "Feature", "geometry": {"type": "Polygon", "coordinates": [[[78.3709907, 17.4306289], [78.3711344, 17.4305281], [78.3710479, 17.4304158], [78.3709041, 17.4305166], [78.3709907, 17.4306289]]]}, "properties": {"osm_id": 356244464, "building_type": "yes", "osm_height": null, "osm_levels": null, "name": null}}, {"type": "Feature", "geometry": {"type": "Polygon", "coordinates": [[[78.374267, 17.4334559], [78.3744261, 17.4334796], [78.3744451, 17.4333636], [78.374286, 17.4333398], [78.374267, 17.4334559]]]}, "properties": {"osm_id": 356244465, "building_type": "yes", "osm_height": null, "osm_levels": null, "name": null}}, {"type": "Feature", "geometry": {"type": "Polygon", "coordinates": [[[78.3704745, 17.4304983], [78.3706082, 17.4304041], [78.3702784, 17.429978], [78.3701447, 17.4300721], [78.3704745, 17.4304983]]]}, "properties": {"osm_id": 356244466, "building_type": "yes", "osm_height": null, "osm_levels": null, "name": null}}, {"type": "Feature", "geometry": {"type": "Polygon", "coordinates": [[[78.3709131, 17.4326484], [78.3709587, 17.4326152], [78.3708964, 17.4325374], [78.3708508, 17.4325706], [78.3709131, 17.4326484]]]}, "properties": {"osm_id": 356244467, "building_type": "yes", "osm_height": null, "osm_levels": null, "name": null}}, {"type": "Feature", "geometry": {"type": "Polygon", "coordinates": [[[78.3697442, 17.4304896], [78.3699143, 17.4303774], [78.3698506, 17.4302895], [78.3696805, 17.4304017], [78.3697442, 17.4304896]]]}, "properties": {"osm_id": 356244469, "building_type": "yes", "osm_height": null, "osm_levels": null, "name": null}}, {"type": "Feature", "geometry": {"type": "Polygon", "coordinates": [[[78.3705188, 17.4255069], [78.3705077, 17.4254833], [78.370521, 17.4254757], [78.3704911, 17.4254273], [78.3704753, 17.4254362], [78.3704622, 17.4254151], [78.3704428, 17.425426], [78.3704151, 17.425381], [78.3703652, 17.4254091], [78.3703948, 17.425457], [78.3703829, 17.4254637], [78.3703944, 17.4254823], [78.3703835, 17.4254885], [78.3704158, 17.4255406], [78.3704323, 17.4255314], [78.3704442, 17.4255508], [78.3704327, 17.4255758], [78.3704324, 17.4255931], [78.3704375, 17.4256116], [78.3703921, 17.4256831], [78.3704033, 17.4256896], [78.3703916, 17.4257081], [78.3704082, 17.4257177], [78.3703838, 17.4257562], [78.3704344, 17.4257902], [78.3704643, 17.4257431], [78.3704785, 17.4257526], [78.3704905, 17.4257337], [78.3705039, 17.4257414], [78.3705355, 17.4256917], [78.3705221, 17.425684], [78.3705303, 17.4256663], [78.370512, 17.4256539], [78.3705472, 17.4256367], [78.3705659, 17.425659], [78.3705817, 17.4256502], [78.3705899, 17.4256442], [78.3705956, 17.4256295], [78.3706103, 17.4256284], [78.370611, 17.4256446], [78.3706727, 17.4256421], [78.3706721, 17.4256287], [78.3706974, 17.4256277], [78.3706966, 17.4256082], [78.3707476, 17.4256062], [78.3707453, 17.4255528], [78.3707315, 17.4255533], [78.37073, 17.4255182], [78.3706681, 17.4255206], [78.3706671, 17.4254987], [78.3705927, 17.4255016], [78.3705859, 17.4255116], [78.3705764, 17.4255155], [78.3705635, 17.4255148], [78.3705515, 17.4255049], [78.3705347, 17.4255037], [78.3705188, 17.4255069]]]}, "properties": {"osm_id": 356244471, "building_type": "yes", "osm_height": null, "osm_levels": null, "name": null}}, {"type": "Feature", "geometry": {"type": "Polygon", "coordinates": [[[78.3714668, 17.4320583], [78.3716539, 17.4322954], [78.3717113, 17.4322542], [78.3715757, 17.4320823], [78.3716893, 17.4320007], [78.3716379, 17.4319355], [78.3714668, 17.4320583]]]}, "properties": {"osm_id": 356244472, "building_type": "yes", "osm_height": null, "osm_levels": null, "name": null}}, {"type": "Feature", "geometry": {"type": "Polygon", "coordinates": [[[78.3952269, 17.4370039], [78.395421, 17.4369253], [78.3953237, 17.4367064], [78.3951295, 17.436785], [78.3952269, 17.4370039]]]}, "properties": {"osm_id": 356244544, "building_type": "yes", "osm_height": null, "osm_levels": null, "name": null}}, {"type": "Feature", "geometry": {"type": "Polygon", "coordinates": [[[78.394103, 17.43488], [78.3942001, 17.4348114], [78.3941098, 17.434695], [78.3940126, 17.4347636], [78.394103, 17.43488]]]}, "properties": {"osm_id": 356244547, "building_type": "yes", "osm_height": null, "osm_levels": null, "name": null}}, {"type": "Feature", "geometry": {"type": "Polygon", "coordinates": [[[78.3953079, 17.4354735], [78.3955301, 17.4353828], [78.3954824, 17.435247], [78.3954695, 17.4352104], [78.3954503, 17.4352057], [78.3954317, 17.4352074], [78.3953503, 17.435237], [78.3952887, 17.4352662], [78.3952333, 17.4352924], [78.3953079, 17.4354735]]]}, "properties": {"osm_id": 356244560, "building_type": "yes", "osm_height": null, "osm_levels": 4, "name": "Revelution", "addr_street": "Durgam Cheruvu Bridge"}}, {"type": "Feature", "geometry": {"type": "Polygon", "coordinates": [[[78.3953407, 17.4366423], [78.3955305, 17.436565], [78.3954342, 17.4363499], [78.3952445, 17.4364272], [78.3953407, 17.4366423]]]}, "properties": {"osm_id": 356244563, "building_type": "apartments", "osm_height": null, "osm_levels": null, "name": "Sai Balaji Towers"}}, {"type": "Feature", "geometry": {"type": "Polygon", "coordinates": [[[78.3942417, 17.4350779], [78.3943741, 17.4349843], [78.3943229, 17.4349184], [78.3941905, 17.435012], [78.3942417, 17.4350779]]]}, "properties": {"osm_id": 356244573, "building_type": "yes", "osm_height": null, "osm_levels": null, "name": null}}, {"type": "Feature", "geometry": {"type": "Polygon", "coordinates": [[[78.3947052, 17.4359425], [78.3947889, 17.4359045], [78.3946973, 17.4357211], [78.3946137, 17.4357591], [78.3947052, 17.4359425]]]}, "properties": {"osm_id": 356244600, "building_type": "yes", "osm_height": null, "osm_levels": null, "name": null}}, {"type": "Feature", "geometry": {"type": "Polygon", "coordinates": [[[78.3939938, 17.43474], [78.3940869, 17.4346763], [78.394007, 17.4345895], [78.3939902, 17.4346008], [78.3939331, 17.434523], [78.393867, 17.4345671], [78.3939938, 17.43474]]]}, "properties": {"osm_id": 356244602, "building_type": "yes", "osm_height": null, "osm_levels": null, "name": null}}, {"type": "Feature", "geometry": {"type": "Polygon", "coordinates": [[[78.395075, 17.4367544], [78.3952952, 17.4366598], [78.3951998, 17.4364575], [78.3949796, 17.436552], [78.395075, 17.4367544]]]}, "properties": {"osm_id": 356244628, "building_type": "yes", "osm_height": null, "osm_levels": null, "name": null}}, {"type": "Feature", "geometry": {"type": "Polygon", "coordinates": [[[78.3954863, 17.4375085], [78.3955232, 17.4374946], [78.395548, 17.4375546], [78.3956658, 17.4375104], [78.3956397, 17.4374471], [78.3956691, 17.437436], [78.395503, 17.4370335], [78.3953188, 17.4371027], [78.3954863, 17.4375085]]]}, "properties": {"osm_id": 356244643, "building_type": "yes", "osm_height": null, "osm_levels": null, "name": "PBEL city"}}, {"type": "Feature", "geometry": {"type": "Polygon", "coordinates": [[[78.3944325, 17.4353085], [78.3945002, 17.4352657], [78.394509, 17.4352784], [78.3945961, 17.4352234], [78.394533, 17.4351325], [78.3943782, 17.4352303], [78.3944325, 17.4353085]]]}, "properties": {"osm_id": 356244657, "building_type": "yes", "osm_height": null, "osm_levels": null, "name": null}}, {"type": "Feature", "geometry": {"type": "Polygon", "coordinates": [[[78.3831979, 17.4121565], [78.3833361, 17.4121485], [78.3833283, 17.4120248], [78.38319, 17.4120327], [78.3831979, 17.4121565]]]}, "properties": {"osm_id": 356246408, "building_type": "yes", "osm_height": null, "osm_levels": null, "name": null}}, {"type": "Feature", "geometry": {"type": "Polygon", "coordinates": [[[78.3834073, 17.4118148], [78.3835343, 17.4118075], [78.3835254, 17.4116658], [78.3833983, 17.4116731], [78.3834073, 17.4118148]]]}, "properties": {"osm_id": 356246559, "building_type": "yes", "osm_height": null, "osm_levels": null, "name": null}}, {"type": "Feature", "geometry": {"type": "Polygon", "coordinates": [[[78.3675008, 17.423211], [78.3677748, 17.4232339], [78.3677753, 17.4232567], [78.3677891, 17.4232759], [78.3678113, 17.4232759], [78.3677917, 17.4235316], [78.3679501, 17.4235418], [78.3679628, 17.4233613], [78.3680807, 17.4233688], [78.3680876, 17.4232696], [78.3680982, 17.4232703], [78.3682817, 17.4232822], [78.368293, 17.4231224], [78.3680414, 17.4230989], [78.3682143, 17.4229683], [78.3681991, 17.4229379], [78.3681797, 17.42293], [78.3680002, 17.4230606], [78.3680297, 17.4228047], [78.3678628, 17.422794], [78.3678416, 17.4230936], [78.3675106, 17.4230723], [78.3675008, 17.423211]]]}, "properties": {"osm_id": 356275092, "building_type": "yes", "osm_height": null, "osm_levels": 3, "name": "School of language and linguistics"}}, {"type": "Feature", "geometry": {"type": "Polygon", "coordinates": [[[78.3786335, 17.421426], [78.3787121, 17.4213675], [78.3786101, 17.4212427], [78.378516, 17.4213128], [78.3785738, 17.4213835], [78.3786292, 17.4213424], [78.3786481, 17.421363], [78.378607, 17.4213935], [78.3786335, 17.421426]]]}, "properties": {"osm_id": 356275098, "building_type": "yes", "osm_height": null, "osm_levels": null, "name": null}}, {"type": "Feature", "geometry": {"type": "Polygon", "coordinates": [[[78.3751965, 17.4220975], [78.3755226, 17.4220862], [78.3755245, 17.4221347], [78.3756753, 17.4221295], [78.3756735, 17.422081], [78.3760611, 17.4220676], [78.3760573, 17.4218549], [78.375974, 17.4218554], [78.3759714, 17.4217092], [78.375509, 17.4217122], [78.3755072, 17.4216003], [78.3759199, 17.4215929], [78.37565, 17.4211439], [78.375161, 17.4211625], [78.3751707, 17.4214182], [78.3751062, 17.4214204], [78.3751232, 17.4218668], [78.3751876, 17.4218646], [78.3751965, 17.4220975]]]}, "properties": {"osm_id": 356275103, "building_type": "yes", "osm_height": null, "osm_levels": null, "name": null, "office": "yes"}}, {"type": "Feature", "geometry": {"type": "Polygon", "coordinates": [[[78.3758235, 17.4245062], [78.3759493, 17.424552], [78.3759408, 17.4245732], [78.3759157, 17.4245641], [78.3759072, 17.4245821], [78.3759707, 17.4246081], [78.375974, 17.4246202], [78.3759827, 17.4246311], [78.3759931, 17.4246416], [78.3760111, 17.4246519], [78.3760288, 17.4246568], [78.3760454, 17.4246562], [78.3760616, 17.4246535], [78.3760748, 17.4246506], [78.3761435, 17.424676], [78.3761562, 17.4246383], [78.3759774, 17.4245732], [78.3760154, 17.4244782], [78.376127, 17.4245188], [78.376169, 17.4244138], [78.3759707, 17.4243415], [78.3759276, 17.4244492], [78.3758567, 17.4244233], [78.3758235, 17.4245062]]]}, "properties": {"osm_id": 356275105, "building_type": "yes", "osm_height": null, "osm_levels": null, "name": null}}, {"type": "Feature", "geometry": {"type": "Polygon", "coordinates": [[[78.3737187, 17.4253502], [78.3737647, 17.4253508], [78.373765, 17.4253334], [78.3737777, 17.4253335], [78.3737772, 17.4253735], [78.3738715, 17.4253746], [78.3738721, 17.4253289], [78.3739039, 17.4253325], [78.3739136, 17.4253462], [78.3739251, 17.4253581], [78.3739261, 17.4253743], [78.3739586, 17.4253756], [78.3739588, 17.4253596], [78.3739688, 17.425348], [78.3739789, 17.4253338], [78.3740011, 17.425337], [78.3740006, 17.4253761], [78.3741058, 17.4253773], [78.3741059, 17.4253657], [78.3741736, 17.4253665], [78.3741746, 17.4252868], [78.3740024, 17.4252848], [78.3740046, 17.4251074], [78.3739818, 17.4251065], [78.3739839, 17.4250601], [78.3739191, 17.4250593], [78.3739186, 17.4251055], [78.373892, 17.4251052], [78.3738897, 17.4252804], [78.3737196, 17.4252784], [78.3737187, 17.4253502]]]}, "properties": {"osm_id": 356275106, "building_type": "yes", "osm_height": null, "osm_levels": null, "name": null}}, {"type": "Feature", "geometry": {"type": "Polygon", "coordinates": [[[78.3785423, 17.4220958], [78.3786073, 17.4220434], [78.3785615, 17.4219917], [78.3784965, 17.4220442], [78.3785423, 17.4220958]]]}, "properties": {"osm_id": 356275107, "building_type": "yes", "osm_height": null, "osm_levels": null, "name": null}}, {"type": "Feature", "geometry": {"type": "Polygon", "coordinates": [[[78.3759388, 17.4266407], [78.3762016, 17.4265127], [78.3760547, 17.4262381], [78.3757919, 17.4263661], [78.3759388, 17.4266407]]]}, "properties": {"osm_id": 356275108, "building_type": "yes", "osm_height": null, "osm_levels": null, "name": null}}, {"type": "Feature", "geometry": {"type": "Polygon", "coordinates": [[[78.3801599, 17.4232491], [78.3801945, 17.4232214], [78.3801447, 17.4231868], [78.3801145, 17.4232144], [78.3801599, 17.4232491]]]}, "properties": {"osm_id": 356275109, "building_type": "yes", "osm_height": null, "osm_levels": null, "name": null}}, {"type": "Feature", "geometry": {"type": "Polygon", "coordinates": [[[78.3775816, 17.4255542], [78.3778037, 17.4253965], [78.3777653, 17.4253474], [78.3775433, 17.4255051], [78.3775816, 17.4255542]]]}, "properties": {"osm_id": 356275112, "building_type": "yes", "osm_height": null, "osm_levels": null, "name": null}}, {"type": "Feature", "geometry": {"type": "Polygon", "coordinates": [[[78.3803119, 17.4226788], [78.3803653, 17.4226398], [78.3803071, 17.4225673], [78.3802537, 17.4226062], [78.3803119, 17.4226788]]]}, "properties": {"osm_id": 356275114, "building_type": "yes", "osm_height": null, "osm_levels": null, "name": null}}, {"type": "Feature", "geometry": {"type": "Polygon", "coordinates": [[[78.3796386, 17.4215696], [78.3797133, 17.4215138], [78.3796697, 17.4214606], [78.379595, 17.4215164], [78.3796386, 17.4215696]]]}, "properties": {"osm_id": 356275116, "building_type": "yes", "osm_height": null, "osm_levels": null, "name": null}}, {"type": "Feature", "geometry": {"type": "Polygon", "coordinates": [[[78.3783949, 17.4215847], [78.3784419, 17.4216423], [78.3785003, 17.4215989], [78.3784532, 17.4215413], [78.3783949, 17.4215847]]]}, "properties": {"osm_id": 356275118, "building_type": "yes", "osm_height": null, "osm_levels": null, "name": null}}, {"type": "Feature", "geometry": {"type": "Polygon", "coordinates": [[[78.3797202, 17.4225075], [78.3797914, 17.4224578], [78.3797511, 17.4224053], [78.3796799, 17.4224552], [78.3797202, 17.4225075]]]}, "properties": {"osm_id": 356275120, "building_type": "yes", "osm_height": null, "osm_levels": null, "name": null}}, {"type": "Feature", "geometry": {"type": "Polygon", "coordinates": [[[78.3790563, 17.4227193], [78.3791324, 17.4226594], [78.379067, 17.4225837], [78.3789909, 17.4226436], [78.3790563, 17.4227193]]]}, "properties": {"osm_id": 356275122, "building_type": "yes", "osm_height": null, "osm_levels": null, "name": null}}, {"type": "Feature", "geometry": {"type": "Polygon", "coordinates": [[[78.3800806, 17.422482], [78.380135, 17.4224422], [78.3800865, 17.4223817], [78.380032, 17.4224214], [78.3800806, 17.422482]]]}, "properties": {"osm_id": 356275123, "building_type": "yes", "osm_height": null, "osm_levels": null, "name": null}}, {"type": "Feature", "geometry": {"type": "Polygon", "coordinates": [[[78.3798599, 17.4232438], [78.3799023, 17.4232128], [78.3798799, 17.423185], [78.3798375, 17.423216], [78.3798599, 17.4232438]]]}, "properties": {"osm_id": 356275126, "building_type": "yes", "osm_height": null, "osm_levels": null, "name": null}}, {"type": "Feature", "geometry": {"type": "Polygon", "coordinates": [[[78.3793868, 17.4234752], [78.379458, 17.4234308], [78.3794017, 17.4233485], [78.3793305, 17.4233929], [78.3793868, 17.4234752]]]}, "properties": {"osm_id": 356275127, "building_type": "yes", "osm_height": null, "osm_levels": null, "name": null}}, {"type": "Feature", "geometry": {"type": "Polygon", "coordinates": [[[78.3795888, 17.4233622], [78.3796415, 17.4234252], [78.3796901, 17.4233883], [78.3796374, 17.4233252], [78.3795888, 17.4233622]]]}, "properties": {"osm_id": 356275128, "building_type": "yes", "osm_height": null, "osm_levels": null, "name": null}}, {"type": "Feature", "geometry": {"type": "Polygon", "coordinates": [[[78.3765685, 17.4265973], [78.376658, 17.4265296], [78.376611, 17.426473], [78.3765215, 17.4265406], [78.3765685, 17.4265973]]]}, "properties": {"osm_id": 356275133, "building_type": "yes", "osm_height": null, "osm_levels": null, "name": null}}, {"type": "Feature", "geometry": {"type": "Polygon", "coordinates": [[[78.3794323, 17.4231468], [78.3795001, 17.4231012], [78.379458, 17.4230442], [78.3793902, 17.4230898], [78.3794323, 17.4231468]]]}, "properties": {"osm_id": 356275134, "building_type": "yes", "osm_height": null, "osm_levels": null, "name": null}}, {"type": "Feature", "geometry": {"type": "Polygon", "coordinates": [[[78.3798872, 17.4230691], [78.3799413, 17.4230297], [78.3798962, 17.4229735], [78.3798421, 17.4230129], [78.3798872, 17.4230691]]]}, "properties": {"osm_id": 356275145, "building_type": "yes", "osm_height": null, "osm_levels": null, "name": null}}, {"type": "Feature", "geometry": {"type": "Polygon", "coordinates": [[[78.379458, 17.4227848], [78.3795425, 17.4227157], [78.3794884, 17.4226553], [78.3794038, 17.4227245], [78.379458, 17.4227848]]]}, "properties": {"osm_id": 356275146, "building_type": "yes", "osm_height": null, "osm_levels": null, "name": null}}, {"type": "Feature", "geometry": {"type": "Polygon", "coordinates": [[[78.3797747, 17.4232483], [78.3798282, 17.4232093], [78.3797934, 17.4231658], [78.3797399, 17.4232049], [78.3797747, 17.4232483]]]}, "properties": {"osm_id": 356275150, "building_type": "yes", "osm_height": null, "osm_levels": null, "name": null}}, {"type": "Feature", "geometry": {"type": "Polygon", "coordinates": [[[78.3798969, 17.4229642], [78.3799297, 17.4229403], [78.3798727, 17.4228692], [78.3798399, 17.4228932], [78.3798969, 17.4229642]]]}, "properties": {"osm_id": 356275159, "building_type": "yes", "osm_height": null, "osm_levels": null, "name": null}}, {"type": "Feature", "geometry": {"type": "Polygon", "coordinates": [[[78.3741443, 17.4258189], [78.3742392, 17.4258225], [78.374244, 17.4257059], [78.3741492, 17.4257023], [78.3741443, 17.4258189]]]}, "properties": {"osm_id": 356275160, "building_type": "yes", "osm_height": null, "osm_levels": null, "name": null}}, {"type": "Feature", "geometry": {"type": "Polygon", "coordinates": [[[78.3784507, 17.4221597], [78.3785078, 17.4221113], [78.3784699, 17.4220708], [78.3784129, 17.4221193], [78.3784507, 17.4221597]]]}, "properties": {"osm_id": 356275161, "building_type": "yes", "osm_height": null, "osm_levels": null, "name": null}}, {"type": "Feature", "geometry": {"type": "Polygon", "coordinates": [[[78.3786825, 17.4212981], [78.3787344, 17.4212595], [78.378755, 17.4212848], [78.3787156, 17.4213141], [78.3787394, 17.4213432], [78.3788171, 17.4212854], [78.3787156, 17.4211612], [78.3786255, 17.4212282], [78.3786825, 17.4212981]]]}, "properties": {"osm_id": 356275165, "building_type": "yes", "osm_height": null, "osm_levels": null, "name": null}}, {"type": "Feature", "geometry": {"type": "Polygon", "coordinates": [[[78.3803627, 17.4228189], [78.3804096, 17.4227766], [78.3803487, 17.4227152], [78.3803018, 17.4227576], [78.3803627, 17.4228189]]]}, "properties": {"osm_id": 356275166, "building_type": "yes", "osm_height": null, "osm_levels": null, "name": null}}, {"type": "Feature", "geometry": {"type": "Polygon", "coordinates": [[[78.3783437, 17.421529], [78.3784005, 17.4214848], [78.3783546, 17.4214311], [78.3782978, 17.4214753], [78.3783437, 17.421529]]]}, "properties": {"osm_id": 356275170, "building_type": "yes", "osm_height": null, "osm_levels": null, "name": null}}, {"type": "Feature", "geometry": {"type": "Polygon", "coordinates": [[[78.3800224, 17.4228893], [78.3800965, 17.4229815], [78.3801105, 17.4229989], [78.3801733, 17.4229528], [78.3801593, 17.4229354], [78.3800783, 17.422846], [78.3800224, 17.4228893]]]}, "properties": {"osm_id": 356275171, "building_type": "yes", "osm_height": null, "osm_levels": null, "name": null}}, {"type": "Feature", "geometry": {"type": "Polygon", "coordinates": [[[78.3782235, 17.4219452], [78.3782924, 17.4218874], [78.3782387, 17.4218294], [78.3781699, 17.4218872], [78.3782235, 17.4219452]]]}, "properties": {"osm_id": 356275176, "building_type": "yes", "osm_height": null, "osm_levels": null, "name": null}}, {"type": "Feature", "geometry": {"type": "Polygon", "coordinates": [[[78.3755979, 17.427], [78.3751329, 17.4260493], [78.3748767, 17.4261132], [78.3751504, 17.4271116], [78.3755979, 17.427]]]}, "properties": {"osm_id": 356275178, "building_type": "yes", "osm_height": null, "osm_levels": null, "name": null}}, {"type": "Feature", "geometry": {"type": "Polygon", "coordinates": [[[78.3800661, 17.4227197], [78.3801245, 17.4226771], [78.3800523, 17.422587], [78.3799939, 17.4226297], [78.3800661, 17.4227197]]]}, "properties": {"osm_id": 356275181, "building_type": "yes", "osm_height": null, "osm_levels": null, "name": null}}, {"type": "Feature", "geometry": {"type": "Polygon", "coordinates": [[[78.380205, 17.4227672], [78.3802608, 17.4227264], [78.380185, 17.4226319], [78.3801292, 17.4226726], [78.380205, 17.4227672]]]}, "properties": {"osm_id": 356275187, "building_type": "yes", "osm_height": null, "osm_levels": null, "name": null}}, {"type": "Feature", "geometry": {"type": "Polygon", "coordinates": [[[78.3796382, 17.4216183], [78.3795883, 17.4215555], [78.3795506, 17.4215826], [78.3796005, 17.4216454], [78.3796382, 17.4216183]]]}, "properties": {"osm_id": 356275190, "building_type": "yes", "osm_height": null, "osm_levels": null, "name": null}}, {"type": "Feature", "geometry": {"type": "Polygon", "coordinates": [[[78.380233, 17.4228059], [78.3803105, 17.4228772], [78.3803341, 17.4228538], [78.3802566, 17.4227826], [78.380233, 17.4228059]]]}, "properties": {"osm_id": 356275192, "building_type": "yes", "osm_height": null, "osm_levels": null, "name": null}}, {"type": "Feature", "geometry": {"type": "Polygon", "coordinates": [[[78.3799691, 17.422573], [78.380025, 17.4225321], [78.3799769, 17.4224722], [78.379921, 17.422513], [78.3799691, 17.422573]]]}, "properties": {"osm_id": 356275193, "building_type": "yes", "osm_height": null, "osm_levels": null, "name": null}}, {"type": "Feature", "geometry": {"type": "Polygon", "coordinates": [[[78.3787476, 17.4223479], [78.3788233, 17.422285], [78.3787776, 17.4222347], [78.3787018, 17.4222978], [78.3787476, 17.4223479]]]}, "properties": {"osm_id": 356275195, "building_type": "yes", "osm_height": null, "osm_levels": null, "name": null}}, {"type": "Feature", "geometry": {"type": "Polygon", "coordinates": [[[78.3798374, 17.4232111], [78.3798798, 17.4231802], [78.3798481, 17.4231407], [78.3798057, 17.4231717], [78.3798374, 17.4232111]]]}, "properties": {"osm_id": 356275197, "building_type": "yes", "osm_height": null, "osm_levels": null, "name": null}}, {"type": "Feature", "geometry": {"type": "Polygon", "coordinates": [[[78.3794006, 17.4233036], [78.3794661, 17.4232595], [78.3794134, 17.4231881], [78.3793478, 17.4232322], [78.3794006, 17.4233036]]]}, "properties": {"osm_id": 356275198, "building_type": "yes", "osm_height": null, "osm_levels": null, "name": null}}, {"type": "Feature", "geometry": {"type": "Polygon", "coordinates": [[[78.3795511, 17.4233046], [78.3795903, 17.4233542], [78.3796686, 17.423298], [78.3796295, 17.4232484], [78.3795511, 17.4233046]]]}, "properties": {"osm_id": 356275199, "building_type": "yes", "osm_height": null, "osm_levels": null, "name": null}}, {"type": "Feature", "geometry": {"type": "Polygon", "coordinates": [[[78.3766417, 17.4262791], [78.3769142, 17.4260785], [78.3767997, 17.4259369], [78.3765272, 17.4261375], [78.3766417, 17.4262791]]]}, "properties": {"osm_id": 356275204, "building_type": "yes", "osm_height": null, "osm_levels": null, "name": null}}, {"type": "Feature", "geometry": {"type": "Polygon", "coordinates": [[[78.3805801, 17.4233861], [78.3806471, 17.4233334], [78.3806916, 17.4232983], [78.3806219, 17.4232177], [78.380601, 17.4232342], [78.3805744, 17.4232034], [78.3804837, 17.4232748], [78.3805801, 17.4233861]]]}, "properties": {"osm_id": 356275205, "building_type": "yes", "osm_height": null, "osm_levels": null, "name": null}}, {"type": "Feature", "geometry": {"type": "Polygon", "coordinates": [[[78.3791405, 17.4225049], [78.3791965, 17.4224668], [78.3790974, 17.4223337], [78.3790412, 17.4223718], [78.3791405, 17.4225049]]]}, "properties": {"osm_id": 356275208, "building_type": "yes", "osm_height": null, "osm_levels": null, "name": null}}, {"type": "Feature", "geometry": {"type": "Polygon", "coordinates": [[[78.3796908, 17.4217639], [78.3797393, 17.4217288], [78.3796728, 17.4216452], [78.3796243, 17.4216803], [78.3796908, 17.4217639]]]}, "properties": {"osm_id": 356275210, "building_type": "yes", "osm_height": null, "osm_levels": null, "name": null}}, {"type": "Feature", "geometry": {"type": "Polygon", "coordinates": [[[78.3786845, 17.4220701], [78.378755, 17.422015], [78.378715, 17.4219683], [78.3786445, 17.4220234], [78.3786845, 17.4220701]]]}, "properties": {"osm_id": 356275211, "building_type": "yes", "osm_height": null, "osm_levels": null, "name": null}}, {"type": "Feature", "geometry": {"type": "Polygon", "coordinates": [[[78.3798257, 17.4229959], [78.3798813, 17.4229553], [78.3798499, 17.4229161], [78.3797942, 17.4229567], [78.3798257, 17.4229959]]]}, "properties": {"osm_id": 356275213, "building_type": "yes", "osm_height": null, "osm_levels": null, "name": null}}, {"type": "Feature", "geometry": {"type": "Polygon", "coordinates": [[[78.378556, 17.4222537], [78.3785966, 17.4222173], [78.3785583, 17.4221786], [78.3785177, 17.4222149], [78.378556, 17.4222537]]]}, "properties": {"osm_id": 356275214, "building_type": "yes", "osm_height": null, "osm_levels": null, "name": null}}, {"type": "Feature", "geometry": {"type": "Polygon", "coordinates": [[[78.3800366, 17.4225384], [78.3800876, 17.4225012], [78.3800307, 17.4224302], [78.3799797, 17.4224675], [78.3800366, 17.4225384]]]}, "properties": {"osm_id": 356275215, "building_type": "yes", "osm_height": null, "osm_levels": null, "name": null}}, {"type": "Feature", "geometry": {"type": "Polygon", "coordinates": [[[78.3790077, 17.4211382], [78.379079, 17.4210852], [78.378978, 17.4209616], [78.3789067, 17.4210147], [78.3790077, 17.4211382]]]}, "properties": {"osm_id": 356275217, "building_type": "yes", "osm_height": null, "osm_levels": null, "name": null}}, {"type": "Feature", "geometry": {"type": "Polygon", "coordinates": [[[78.3797291, 17.4231903], [78.3797852, 17.4231492], [78.3797477, 17.4231025], [78.3796916, 17.4231435], [78.3797291, 17.4231903]]]}, "properties": {"osm_id": 356275219, "building_type": "yes", "osm_height": null, "osm_levels": null, "name": null}}, {"type": "Feature", "geometry": {"type": "Polygon", "coordinates": [[[78.3796924, 17.4226991], [78.3797437, 17.4227664], [78.379817, 17.4227156], [78.3797657, 17.4226483], [78.3796924, 17.4226991]]]}, "properties": {"osm_id": 356275222, "building_type": "yes", "osm_height": null, "osm_levels": null, "name": null}}, {"type": "Feature", "geometry": {"type": "Polygon", "coordinates": [[[78.3781909, 17.4217171], [78.378261, 17.4216623], [78.3781857, 17.4215752], [78.3781158, 17.42163], [78.3781909, 17.4217171]]]}, "properties": {"osm_id": 356275227, "building_type": "yes", "osm_height": null, "osm_levels": null, "name": null}}, {"type": "Feature", "geometry": {"type": "Polygon", "coordinates": [[[78.3797613, 17.4229108], [78.3798116, 17.4228741], [78.3797648, 17.4228158], [78.3797145, 17.4228524], [78.3797613, 17.4229108]]]}, "properties": {"osm_id": 356275228, "building_type": "yes", "osm_height": null, "osm_levels": null, "name": null}}, {"type": "Feature", "geometry": {"type": "Polygon", "coordinates": [[[78.3736219, 17.4256035], [78.3737212, 17.4256053], [78.373721, 17.4256139], [78.3737542, 17.4256145], [78.3737547, 17.4255893], [78.3737719, 17.4255886], [78.3737904, 17.425615], [78.3738392, 17.4256159], [78.3738608, 17.4255895], [78.3738802, 17.4255916], [78.3738811, 17.4255453], [78.373858, 17.4255449], [78.3738438, 17.4255194], [78.3737936, 17.4255167], [78.3737787, 17.4255434], [78.373761, 17.4255431], [78.3737617, 17.425507], [78.3736239, 17.4255045], [78.3736219, 17.4256035]]]}, "properties": {"osm_id": 356275230, "building_type": "yes", "osm_height": null, "osm_levels": null, "name": null}}, {"type": "Feature", "geometry": {"type": "Polygon", "coordinates": [[[78.3784031, 17.4221169], [78.378462, 17.4220644], [78.378415, 17.4220163], [78.3783561, 17.4220689], [78.3784031, 17.4221169]]]}, "properties": {"osm_id": 356275232, "building_type": "yes", "osm_height": null, "osm_levels": null, "name": null}}, {"type": "Feature", "geometry": {"type": "Polygon", "coordinates": [[[78.3802318, 17.4226072], [78.3802904, 17.4225644], [78.3802113, 17.4224658], [78.3801527, 17.4225086], [78.3802318, 17.4226072]]]}, "properties": {"osm_id": 356275233, "building_type": "yes", "osm_height": null, "osm_levels": null, "name": null}}, {"type": "Feature", "geometry": {"type": "Polygon", "coordinates": [[[78.3796771, 17.4228167], [78.3797137, 17.4227897], [78.3796502, 17.4227113], [78.3796135, 17.4227383], [78.3796771, 17.4228167]]]}, "properties": {"osm_id": 356275241, "building_type": "yes", "osm_height": null, "osm_levels": null, "name": null}}, {"type": "Feature", "geometry": {"type": "Polygon", "coordinates": [[[78.3792307, 17.4230935], [78.3792967, 17.4230369], [78.3792246, 17.4229602], [78.3791585, 17.4230167], [78.3792307, 17.4230935]]]}, "properties": {"osm_id": 356275242, "building_type": "yes", "osm_height": null, "osm_levels": null, "name": null}}, {"type": "Feature", "geometry": {"type": "Polygon", "coordinates": [[[78.3800132, 17.4227579], [78.3800613, 17.4227228], [78.3799892, 17.4226328], [78.379941, 17.4226679], [78.3800132, 17.4227579]]]}, "properties": {"osm_id": 356275246, "building_type": "yes", "osm_height": null, "osm_levels": null, "name": null}}, {"type": "Feature", "geometry": {"type": "Polygon", "coordinates": [[[78.3741351, 17.4274974], [78.3741847, 17.4276514], [78.3742737, 17.4276253], [78.3742241, 17.4274713], [78.3741351, 17.4274974]]]}, "properties": {"osm_id": 356275248, "building_type": "yes", "osm_height": null, "osm_levels": null, "name": null}}, {"type": "Feature", "geometry": {"type": "Polygon", "coordinates": [[[78.3782845, 17.4218537], [78.3783702, 17.4217897], [78.378328, 17.4217381], [78.3782423, 17.4218022], [78.3782845, 17.4218537]]]}, "properties": {"osm_id": 356275249, "building_type": "yes", "osm_height": null, "osm_levels": null, "name": null}}, {"type": "Feature", "geometry": {"type": "Polygon", "coordinates": [[[78.3762459, 17.4250353], [78.3762962, 17.4250026], [78.3762374, 17.4249201], [78.3761871, 17.4249528], [78.3762459, 17.4250353]]]}, "properties": {"osm_id": 356275250, "building_type": "yes", "osm_height": null, "osm_levels": null, "name": null}}, {"type": "Feature", "geometry": {"type": "Polygon", "coordinates": [[[78.37948, 17.4232089], [78.3795498, 17.4231621], [78.3795092, 17.4231072], [78.3794395, 17.423154], [78.37948, 17.4232089]]]}, "properties": {"osm_id": 356275251, "building_type": "yes", "osm_height": null, "osm_levels": null, "name": null}}, {"type": "Feature", "geometry": {"type": "Polygon", "coordinates": [[[78.3736826, 17.4259971], [78.3741521, 17.4260149], [78.3741575, 17.4258846], [78.373688, 17.4258669], [78.3736826, 17.4259971]]]}, "properties": {"osm_id": 356275253, "building_type": "yes", "osm_height": null, "osm_levels": null, "name": null}}, {"type": "Feature", "geometry": {"type": "Polygon", "coordinates": [[[78.3802891, 17.4225432], [78.3803442, 17.422503], [78.3802754, 17.4224172], [78.3802203, 17.4224574], [78.3802891, 17.4225432]]]}, "properties": {"osm_id": 356275256, "building_type": "yes", "osm_height": null, "osm_levels": null, "name": null}}, {"type": "Feature", "geometry": {"type": "Polygon", "coordinates": [[[78.379767, 17.4217211], [78.3798613, 17.421653], [78.3797788, 17.4215492], [78.3796845, 17.4216174], [78.379767, 17.4217211]]]}, "properties": {"osm_id": 356275263, "building_type": "yes", "osm_height": null, "osm_levels": null, "name": null}}, {"type": "Feature", "geometry": {"type": "Polygon", "coordinates": [[[78.3740322, 17.4266208], [78.3742086, 17.4265641], [78.3741748, 17.4264684], [78.3739984, 17.4265252], [78.3740322, 17.4266208]]]}, "properties": {"osm_id": 356275267, "building_type": "yes", "osm_height": null, "osm_levels": null, "name": null}}, {"type": "Feature", "geometry": {"type": "Polygon", "coordinates": [[[78.3799529, 17.4231391], [78.3799932, 17.4231893], [78.3800421, 17.4231536], [78.3800018, 17.4231034], [78.3799529, 17.4231391]]]}, "properties": {"osm_id": 356275269, "building_type": "yes", "osm_height": null, "osm_levels": null, "name": null}}, {"type": "Feature", "geometry": {"type": "Polygon", "coordinates": [[[78.3798017, 17.4231537], [78.379854, 17.4231155], [78.3798075, 17.4230576], [78.3797552, 17.4230958], [78.3798017, 17.4231537]]]}, "properties": {"osm_id": 356275271, "building_type": "yes", "osm_height": null, "osm_levels": null, "name": null}}, {"type": "Feature", "geometry": {"type": "Polygon", "coordinates": [[[78.3794822, 17.4213562], [78.3795614, 17.4212932], [78.3795077, 17.4212316], [78.3794285, 17.4212946], [78.3794822, 17.4213562]]]}, "properties": {"osm_id": 356275274, "building_type": "yes", "osm_height": null, "osm_levels": null, "name": null}}, {"type": "Feature", "geometry": {"type": "Polygon", "coordinates": [[[78.3799753, 17.4230529], [78.380012, 17.4230986], [78.3800787, 17.42305], [78.380042, 17.4230042], [78.3799753, 17.4230529]]]}, "properties": {"osm_id": 356275275, "building_type": "yes", "osm_height": null, "osm_levels": null, "name": null}}, {"type": "Feature", "geometry": {"type": "Polygon", "coordinates": [[[78.3796215, 17.4232465], [78.3796724, 17.4232094], [78.379627, 17.4231528], [78.3795761, 17.42319], [78.3796215, 17.4232465]]]}, "properties": {"osm_id": 356275276, "building_type": "yes", "osm_height": null, "osm_levels": null, "name": null}}, {"type": "Feature", "geometry": {"type": "Polygon", "coordinates": [[[78.3800149, 17.4231052], [78.3800542, 17.4231541], [78.3801308, 17.4230982], [78.3800916, 17.4230492], [78.3800149, 17.4231052]]]}, "properties": {"osm_id": 356275287, "building_type": "yes", "osm_height": null, "osm_levels": null, "name": null}}, {"type": "Feature", "geometry": {"type": "Polygon", "coordinates": [[[78.3797945, 17.4229497], [78.3798483, 17.4229104], [78.3798243, 17.4228804], [78.3797705, 17.4229197], [78.3797945, 17.4229497]]]}, "properties": {"osm_id": 356275288, "building_type": "yes", "osm_height": null, "osm_levels": null, "name": null}}, {"type": "Feature", "geometry": {"type": "Polygon", "coordinates": [[[78.3785946, 17.4223158], [78.3786395, 17.4222801], [78.3786158, 17.4222529], [78.3785709, 17.4222885], [78.3785946, 17.4223158]]]}, "properties": {"osm_id": 356275289, "building_type": "yes", "osm_height": null, "osm_levels": null, "name": null}}, {"type": "Feature", "geometry": {"type": "Polygon", "coordinates": [[[78.3783769, 17.4216806], [78.3784146, 17.4216525], [78.3783793, 17.4216093], [78.3783415, 17.4216373], [78.3783769, 17.4216806]]]}, "properties": {"osm_id": 356275294, "building_type": "yes", "osm_height": null, "osm_levels": null, "name": null}}, {"type": "Feature", "geometry": {"type": "Polygon", "coordinates": [[[78.3827315, 17.4220556], [78.3829115, 17.4219604], [78.3828695, 17.4218883], [78.3826896, 17.4219835], [78.3827315, 17.4220556]]]}, "properties": {"osm_id": 356275295, "building_type": "yes", "osm_height": null, "osm_levels": null, "name": null}}, {"type": "Feature", "geometry": {"type": "Polygon", "coordinates": [[[78.379275, 17.4225392], [78.3793567, 17.4224837], [78.3793144, 17.422427], [78.3792327, 17.4224825], [78.379275, 17.4225392]]]}, "properties": {"osm_id": 356275297, "building_type": "yes", "osm_height": null, "osm_levels": null, "name": null}}, {"type": "Feature", "geometry": {"type": "Polygon", "coordinates": [[[78.3783367, 17.4220649], [78.3784094, 17.4220048], [78.3783617, 17.4219524], [78.3782891, 17.4220123], [78.3783367, 17.4220649]]]}, "properties": {"osm_id": 356275303, "building_type": "yes", "osm_height": null, "osm_levels": null, "name": null}}, {"type": "Feature", "geometry": {"type": "Polygon", "coordinates": [[[78.3739799, 17.4255965], [78.3740005, 17.4255953], [78.3740231, 17.4256249], [78.374065, 17.4256256], [78.3740795, 17.4256047], [78.3741038, 17.4256041], [78.3741025, 17.4256275], [78.3741531, 17.4256301], [78.3741638, 17.4254381], [78.3740746, 17.4254335], [78.3740689, 17.4255355], [78.3740492, 17.4255296], [78.3740204, 17.4255289], [78.3740014, 17.4255548], [78.3739823, 17.4255539], [78.3739799, 17.4255965]]]}, "properties": {"osm_id": 356275305, "building_type": "yes", "osm_height": null, "osm_levels": null, "name": null}}, {"type": "Feature", "geometry": {"type": "Polygon", "coordinates": [[[78.378459, 17.422162], [78.3784944, 17.4222004], [78.378551, 17.4221531], [78.3785155, 17.4221145], [78.378459, 17.422162]]]}, "properties": {"osm_id": 356275308, "building_type": "yes", "osm_height": null, "osm_levels": null, "name": null}}, {"type": "Feature", "geometry": {"type": "Polygon", "coordinates": [[[78.3801319, 17.4226544], [78.3802111, 17.4225965], [78.3801464, 17.4225158], [78.3800671, 17.4225737], [78.3801319, 17.4226544]]]}, "properties": {"osm_id": 356275310, "building_type": "yes", "osm_height": null, "osm_levels": null, "name": null}}, {"type": "Feature", "geometry": {"type": "Polygon", "coordinates": [[[78.3799979, 17.4224355], [78.3799657, 17.4223959], [78.3798635, 17.4224716], [78.3798957, 17.4225111], [78.3799979, 17.4224355]]]}, "properties": {"osm_id": 356275314, "building_type": "yes", "osm_height": null, "osm_levels": null, "name": null}}, {"type": "Feature", "geometry": {"type": "Polygon", "coordinates": [[[78.3825635, 17.4221594], [78.3826478, 17.4221226], [78.3825777, 17.4219763], [78.3824934, 17.4220132], [78.3825635, 17.4221594]]]}, "properties": {"osm_id": 356275318, "building_type": "yes", "osm_height": null, "osm_levels": null, "name": null}}, {"type": "Feature", "geometry": {"type": "Polygon", "coordinates": [[[78.3795359, 17.4226365], [78.3796721, 17.4225283], [78.3796358, 17.4224867], [78.3794996, 17.4225949], [78.3795359, 17.4226365]]]}, "properties": {"osm_id": 356275319, "building_type": "yes", "osm_height": null, "osm_levels": null, "name": null}}, {"type": "Feature", "geometry": {"type": "Polygon", "coordinates": [[[78.379301, 17.4232386], [78.3793935, 17.4231764], [78.3793529, 17.4231214], [78.3792604, 17.4231835], [78.379301, 17.4232386]]]}, "properties": {"osm_id": 356275320, "building_type": "yes", "osm_height": null, "osm_levels": null, "name": null}}, {"type": "Feature", "geometry": {"type": "Polygon", "coordinates": [[[78.3796819, 17.422996], [78.3797317, 17.4229596], [78.3796711, 17.4228841], [78.3796213, 17.4229205], [78.3796819, 17.422996]]]}, "properties": {"osm_id": 356275325, "building_type": "yes", "osm_height": null, "osm_levels": null, "name": null}}, {"type": "Feature", "geometry": {"type": "Polygon", "coordinates": [[[78.3795157, 17.4235043], [78.3795717, 17.4234666], [78.3795107, 17.4233838], [78.3794546, 17.4234215], [78.3795157, 17.4235043]]]}, "properties": {"osm_id": 356275326, "building_type": "yes", "osm_height": null, "osm_levels": null, "name": null}}, {"type": "Feature", "geometry": {"type": "Polygon", "coordinates": [[[78.3739934, 17.427151], [78.3740971, 17.4271202], [78.3740675, 17.4270295], [78.3739639, 17.4270603], [78.3739934, 17.427151]]]}, "properties": {"osm_id": 356275328, "building_type": "yes", "osm_height": null, "osm_levels": null, "name": null}}, {"type": "Feature", "geometry": {"type": "Polygon", "coordinates": [[[78.3768207, 17.4263562], [78.377042, 17.4262044], [78.3769981, 17.4261462], [78.3767768, 17.4262979], [78.3768207, 17.4263562]]]}, "properties": {"osm_id": 356275332, "building_type": "yes", "osm_height": null, "osm_levels": null, "name": null}}, {"type": "Feature", "geometry": {"type": "Polygon", "coordinates": [[[78.3795729, 17.4231763], [78.3796246, 17.4231385], [78.3795231, 17.423012], [78.3794714, 17.4230497], [78.3795729, 17.4231763]]]}, "properties": {"osm_id": 356275333, "building_type": "yes", "osm_height": null, "osm_levels": null, "name": null}}, {"type": "Feature", "geometry": {"type": "Polygon", "coordinates": [[[78.3803436, 17.4224511], [78.38041, 17.4224026], [78.3803837, 17.4223699], [78.3803174, 17.4224183], [78.3803436, 17.4224511]]]}, "properties": {"osm_id": 356275339, "building_type": "yes", "osm_height": null, "osm_levels": null, "name": null}}, {"type": "Feature", "geometry": {"type": "Polygon", "coordinates": [[[78.3778324, 17.4264349], [78.3779266, 17.426392], [78.377991, 17.4263805], [78.3780625, 17.4263215], [78.3779765, 17.4262311], [78.3777812, 17.4263687], [78.3778324, 17.4264349]]]}, "properties": {"osm_id": 356275351, "building_type": "yes", "osm_height": null, "osm_levels": null, "name": null}}, {"type": "Feature", "geometry": {"type": "Polygon", "coordinates": [[[78.3796873, 17.4231298], [78.3797499, 17.4230842], [78.379688, 17.4230071], [78.3796255, 17.4230528], [78.3796873, 17.4231298]]]}, "properties": {"osm_id": 356275353, "building_type": "yes", "osm_height": null, "osm_levels": null, "name": null}}, {"type": "Feature", "geometry": {"type": "Polygon", "coordinates": [[[78.3788338, 17.4212601], [78.3789314, 17.4211874], [78.3788355, 17.4210701], [78.378738, 17.4211428], [78.3788338, 17.4212601]]]}, "properties": {"osm_id": 356275354, "building_type": "yes", "osm_height": null, "osm_levels": null, "name": null}}, {"type": "Feature", "geometry": {"type": "Polygon", "coordinates": [[[78.3799918, 17.4228632], [78.3800521, 17.4228199], [78.3799455, 17.4226845], [78.3798852, 17.4227278], [78.3799918, 17.4228632]]]}, "properties": {"osm_id": 356275355, "building_type": "yes", "osm_height": null, "osm_levels": null, "name": null}}, {"type": "Feature", "geometry": {"type": "Polygon", "coordinates": [[[78.379722, 17.4230315], [78.3797645, 17.4230005], [78.3797381, 17.4229676], [78.3796956, 17.4229986], [78.379722, 17.4230315]]]}, "properties": {"osm_id": 356275357, "building_type": "yes", "osm_height": null, "osm_levels": null, "name": null}}, {"type": "Feature", "geometry": {"type": "Polygon", "coordinates": [[[78.3795082, 17.4232521], [78.3795822, 17.4232023], [78.3795605, 17.4231729], [78.3794865, 17.4232227], [78.3795082, 17.4232521]]]}, "properties": {"osm_id": 356275360, "building_type": "yes", "osm_height": null, "osm_levels": null, "name": null}}, {"type": "Feature", "geometry": {"type": "Polygon", "coordinates": [[[78.3797342, 17.4223616], [78.3798018, 17.4223123], [78.3797383, 17.4222329], [78.3796707, 17.4222822], [78.3797342, 17.4223616]]]}, "properties": {"osm_id": 356275365, "building_type": "yes", "osm_height": null, "osm_levels": null, "name": null}}, {"type": "Feature", "geometry": {"type": "Polygon", "coordinates": [[[78.3799709, 17.4230464], [78.3800288, 17.4230041], [78.3799665, 17.4229265], [78.3799087, 17.4229687], [78.3799709, 17.4230464]]]}, "properties": {"osm_id": 356275369, "building_type": "yes", "osm_height": null, "osm_levels": null, "name": null}}, {"type": "Feature", "geometry": {"type": "Polygon", "coordinates": [[[78.3785864, 17.4221507], [78.3786491, 17.4220999], [78.3786066, 17.4220522], [78.3785439, 17.422103], [78.3785864, 17.4221507]]]}, "properties": {"osm_id": 356275370, "building_type": "yes", "osm_height": null, "osm_levels": null, "name": null}}, {"type": "Feature", "geometry": {"type": "Polygon", "coordinates": [[[78.3798983, 17.4230837], [78.3799215, 17.4231126], [78.3799792, 17.4230705], [78.379956, 17.4230415], [78.3798983, 17.4230837]]]}, "properties": {"osm_id": 356275371, "building_type": "yes", "osm_height": null, "osm_levels": null, "name": null}}, {"type": "Feature", "geometry": {"type": "Polygon", "coordinates": [[[78.3801497, 17.4228074], [78.3801997, 17.4227709], [78.380129, 17.4226827], [78.380079, 17.4227192], [78.3801497, 17.4228074]]]}, "properties": {"osm_id": 356275374, "building_type": "yes", "osm_height": null, "osm_levels": null, "name": null}}, {"type": "Feature", "geometry": {"type": "Polygon", "coordinates": [[[78.3783183, 17.4216215], [78.3783657, 17.4215821], [78.3782781, 17.4214861], [78.3782308, 17.4215254], [78.3783183, 17.4216215]]]}, "properties": {"osm_id": 356275376, "building_type": "yes", "osm_height": null, "osm_levels": null, "name": null}}, {"type": "Feature", "geometry": {"type": "Polygon", "coordinates": [[[78.380274, 17.4227832], [78.38034, 17.4228462], [78.3803622, 17.4228251], [78.3802961, 17.422762], [78.380274, 17.4227832]]]}, "properties": {"osm_id": 356275377, "building_type": "yes", "osm_height": null, "osm_levels": null, "name": null}}, {"type": "Feature", "geometry": {"type": "Polygon", "coordinates": [[[78.3784493, 17.4218713], [78.3784127, 17.4218287], [78.3783502, 17.4218778], [78.3783869, 17.4219204], [78.3784493, 17.4218713]]]}, "properties": {"osm_id": 356275380, "building_type": "yes", "osm_height": null, "osm_levels": null, "name": null}}, {"type": "Feature", "geometry": {"type": "Polygon", "coordinates": [[[78.3811501, 17.4227323], [78.3813003, 17.4227645], [78.3813733, 17.422718], [78.3814462, 17.4226715], [78.3814371, 17.422638], [78.381323, 17.4226083], [78.3811501, 17.4227323]]]}, "properties": {"osm_id": 356275383, "building_type": "yes", "osm_height": null, "osm_levels": null, "name": null}}, {"type": "Feature", "geometry": {"type": "Polygon", "coordinates": [[[78.3780528, 17.4263049], [78.3781267, 17.4262444], [78.3780606, 17.4261708], [78.3779867, 17.4262313], [78.3780528, 17.4263049]]]}, "properties": {"osm_id": 356275384, "building_type": "yes", "osm_height": null, "osm_levels": null, "name": null}}, {"type": "Feature", "geometry": {"type": "Polygon", "coordinates": [[[78.3793162, 17.4214608], [78.3794011, 17.4213976], [78.3792986, 17.4212723], [78.3792138, 17.4213354], [78.3792494, 17.421379], [78.3792894, 17.4213492], [78.3793363, 17.4214065], [78.3792963, 17.4214364], [78.3793162, 17.4214608]]]}, "properties": {"osm_id": 356275386, "building_type": "yes", "osm_height": null, "osm_levels": null, "name": null}}, {"type": "Feature", "geometry": {"type": "Polygon", "coordinates": [[[78.379219, 17.4221907], [78.3792651, 17.4221562], [78.3792502, 17.422138], [78.3792711, 17.4221223], [78.3792346, 17.4220781], [78.3792067, 17.4220991], [78.3791914, 17.4220805], [78.3791523, 17.4221099], [78.379219, 17.4221907]]]}, "properties": {"osm_id": 356275387, "building_type": "hospital", "osm_height": null, "osm_levels": null, "name": null}}, {"type": "Feature", "geometry": {"type": "Polygon", "coordinates": [[[78.3816016, 17.4222107], [78.3816271, 17.4222466], [78.3817136, 17.4222978], [78.3818201, 17.4223229], [78.3819114, 17.4223216], [78.3819584, 17.4223084], [78.381993, 17.4222926], [78.3822108, 17.4221661], [78.3820442, 17.4219283], [78.3816016, 17.4222107]]]}, "properties": {"osm_id": 356275389, "building_type": "yes", "osm_height": null, "osm_levels": null, "name": null, "addr_street": "Old Bombay Highway", "addr_housenumber": "MJR Magnifique"}}, {"type": "Feature", "geometry": {"type": "Polygon", "coordinates": [[[78.368984, 17.4315331], [78.3690698, 17.4314757], [78.3689633, 17.431331], [78.3688776, 17.4313884], [78.368984, 17.4315331]]]}, "properties": {"osm_id": 356278695, "building_type": "yes", "osm_height": null, "osm_levels": null, "name": null}}, {"type": "Feature", "geometry": {"type": "Polygon", "coordinates": [[[78.3678511, 17.4191305], [78.3679556, 17.4191234], [78.3679495, 17.4190419], [78.367845, 17.419049], [78.3678511, 17.4191305]]]}, "properties": {"osm_id": 356419465, "building_type": "yes", "osm_height": null, "osm_levels": null, "name": null}}, {"type": "Feature", "geometry": {"type": "Polygon", "coordinates": [[[78.367835, 17.418953], [78.3679443, 17.4189455], [78.3679406, 17.4188964], [78.3678313, 17.4189039], [78.367835, 17.418953]]]}, "properties": {"osm_id": 356419520, "building_type": "yes", "osm_height": null, "osm_levels": null, "name": null}}, {"type": "Feature", "geometry": {"type": "Polygon", "coordinates": [[[78.3678462, 17.4190439], [78.3679563, 17.4190365], [78.3679503, 17.4189556], [78.3678402, 17.418963], [78.3678462, 17.4190439]]]}, "properties": {"osm_id": 356419579, "building_type": "yes", "osm_height": null, "osm_levels": null, "name": null}}, {"type": "Feature", "geometry": {"type": "Polygon", "coordinates": [[[78.3678585, 17.419318], [78.3679717, 17.4193103], [78.3679644, 17.4192121], [78.3678512, 17.4192198], [78.3678585, 17.419318]]]}, "properties": {"osm_id": 356419612, "building_type": "yes", "osm_height": null, "osm_levels": null, "name": null}}, {"type": "Feature", "geometry": {"type": "Polygon", "coordinates": [[[78.3798813, 17.4197579], [78.3799335, 17.4197913], [78.3799553, 17.4197604], [78.3799031, 17.419727], [78.3798813, 17.4197579]]]}, "properties": {"osm_id": 356419615, "building_type": "yes", "osm_height": null, "osm_levels": null, "name": null}}, {"type": "Feature", "geometry": {"type": "Polygon", "coordinates": [[[78.3678345, 17.4188998], [78.3679387, 17.4188927], [78.3679357, 17.4188533], [78.3678316, 17.4188604], [78.3678345, 17.4188998]]]}, "properties": {"osm_id": 356419624, "building_type": "yes", "osm_height": null, "osm_levels": null, "name": null}}, {"type": "Feature", "geometry": {"type": "Polygon", "coordinates": [[[78.3720472, 17.4326436], [78.3721085, 17.4325932], [78.3720803, 17.432562], [78.372019, 17.4326125], [78.3720472, 17.4326436]]]}, "properties": {"osm_id": 356427899, "building_type": "yes", "osm_height": null, "osm_levels": null, "name": null}}, {"type": "Feature", "geometry": {"type": "Polygon", "coordinates": [[[78.3691967, 17.4177501], [78.3695428, 17.4177346], [78.3695388, 17.4176538], [78.3691927, 17.4176692], [78.3691967, 17.4177501]]]}, "properties": {"osm_id": 356427911, "building_type": "yes", "osm_height": null, "osm_levels": null, "name": null}}, {"type": "Feature", "geometry": {"type": "Polygon", "coordinates": [[[78.3681084, 17.4361889], [78.3681582, 17.4361556], [78.3680666, 17.4360309], [78.3680169, 17.4360642], [78.3681084, 17.4361889]]]}, "properties": {"osm_id": 356427916, "building_type": "yes", "osm_height": null, "osm_levels": null, "name": null}}, {"type": "Feature", "geometry": {"type": "Polygon", "coordinates": [[[78.3792717, 17.4223133], [78.3793492, 17.422257], [78.3793253, 17.4222269], [78.3792477, 17.4222832], [78.3792717, 17.4223133]]]}, "properties": {"osm_id": 356427926, "building_type": "yes", "osm_height": null, "osm_levels": null, "name": null}}, {"type": "Feature", "geometry": {"type": "Polygon", "coordinates": [[[78.3687617, 17.4177051], [78.3689691, 17.4176807], [78.3689475, 17.417514], [78.3687401, 17.4175384], [78.3687617, 17.4177051]]]}, "properties": {"osm_id": 356427954, "building_type": "yes", "osm_height": null, "osm_levels": null, "name": null}}, {"type": "Feature", "geometry": {"type": "Polygon", "coordinates": [[[78.3723584, 17.4349129], [78.3724178, 17.434977], [78.3724673, 17.4349352], [78.3724079, 17.4348711], [78.3723584, 17.4349129]]]}, "properties": {"osm_id": 356427960, "building_type": "yes", "osm_height": null, "osm_levels": null, "name": null}}, {"type": "Feature", "geometry": {"type": "Polygon", "coordinates": [[[78.3793203, 17.4222006], [78.3793603, 17.4222469], [78.3794003, 17.4222155], [78.3793713, 17.4221819], [78.3793533, 17.422196], [78.3793424, 17.4221833], [78.3793203, 17.4222006]]]}, "properties": {"osm_id": 356427966, "building_type": "yes", "osm_height": null, "osm_levels": null, "name": null}}, {"type": "Feature", "geometry": {"type": "Polygon", "coordinates": [[[78.3673998, 17.4182487], [78.3674579, 17.4182496], [78.3674588, 17.4181969], [78.3674007, 17.418196], [78.3673998, 17.4182487]]]}, "properties": {"osm_id": 356428019, "building_type": "yes", "osm_height": null, "osm_levels": null, "name": null}}, {"type": "Feature", "geometry": {"type": "Polygon", "coordinates": [[[78.3794782, 17.4223826], [78.3795077, 17.4223603], [78.379439, 17.4222778], [78.3794096, 17.4223001], [78.3794782, 17.4223826]]]}, "properties": {"osm_id": 356428027, "building_type": "yes", "osm_height": null, "osm_levels": null, "name": null}}, {"type": "Feature", "geometry": {"type": "Polygon", "coordinates": [[[78.3720437, 17.4327602], [78.3720896, 17.4327254], [78.3720011, 17.4326191], [78.3719551, 17.4326539], [78.3720437, 17.4327602]]]}, "properties": {"osm_id": 356428032, "building_type": "yes", "osm_height": null, "osm_levels": null, "name": null}}, {"type": "Feature", "geometry": {"type": "Polygon", "coordinates": [[[78.3807409, 17.4226293], [78.3807834, 17.4225931], [78.3807431, 17.4225502], [78.3807006, 17.4225864], [78.3807409, 17.4226293]]]}, "properties": {"osm_id": 356428033, "building_type": "yes", "osm_height": null, "osm_levels": null, "name": null}}, {"type": "Feature", "geometry": {"type": "Polygon", "coordinates": [[[78.3805634, 17.4224219], [78.3806739, 17.4223307], [78.3806236, 17.4222754], [78.3805131, 17.4223666], [78.3805634, 17.4224219]]]}, "properties": {"osm_id": 356428035, "building_type": "yes", "osm_height": null, "osm_levels": null, "name": null}}, {"type": "Feature", "geometry": {"type": "Polygon", "coordinates": [[[78.3863611, 17.4330897], [78.3865077, 17.4329929], [78.3863896, 17.4328301], [78.3862621, 17.4329142], [78.386243, 17.4329268], [78.3863381, 17.4330579], [78.3863611, 17.4330897]]]}, "properties": {"osm_id": 356428658, "building_type": "yes", "osm_height": null, "osm_levels": null, "name": null}}, {"type": "Feature", "geometry": {"type": "Polygon", "coordinates": [[[78.3680315, 17.4194617], [78.3681134, 17.4194561], [78.3681087, 17.4193928], [78.3680268, 17.4193984], [78.3680315, 17.4194617]]]}, "properties": {"osm_id": 356430449, "building_type": "yes", "osm_height": null, "osm_levels": null, "name": null}}, {"type": "Feature", "geometry": {"type": "Polygon", "coordinates": [[[78.3683194, 17.4185573], [78.3684162, 17.4185513], [78.3684035, 17.4183663], [78.3683067, 17.4183724], [78.3683194, 17.4185573]]]}, "properties": {"osm_id": 356430451, "building_type": "yes", "osm_height": null, "osm_levels": null, "name": null}}, {"type": "Feature", "geometry": {"type": "Polygon", "coordinates": [[[78.3671643, 17.4301594], [78.3672171, 17.4301038], [78.3671746, 17.4300672], [78.3671219, 17.4301228], [78.3671643, 17.4301594]]]}, "properties": {"osm_id": 356430453, "building_type": "yes", "osm_height": null, "osm_levels": null, "name": null}}, {"type": "Feature", "geometry": {"type": "Polygon", "coordinates": [[[78.3682256, 17.4186627], [78.3683207, 17.4186568], [78.3683159, 17.4185871], [78.3682209, 17.418593], [78.3682256, 17.4186627]]]}, "properties": {"osm_id": 356430456, "building_type": "yes", "osm_height": null, "osm_levels": null, "name": null}}, {"type": "Feature", "geometry": {"type": "Polygon", "coordinates": [[[78.3684767, 17.4187539], [78.3685768, 17.4187477], [78.3685703, 17.4186522], [78.3684702, 17.4186585], [78.3684767, 17.4187539]]]}, "properties": {"osm_id": 356430458, "building_type": "yes", "osm_height": null, "osm_levels": null, "name": null}}, {"type": "Feature", "geometry": {"type": "Polygon", "coordinates": [[[78.3682513, 17.4190571], [78.3683323, 17.4190521], [78.3683261, 17.4189622], [78.3682452, 17.4189672], [78.3682513, 17.4190571]]]}, "properties": {"osm_id": 356430459, "building_type": "yes", "osm_height": null, "osm_levels": null, "name": null}}, {"type": "Feature", "geometry": {"type": "Polygon", "coordinates": [[[78.3682856, 17.4196536], [78.3683631, 17.4196488], [78.3683602, 17.419606], [78.3682827, 17.4196108], [78.3682856, 17.4196536]]]}, "properties": {"osm_id": 356430460, "building_type": "yes", "osm_height": null, "osm_levels": null, "name": null}}, {"type": "Feature", "geometry": {"type": "Polygon", "coordinates": [[[78.3683584, 17.4192726], [78.3684511, 17.4192668], [78.3684452, 17.4191821], [78.3683526, 17.4191879], [78.3683584, 17.4192726]]]}, "properties": {"osm_id": 356430463, "building_type": "yes", "osm_height": null, "osm_levels": null, "name": null}}, {"type": "Feature", "geometry": {"type": "Polygon", "coordinates": [[[78.3682068, 17.4185189], [78.3683022, 17.418513], [78.3682929, 17.4183769], [78.3681975, 17.4183828], [78.3682068, 17.4185189]]]}, "properties": {"osm_id": 356430465, "building_type": "yes", "osm_height": null, "osm_levels": null, "name": null}}, {"type": "Feature", "geometry": {"type": "Polygon", "coordinates": [[[78.3669946, 17.4301684], [78.3670667, 17.430241], [78.367104, 17.4302074], [78.3670319, 17.4301348], [78.3669946, 17.4301684]]]}, "properties": {"osm_id": 356430467, "building_type": "yes", "osm_height": null, "osm_levels": null, "name": null}}, {"type": "Feature", "geometry": {"type": "Polygon", "coordinates": [[[78.3683317, 17.4189532], [78.3684339, 17.4189502], [78.3684295, 17.4188116], [78.3683273, 17.4188145], [78.3683317, 17.4189532]]]}, "properties": {"osm_id": 356430468, "building_type": "yes", "osm_height": null, "osm_levels": null, "name": null}}, {"type": "Feature", "geometry": {"type": "Polygon", "coordinates": [[[78.3684562, 17.4184528], [78.3685575, 17.4184465], [78.3685512, 17.4183543], [78.3684498, 17.4183606], [78.3684562, 17.4184528]]]}, "properties": {"osm_id": 356430470, "building_type": "yes", "osm_height": null, "osm_levels": null, "name": null}}, {"type": "Feature", "geometry": {"type": "Polygon", "coordinates": [[[78.3679635, 17.41854], [78.3680537, 17.4185339], [78.3680435, 17.418397], [78.3679533, 17.4184031], [78.3679635, 17.41854]]]}, "properties": {"osm_id": 356430471, "building_type": "yes", "osm_height": null, "osm_levels": null, "name": null}}, {"type": "Feature", "geometry": {"type": "Polygon", "coordinates": [[[78.3685329, 17.4196424], [78.368637, 17.4196359], [78.3686317, 17.419558], [78.3685276, 17.4195645], [78.3685329, 17.4196424]]]}, "properties": {"osm_id": 356430472, "building_type": "yes", "osm_height": null, "osm_levels": null, "name": null}}, {"type": "Feature", "geometry": {"type": "Polygon", "coordinates": [[[78.3682567, 17.4191547], [78.3683498, 17.419149], [78.3683461, 17.419095], [78.368253, 17.4191008], [78.3682567, 17.4191547]]]}, "properties": {"osm_id": 356430474, "building_type": "yes", "osm_height": null, "osm_levels": null, "name": null}}, {"type": "Feature", "geometry": {"type": "Polygon", "coordinates": [[[78.3683616, 17.4194517], [78.3683562, 17.4193728], [78.3682756, 17.4193778], [78.368281, 17.4194567], [78.3683616, 17.4194517]]]}, "properties": {"osm_id": 356430475, "building_type": "yes", "osm_height": null, "osm_levels": null, "name": null}}, {"type": "Feature", "geometry": {"type": "Polygon", "coordinates": [[[78.3678297, 17.418832], [78.3679238, 17.4188256], [78.3679146, 17.4187018], [78.3678205, 17.4187082], [78.3678297, 17.418832]]]}, "properties": {"osm_id": 356430476, "building_type": "yes", "osm_height": null, "osm_levels": null, "name": null}}, {"type": "Feature", "geometry": {"type": "Polygon", "coordinates": [[[78.3709548, 17.4186484], [78.3711214, 17.4186886], [78.3711738, 17.4184903], [78.3710072, 17.4184501], [78.3709548, 17.4186484]]]}, "properties": {"osm_id": 356430477, "building_type": "yes", "osm_height": null, "osm_levels": null, "name": null}}, {"type": "Feature", "geometry": {"type": "Polygon", "coordinates": [[[78.3685192, 17.419438], [78.3686281, 17.4194312], [78.3686225, 17.4193493], [78.3685136, 17.4193561], [78.3685192, 17.419438]]]}, "properties": {"osm_id": 356430478, "building_type": "yes", "osm_height": null, "osm_levels": null, "name": null}}, {"type": "Feature", "geometry": {"type": "Polygon", "coordinates": [[[78.3683764, 17.4194763], [78.3684516, 17.4194716], [78.3684438, 17.4193581], [78.3683686, 17.4193628], [78.3683764, 17.4194763]]]}, "properties": {"osm_id": 356430479, "building_type": "yes", "osm_height": null, "osm_levels": null, "name": null}}, {"type": "Feature", "geometry": {"type": "Polygon", "coordinates": [[[78.3679802, 17.4187914], [78.3680712, 17.4187852], [78.3680645, 17.4186947], [78.3679735, 17.4187009], [78.3679802, 17.4187914]]]}, "properties": {"osm_id": 356430481, "building_type": "yes", "osm_height": null, "osm_levels": null, "name": null}}, {"type": "Feature", "geometry": {"type": "Polygon", "coordinates": [[[78.371761, 17.4196646], [78.3718714, 17.4196595], [78.3718675, 17.4195827], [78.3717571, 17.4195878], [78.371761, 17.4196646]]]}, "properties": {"osm_id": 356430482, "building_type": "yes", "osm_height": null, "osm_levels": null, "name": null}}, {"type": "Feature", "geometry": {"type": "Polygon", "coordinates": [[[78.3685336, 17.4195515], [78.3686421, 17.4195447], [78.3686365, 17.4194642], [78.3685281, 17.419471], [78.3685336, 17.4195515]]]}, "properties": {"osm_id": 356430484, "building_type": "yes", "osm_height": null, "osm_levels": null, "name": null}}, {"type": "Feature", "geometry": {"type": "Polygon", "coordinates": [[[78.3680356, 17.4195365], [78.368127, 17.4195303], [78.3681232, 17.4194782], [78.3680318, 17.4194844], [78.3680356, 17.4195365]]]}, "properties": {"osm_id": 356430488, "building_type": "yes", "osm_height": null, "osm_levels": null, "name": null}}, {"type": "Feature", "geometry": {"type": "Polygon", "coordinates": [[[78.3680602, 17.4185718], [78.3681562, 17.4185658], [78.3681441, 17.4183884], [78.3680481, 17.4183944], [78.3680602, 17.4185718]]]}, "properties": {"osm_id": 356430489, "building_type": "yes", "osm_height": null, "osm_levels": null, "name": null}}, {"type": "Feature", "geometry": {"type": "Polygon", "coordinates": [[[78.368384, 17.4197423], [78.3684792, 17.4197364], [78.3684725, 17.4196388], [78.3683773, 17.4196448], [78.368384, 17.4197423]]]}, "properties": {"osm_id": 356430490, "building_type": "yes", "osm_height": null, "osm_levels": null, "name": null}}, {"type": "Feature", "geometry": {"type": "Polygon", "coordinates": [[[78.3682724, 17.419469], [78.3682762, 17.4195249], [78.3683695, 17.4195191], [78.3683657, 17.4194632], [78.3682724, 17.419469]]]}, "properties": {"osm_id": 356430492, "building_type": "yes", "osm_height": null, "osm_levels": null, "name": null}}, {"type": "Feature", "geometry": {"type": "Polygon", "coordinates": [[[78.3684689, 17.4185597], [78.3685773, 17.418553], [78.3685717, 17.4184702], [78.3684633, 17.418477], [78.3684689, 17.4185597]]]}, "properties": {"osm_id": 356430493, "building_type": "yes", "osm_height": null, "osm_levels": null, "name": null}}, {"type": "Feature", "geometry": {"type": "Polygon", "coordinates": [[[78.3683875, 17.41955], [78.3684853, 17.4195438], [78.3684818, 17.4194937], [78.368384, 17.4194999], [78.3683875, 17.41955]]]}, "properties": {"osm_id": 356430494, "building_type": "yes", "osm_height": null, "osm_levels": null, "name": null}}, {"type": "Feature", "geometry": {"type": "Polygon", "coordinates": [[[78.3683256, 17.4187608], [78.3684299, 17.4187542], [78.3684239, 17.4186672], [78.3683196, 17.4186737], [78.3683256, 17.4187608]]]}, "properties": {"osm_id": 356430495, "building_type": "yes", "osm_height": null, "osm_levels": null, "name": null}}, {"type": "Feature", "geometry": {"type": "Polygon", "coordinates": [[[78.3680613, 17.4196831], [78.3681339, 17.4196782], [78.3681276, 17.4195937], [78.368055, 17.4195986], [78.3680613, 17.4196831]]]}, "properties": {"osm_id": 356430497, "building_type": "yes", "osm_height": null, "osm_levels": null, "name": null}}, {"type": "Feature", "geometry": {"type": "Polygon", "coordinates": [[[78.3695689, 17.4187818], [78.3697553, 17.4188154], [78.3697714, 17.4187346], [78.369585, 17.418701], [78.3695689, 17.4187818]]]}, "properties": {"osm_id": 356431647, "building_type": "yes", "osm_height": null, "osm_levels": null, "name": null}}, {"type": "Feature", "geometry": {"type": "Polygon", "coordinates": [[[78.3695736, 17.4182135], [78.3698902, 17.4182707], [78.3699048, 17.4181971], [78.3695882, 17.4181399], [78.3695736, 17.4182135]]]}, "properties": {"osm_id": 356431649, "building_type": "yes", "osm_height": null, "osm_levels": null, "name": null}}, {"type": "Feature", "geometry": {"type": "Polygon", "coordinates": [[[78.3705968, 17.4185642], [78.3707396, 17.4185986], [78.3707624, 17.4185124], [78.3706196, 17.418478], [78.3705968, 17.4185642]]]}, "properties": {"osm_id": 356431650, "building_type": "yes", "osm_height": null, "osm_levels": null, "name": null}}, {"type": "Feature", "geometry": {"type": "Polygon", "coordinates": [[[78.3690956, 17.4192104], [78.3691524, 17.41921], [78.3691517, 17.4191297], [78.3690949, 17.4191301], [78.3690956, 17.4192104]]]}, "properties": {"osm_id": 356431651, "building_type": "yes", "osm_height": null, "osm_levels": null, "name": null}}, {"type": "Feature", "geometry": {"type": "Polygon", "coordinates": [[[78.3695346, 17.4184905], [78.369808, 17.4185399], [78.3698257, 17.4184507], [78.3695523, 17.4184014], [78.3695346, 17.4184905]]]}, "properties": {"osm_id": 356431654, "building_type": "yes", "osm_height": null, "osm_levels": null, "name": null}}, {"type": "Feature", "geometry": {"type": "Polygon", "coordinates": [[[78.3702334, 17.4187413], [78.3704134, 17.4187918], [78.3704354, 17.4187206], [78.3702554, 17.41867], [78.3702334, 17.4187413]]]}, "properties": {"osm_id": 356431655, "building_type": "yes", "osm_height": null, "osm_levels": null, "name": null}}, {"type": "Feature", "geometry": {"type": "Polygon", "coordinates": [[[78.3708131, 17.418494], [78.3709327, 17.4185228], [78.3709527, 17.4184472], [78.3708331, 17.4184184], [78.3708131, 17.418494]]]}, "properties": {"osm_id": 356431656, "building_type": "yes", "osm_height": null, "osm_levels": null, "name": null}}, {"type": "Feature", "geometry": {"type": "Polygon", "coordinates": [[[78.3698354, 17.4186705], [78.3701553, 17.4187422], [78.370175, 17.4186618], [78.3698552, 17.4185901], [78.3698354, 17.4186705]]]}, "properties": {"osm_id": 356431659, "building_type": "yes", "osm_height": null, "osm_levels": null, "name": null}}, {"type": "Feature", "geometry": {"type": "Polygon", "coordinates": [[[78.3692757, 17.4194259], [78.3693417, 17.4194298], [78.3693453, 17.4193735], [78.3692793, 17.4193697], [78.3692757, 17.4194259]]]}, "properties": {"osm_id": 356431660, "building_type": "yes", "osm_height": null, "osm_levels": null, "name": null}}, {"type": "Feature", "geometry": {"type": "Polygon", "coordinates": [[[78.3698163, 17.4188267], [78.3700965, 17.4189055], [78.3701232, 17.418819], [78.369843, 17.4187402], [78.3698163, 17.4188267]]]}, "properties": {"osm_id": 356431662, "building_type": "yes", "osm_height": null, "osm_levels": null, "name": null}}, {"type": "Feature", "geometry": {"type": "Polygon", "coordinates": [[[78.3702461, 17.4186278], [78.3703806, 17.4186657], [78.3704027, 17.4185942], [78.3702682, 17.4185563], [78.3702461, 17.4186278]]]}, "properties": {"osm_id": 356431665, "building_type": "yes", "osm_height": null, "osm_levels": null, "name": null}}, {"type": "Feature", "geometry": {"type": "Polygon", "coordinates": [[[78.3691469, 17.4186441], [78.3692001, 17.4186461], [78.3692022, 17.4185933], [78.369149, 17.4185913], [78.3691469, 17.4186441]]]}, "properties": {"osm_id": 356431666, "building_type": "yes", "osm_height": null, "osm_levels": null, "name": null}}, {"type": "Feature", "geometry": {"type": "Polygon", "coordinates": [[[78.3700392, 17.4184238], [78.3701016, 17.4184356], [78.3701173, 17.4183602], [78.3700549, 17.4183484], [78.3700392, 17.4184238]]]}, "properties": {"osm_id": 356431667, "building_type": "yes", "osm_height": null, "osm_levels": null, "name": null}}, {"type": "Feature", "geometry": {"type": "Polygon", "coordinates": [[[78.3701914, 17.4189047], [78.3703497, 17.4189492], [78.3703764, 17.4188625], [78.3702182, 17.418818], [78.3701914, 17.4189047]]]}, "properties": {"osm_id": 356431669, "building_type": "yes", "osm_height": null, "osm_levels": null, "name": null}}, {"type": "Feature", "geometry": {"type": "Polygon", "coordinates": [[[78.3701802, 17.4190215], [78.3704304, 17.4190918], [78.3704581, 17.4190019], [78.3702079, 17.4189316], [78.3701802, 17.4190215]]]}, "properties": {"osm_id": 356431670, "building_type": "yes", "osm_height": null, "osm_levels": null, "name": null}}, {"type": "Feature", "geometry": {"type": "Polygon", "coordinates": [[[78.3698531, 17.418552], [78.3701404, 17.4186327], [78.3701681, 17.4185428], [78.3698808, 17.4184621], [78.3698531, 17.418552]]]}, "properties": {"osm_id": 356431673, "building_type": "yes", "osm_height": null, "osm_levels": null, "name": null}}, {"type": "Feature", "geometry": {"type": "Polygon", "coordinates": [[[78.3705397, 17.4184222], [78.3706248, 17.4184427], [78.3706433, 17.4183727], [78.3705582, 17.4183522], [78.3705397, 17.4184222]]]}, "properties": {"osm_id": 356431674, "building_type": "yes", "osm_height": null, "osm_levels": null, "name": null}}, {"type": "Feature", "geometry": {"type": "Polygon", "coordinates": [[[78.3698908, 17.4191209], [78.3700464, 17.4191646], [78.3700771, 17.4190652], [78.3699215, 17.4190215], [78.3698908, 17.4191209]]]}, "properties": {"osm_id": 356431675, "building_type": "yes", "osm_height": null, "osm_levels": null, "name": null}}, {"type": "Feature", "geometry": {"type": "Polygon", "coordinates": [[[78.3701118, 17.4184326], [78.3701661, 17.4184429], [78.3701794, 17.418379], [78.3701251, 17.4183687], [78.3701118, 17.4184326]]]}, "properties": {"osm_id": 356431678, "building_type": "yes", "osm_height": null, "osm_levels": null, "name": null}}, {"type": "Feature", "geometry": {"type": "Polygon", "coordinates": [[[78.3681736, 17.4197125], [78.3682333, 17.4197088], [78.3682261, 17.4196035], [78.3681664, 17.4196072], [78.3681736, 17.4197125]]]}, "properties": {"osm_id": 356431679, "building_type": "yes", "osm_height": null, "osm_levels": null, "name": null}}, {"type": "Feature", "geometry": {"type": "Polygon", "coordinates": [[[78.3701156, 17.4191677], [78.3702663, 17.4192101], [78.3702904, 17.419132], [78.3701397, 17.4190896], [78.3701156, 17.4191677]]]}, "properties": {"osm_id": 356431680, "building_type": "yes", "osm_height": null, "osm_levels": null, "name": null}}, {"type": "Feature", "geometry": {"type": "Polygon", "coordinates": [[[78.3691395, 17.4183961], [78.3692325, 17.4184013], [78.3692355, 17.4183505], [78.3691426, 17.4183454], [78.3691395, 17.4183961]]]}, "properties": {"osm_id": 356431681, "building_type": "yes", "osm_height": null, "osm_levels": null, "name": null}}, {"type": "Feature", "geometry": {"type": "Polygon", "coordinates": [[[78.3699331, 17.4182718], [78.3702328, 17.418356], [78.3702547, 17.4182851], [78.369955, 17.4182008], [78.3699331, 17.4182718]]]}, "properties": {"osm_id": 356431682, "building_type": "yes", "osm_height": null, "osm_levels": null, "name": null}}, {"type": "Feature", "geometry": {"type": "Polygon", "coordinates": [[[78.3698354, 17.4189443], [78.3700664, 17.4190092], [78.3700925, 17.4189247], [78.3698615, 17.4188598], [78.3698354, 17.4189443]]]}, "properties": {"osm_id": 356431684, "building_type": "yes", "osm_height": null, "osm_levels": null, "name": null}}, {"type": "Feature", "geometry": {"type": "Polygon", "coordinates": [[[78.3695727, 17.4183306], [78.3698558, 17.4183817], [78.3698714, 17.4183026], [78.3695883, 17.4182515], [78.3695727, 17.4183306]]]}, "properties": {"osm_id": 356431685, "building_type": "yes", "osm_height": null, "osm_levels": null, "name": null}}, {"type": "Feature", "geometry": {"type": "Polygon", "coordinates": [[[78.3708108, 17.4186145], [78.3709403, 17.4186457], [78.3709646, 17.4185539], [78.3708351, 17.4185227], [78.3708108, 17.4186145]]]}, "properties": {"osm_id": 356431687, "building_type": "yes", "osm_height": null, "osm_levels": null, "name": null}}, {"type": "Feature", "geometry": {"type": "Polygon", "coordinates": [[[78.3694946, 17.4185951], [78.3698002, 17.4186503], [78.3698153, 17.4185742], [78.3695097, 17.418519], [78.3694946, 17.4185951]]]}, "properties": {"osm_id": 356431690, "building_type": "yes", "osm_height": null, "osm_levels": null, "name": null}}, {"type": "Feature", "geometry": {"type": "Polygon", "coordinates": [[[78.3706443, 17.4184584], [78.3707687, 17.4184884], [78.3707911, 17.4184038], [78.3706667, 17.4183738], [78.3706443, 17.4184584]]]}, "properties": {"osm_id": 356431692, "building_type": "yes", "osm_height": null, "osm_levels": null, "name": null}}, {"type": "Feature", "geometry": {"type": "Polygon", "coordinates": [[[78.3949581, 17.4269492], [78.39509, 17.4269119], [78.3950457, 17.4267693], [78.3949138, 17.4268066], [78.3949581, 17.4269492]]]}, "properties": {"osm_id": 356460845, "building_type": "yes", "osm_height": null, "osm_levels": null, "name": null}}, {"type": "Feature", "geometry": {"type": "Polygon", "coordinates": [[[78.3941238, 17.4303507], [78.3942258, 17.4303118], [78.3941744, 17.4301891], [78.3940724, 17.4302281], [78.3941238, 17.4303507]]]}, "properties": {"osm_id": 356460912, "building_type": "yes", "osm_height": null, "osm_levels": null, "name": null}}, {"type": "Feature", "geometry": {"type": "Polygon", "coordinates": [[[78.3950922, 17.4302458], [78.3952191, 17.4301507], [78.3950972, 17.4300026], [78.3949703, 17.4300977], [78.3950922, 17.4302458]]]}, "properties": {"osm_id": 356460982, "building_type": "yes", "osm_height": null, "osm_levels": null, "name": null}}, {"type": "Feature", "geometry": {"type": "Polygon", "coordinates": [[[78.3951181, 17.4269147], [78.3952134, 17.4268877], [78.3951695, 17.4267466], [78.3950742, 17.4267735], [78.3951181, 17.4269147]]]}, "properties": {"osm_id": 356461030, "building_type": "yes", "osm_height": null, "osm_levels": null, "name": null}}, {"type": "Feature", "geometry": {"type": "Polygon", "coordinates": [[[78.3952895, 17.4292308], [78.3954075, 17.4291781], [78.3952998, 17.4289584], [78.3951817, 17.4290111], [78.3952895, 17.4292308]]]}, "properties": {"osm_id": 356461217, "building_type": "yes", "osm_height": null, "osm_levels": null, "name": null}}, {"type": "Feature", "geometry": {"type": "Polygon", "coordinates": [[[78.3936968, 17.4298221], [78.3938301, 17.4297656], [78.393773, 17.4296429], [78.3936397, 17.4296994], [78.3936968, 17.4298221]]]}, "properties": {"osm_id": 356461235, "building_type": "yes", "osm_height": null, "osm_levels": null, "name": null}}, {"type": "Feature", "geometry": {"type": "Polygon", "coordinates": [[[78.3942531, 17.4302871], [78.3943493, 17.4302552], [78.3942931, 17.4301008], [78.3941969, 17.4301326], [78.3942531, 17.4302871]]]}, "properties": {"osm_id": 356461335, "building_type": "yes", "osm_height": null, "osm_levels": null, "name": null}}, {"type": "Feature", "geometry": {"type": "Polygon", "coordinates": [[[78.3953704, 17.4268538], [78.3954845, 17.4268215], [78.3954333, 17.4266566], [78.3953192, 17.4266889], [78.3953704, 17.4268538]]]}, "properties": {"osm_id": 356461380, "building_type": "yes", "osm_height": null, "osm_levels": null, "name": null}}, {"type": "Feature", "geometry": {"type": "Polygon", "coordinates": [[[78.3952447, 17.4268656], [78.3953501, 17.4268358], [78.3953057, 17.426693], [78.3952004, 17.4267228], [78.3952447, 17.4268656]]]}, "properties": {"osm_id": 356461460, "building_type": "yes", "osm_height": null, "osm_levels": null, "name": null}}, {"type": "Feature", "geometry": {"type": "Polygon", "coordinates": [[[78.395244, 17.4281009], [78.3953976, 17.4280619], [78.3953356, 17.4278401], [78.395182, 17.4278791], [78.395244, 17.4281009]]]}, "properties": {"osm_id": 356461513, "building_type": "yes", "osm_height": null, "osm_levels": null, "name": null}}, {"type": "Feature", "geometry": {"type": "Polygon", "coordinates": [[[78.3935731, 17.430159], [78.3938007, 17.4300549], [78.3937135, 17.4298814], [78.3934859, 17.4299855], [78.3935731, 17.430159]]]}, "properties": {"osm_id": 356461568, "building_type": "yes", "osm_height": null, "osm_levels": null, "name": null}}, {"type": "Feature", "geometry": {"type": "Polygon", "coordinates": [[[78.3947867, 17.4269864], [78.3949414, 17.4269427], [78.3949019, 17.4268156], [78.3947472, 17.4268594], [78.3947867, 17.4269864]]]}, "properties": {"osm_id": 356461656, "building_type": "yes", "osm_height": null, "osm_levels": null, "name": null}}, {"type": "Feature", "geometry": {"type": "Polygon", "coordinates": [[[78.3936943, 17.430443], [78.3937919, 17.4303934], [78.393703, 17.4302341], [78.3936054, 17.4302837], [78.3936943, 17.430443]]]}, "properties": {"osm_id": 356461691, "building_type": "yes", "osm_height": null, "osm_levels": null, "name": null}}, {"type": "Feature", "geometry": {"type": "Polygon", "coordinates": [[[78.3944509, 17.4304145], [78.394546, 17.430383], [78.3945196, 17.4303104], [78.3944245, 17.4303419], [78.3944509, 17.4304145]]]}, "properties": {"osm_id": 356461702, "building_type": "yes", "osm_height": null, "osm_levels": null, "name": null}}, {"type": "Feature", "geometry": {"type": "Polygon", "coordinates": [[[78.3949304, 17.4283254], [78.3951571, 17.4282664], [78.3951179, 17.4281292], [78.3951706, 17.4281155], [78.3951528, 17.4280534], [78.3950926, 17.4280692], [78.3950561, 17.4279418], [78.394837, 17.4279988], [78.3949304, 17.4283254]]]}, "properties": {"osm_id": 356461885, "building_type": "yes", "osm_height": null, "osm_levels": null, "name": null}}, {"type": "Feature", "geometry": {"type": "Polygon", "coordinates": [[[78.3678841, 17.4136136], [78.3679604, 17.4137139], [78.3680962, 17.4136199], [78.3680199, 17.4135195], [78.3678841, 17.4136136]]]}, "properties": {"osm_id": 356469688, "building_type": "yes", "osm_height": null, "osm_levels": null, "name": null}}, {"type": "Feature", "geometry": {"type": "Polygon", "coordinates": [[[78.367848, 17.4151775], [78.3679574, 17.415142], [78.3679348, 17.4150785], [78.3678254, 17.415114], [78.367848, 17.4151775]]]}, "properties": {"osm_id": 356469691, "building_type": "yes", "osm_height": null, "osm_levels": null, "name": null}}, {"type": "Feature", "geometry": {"type": "Polygon", "coordinates": [[[78.3692184, 17.4135578], [78.3693123, 17.4135511], [78.3692999, 17.4133909], [78.369206, 17.4133975], [78.3692184, 17.4135578]]]}, "properties": {"osm_id": 356469692, "building_type": "yes", "osm_height": null, "osm_levels": null, "name": null}}, {"type": "Feature", "geometry": {"type": "Polygon", "coordinates": [[[78.3723261, 17.4126027], [78.3723399, 17.4126659], [78.3724589, 17.4126422], [78.3724451, 17.412579], [78.3723261, 17.4126027]]]}, "properties": {"osm_id": 356469697, "building_type": "yes", "osm_height": null, "osm_levels": null, "name": null}}, {"type": "Feature", "geometry": {"type": "Polygon", "coordinates": [[[78.3686909, 17.4131649], [78.3687518, 17.4131323], [78.3686949, 17.4130354], [78.3686339, 17.4130681], [78.3686909, 17.4131649]]]}, "properties": {"osm_id": 356469710, "building_type": "yes", "osm_height": null, "osm_levels": null, "name": null}}, {"type": "Feature", "geometry": {"type": "Polygon", "coordinates": [[[78.3685945, 17.4133913], [78.3686875, 17.4133459], [78.3685415, 17.4130735], [78.3684485, 17.4131189], [78.3685945, 17.4133913]]]}, "properties": {"osm_id": 356469733, "building_type": "yes", "osm_height": null, "osm_levels": null, "name": null}}, {"type": "Feature", "geometry": {"type": "Polygon", "coordinates": [[[78.3675005, 17.4143593], [78.3675887, 17.4143278], [78.3675474, 17.4142224], [78.3674592, 17.4142539], [78.3675005, 17.4143593]]]}, "properties": {"osm_id": 356469738, "building_type": "yes", "osm_height": null, "osm_levels": null, "name": null}}, {"type": "Feature", "geometry": {"type": "Polygon", "coordinates": [[[78.372383, 17.4125727], [78.372586, 17.4125052], [78.3725561, 17.4124233], [78.3723531, 17.4124909], [78.372383, 17.4125727]]]}, "properties": {"osm_id": 356469741, "building_type": "yes", "osm_height": null, "osm_levels": null, "name": null}}, {"type": "Feature", "geometry": {"type": "Polygon", "coordinates": [[[78.3681586, 17.4135801], [78.3682507, 17.413523], [78.3681623, 17.4133934], [78.3680703, 17.4134505], [78.3681586, 17.4135801]]]}, "properties": {"osm_id": 356469752, "building_type": "yes", "osm_height": null, "osm_levels": null, "name": null}}, {"type": "Feature", "geometry": {"type": "Polygon", "coordinates": [[[78.370532, 17.4119555], [78.3708414, 17.4117003], [78.3706022, 17.4114363], [78.3702928, 17.4116915], [78.370532, 17.4119555]]]}, "properties": {"osm_id": 356469767, "building_type": "office", "osm_height": null, "osm_levels": null, "name": "Sutherland Global Services"}}, {"type": "Feature", "geometry": {"type": "Polygon", "coordinates": [[[78.3898757, 17.4207894], [78.3905316, 17.4204518], [78.3904328, 17.4202771], [78.3903097, 17.4203404], [78.3902798, 17.4202874], [78.3904029, 17.4202241], [78.3900522, 17.4196037], [78.3898284, 17.4197188], [78.3901841, 17.4203479], [78.3902238, 17.4203275], [78.3902509, 17.4203755], [78.3900355, 17.4204864], [78.3900056, 17.4204336], [78.3900726, 17.4203991], [78.3897197, 17.4197748], [78.3893962, 17.4199413], [78.3897573, 17.4205801], [78.3899391, 17.4204865], [78.3899739, 17.420548], [78.3897921, 17.4206415], [78.3898757, 17.4207894]]]}, "properties": {"osm_id": 356554913, "building_type": "yes", "osm_height": null, "osm_levels": null, "name": null}}, {"type": "Feature", "geometry": {"type": "Polygon", "coordinates": [[[78.3930428, 17.4160135], [78.3931045, 17.4159444], [78.3930095, 17.4158672], [78.3929478, 17.4159363], [78.3930428, 17.4160135]]]}, "properties": {"osm_id": 356554923, "building_type": "yes", "osm_height": null, "osm_levels": null, "name": null}}, {"type": "Feature", "geometry": {"type": "Polygon", "coordinates": [[[78.3922963, 17.417274], [78.3924087, 17.4173706], [78.392482, 17.4172931], [78.3923696, 17.4171964], [78.3922963, 17.417274]]]}, "properties": {"osm_id": 356554925, "building_type": "yes", "osm_height": null, "osm_levels": null, "name": null}}, {"type": "Feature", "geometry": {"type": "Polygon", "coordinates": [[[78.3950464, 17.4201834], [78.3951552, 17.4201564], [78.3951165, 17.4199917], [78.394996, 17.4200114], [78.3950464, 17.4201834]]]}, "properties": {"osm_id": 356554926, "building_type": "yes", "osm_height": null, "osm_levels": null, "name": null}}, {"type": "Feature", "geometry": {"type": "Polygon", "coordinates": [[[78.3939557, 17.4156159], [78.3941214, 17.4155465], [78.3940731, 17.4154415], [78.3939074, 17.4155109], [78.3939557, 17.4156159]]]}, "properties": {"osm_id": 356554930, "building_type": "yes", "osm_height": null, "osm_levels": null, "name": null}}, {"type": "Feature", "geometry": {"type": "Polygon", "coordinates": [[[78.3906152, 17.417386], [78.3907598, 17.4173079], [78.3906834, 17.4171792], [78.3905389, 17.4172573], [78.3906152, 17.417386]]]}, "properties": {"osm_id": 356554933, "building_type": "yes", "osm_height": null, "osm_levels": null, "name": null}}, {"type": "Feature", "geometry": {"type": "Polygon", "coordinates": [[[78.3920509, 17.4177046], [78.3921154, 17.41776], [78.3922033, 17.4176669], [78.3921389, 17.4176115], [78.3920509, 17.4177046]]]}, "properties": {"osm_id": 356554939, "building_type": "yes", "osm_height": null, "osm_levels": null, "name": null}}, {"type": "Feature", "geometry": {"type": "Polygon", "coordinates": [[[78.3918035, 17.4174919], [78.3918738, 17.4175523], [78.3919711, 17.4174492], [78.3919009, 17.4173888], [78.3918035, 17.4174919]]]}, "properties": {"osm_id": 356554942, "building_type": "yes", "osm_height": null, "osm_levels": null, "name": null}}, {"type": "Feature", "geometry": {"type": "Polygon", "coordinates": [[[78.3883045, 17.4208392], [78.388354, 17.4208561], [78.3883803, 17.4207861], [78.3883307, 17.4207692], [78.3883045, 17.4208392]]]}, "properties": {"osm_id": 356554960, "building_type": "yes", "osm_height": null, "osm_levels": null, "name": null}}, {"type": "Feature", "geometry": {"type": "Polygon", "coordinates": [[[78.3943106, 17.4250942], [78.3944008, 17.4251623], [78.3944712, 17.4250774], [78.394381, 17.4250093], [78.3943106, 17.4250942]]]}, "properties": {"osm_id": 356554965, "building_type": "yes", "osm_height": null, "osm_levels": null, "name": null}}, {"type": "Feature", "geometry": {"type": "Polygon", "coordinates": [[[78.3927532, 17.4155364], [78.3927958, 17.4155974], [78.3928907, 17.415537], [78.3928482, 17.415476], [78.3927532, 17.4155364]]]}, "properties": {"osm_id": 356554966, "building_type": "yes", "osm_height": null, "osm_levels": null, "name": null}}, {"type": "Feature", "geometry": {"type": "Polygon", "coordinates": [[[78.3919462, 17.4176273], [78.3920341, 17.4177029], [78.3921257, 17.417606], [78.3920378, 17.4175304], [78.3919462, 17.4176273]]]}, "properties": {"osm_id": 356554974, "building_type": "yes", "osm_height": null, "osm_levels": null, "name": null}}, {"type": "Feature", "geometry": {"type": "Polygon", "coordinates": [[[78.3913027, 17.4170131], [78.3915512, 17.4169142], [78.3915157, 17.4168331], [78.3912672, 17.416932], [78.3913027, 17.4170131]]]}, "properties": {"osm_id": 356554977, "building_type": "yes", "osm_height": null, "osm_levels": null, "name": null}}, {"type": "Feature", "geometry": {"type": "Polygon", "coordinates": [[[78.3892796, 17.4195472], [78.3895742, 17.4193956], [78.3894853, 17.4192383], [78.3891907, 17.4193899], [78.3892796, 17.4195472]]]}, "properties": {"osm_id": 356554979, "building_type": "yes", "osm_height": null, "osm_levels": null, "name": null}}, {"type": "Feature", "geometry": {"type": "Polygon", "coordinates": [[[78.3934846, 17.4208498], [78.3934992, 17.4210094], [78.3938783, 17.4208244], [78.3938052, 17.4206904], [78.3934846, 17.4208498]]]}, "properties": {"osm_id": 356554985, "building_type": "yes", "osm_height": null, "osm_levels": null, "name": null}}, {"type": "Feature", "geometry": {"type": "Polygon", "coordinates": [[[78.3923139, 17.4164957], [78.3923534, 17.4164539], [78.3922616, 17.4163748], [78.392222, 17.4164167], [78.3923139, 17.4164957]]]}, "properties": {"osm_id": 356554987, "building_type": "yes", "osm_height": null, "osm_levels": null, "name": null}}, {"type": "Feature", "geometry": {"type": "Polygon", "coordinates": [[[78.3878902, 17.4204931], [78.3883969, 17.4200862], [78.3883203, 17.4199921], [78.3878168, 17.4204114], [78.3878902, 17.4204931]]]}, "properties": {"osm_id": 356554988, "building_type": "yes", "osm_height": null, "osm_levels": null, "name": null}}, {"type": "Feature", "geometry": {"type": "Polygon", "coordinates": [[[78.3928924, 17.4161789], [78.3929569, 17.4161066], [78.3928714, 17.4160371], [78.3928069, 17.4161094], [78.3928924, 17.4161789]]]}, "properties": {"osm_id": 356554990, "building_type": "yes", "osm_height": null, "osm_levels": null, "name": null}}, {"type": "Feature", "geometry": {"type": "Polygon", "coordinates": [[[78.3924001, 17.4171886], [78.3925087, 17.4172819], [78.3926372, 17.4171459], [78.3925286, 17.4170525], [78.3924001, 17.4171886]]]}, "properties": {"osm_id": 356554996, "building_type": "yes", "osm_height": null, "osm_levels": null, "name": null}}, {"type": "Feature", "geometry": {"type": "Polygon", "coordinates": [[[78.3944462, 17.4254434], [78.3945459, 17.4253188], [78.3944305, 17.4252349], [78.3943309, 17.4253595], [78.3944462, 17.4254434]]]}, "properties": {"osm_id": 356555002, "building_type": "yes", "osm_height": null, "osm_levels": null, "name": null}}, {"type": "Feature", "geometry": {"type": "Polygon", "coordinates": [[[78.3929733, 17.4160962], [78.3930331, 17.4160292], [78.3929466, 17.415959], [78.3928869, 17.4160259], [78.3929733, 17.4160962]]]}, "properties": {"osm_id": 356555004, "building_type": "yes", "osm_height": null, "osm_levels": null, "name": null}}, {"type": "Feature", "geometry": {"type": "Polygon", "coordinates": [[[78.3922995, 17.4162963], [78.3923501, 17.4162427], [78.3922988, 17.4161986], [78.3922482, 17.4162522], [78.3922995, 17.4162963]]]}, "properties": {"osm_id": 356555010, "building_type": "yes", "osm_height": null, "osm_levels": null, "name": null}}, {"type": "Feature", "geometry": {"type": "Polygon", "coordinates": [[[78.3933409, 17.4159663], [78.3933912, 17.4159518], [78.3933483, 17.4158173], [78.3932981, 17.4158319], [78.3933409, 17.4159663]]]}, "properties": {"osm_id": 356555013, "building_type": "yes", "osm_height": null, "osm_levels": null, "name": null}}, {"type": "Feature", "geometry": {"type": "Polygon", "coordinates": [[[78.3937025, 17.4154244], [78.3937722, 17.415387], [78.3937237, 17.4153048], [78.3936541, 17.4153422], [78.3937025, 17.4154244]]]}, "properties": {"osm_id": 356555014, "building_type": "yes", "osm_height": null, "osm_levels": null, "name": null}}, {"type": "Feature", "geometry": {"type": "Polygon", "coordinates": [[[78.3883602, 17.4156451], [78.3884572, 17.4156133], [78.3884116, 17.415487], [78.3883147, 17.4155188], [78.3883602, 17.4156451]]]}, "properties": {"osm_id": 356555020, "building_type": "yes", "osm_height": null, "osm_levels": null, "name": null}}, {"type": "Feature", "geometry": {"type": "Polygon", "coordinates": [[[78.3882396, 17.4154626], [78.3883723, 17.4154151], [78.3883264, 17.4152985], [78.3881937, 17.4153461], [78.3882396, 17.4154626]]]}, "properties": {"osm_id": 356555023, "building_type": "yes", "osm_height": null, "osm_levels": null, "name": null}}, {"type": "Feature", "geometry": {"type": "Polygon", "coordinates": [[[78.3921978, 17.4161999], [78.3922647, 17.4161291], [78.3922267, 17.4160965], [78.3921598, 17.4161673], [78.3921978, 17.4161999]]]}, "properties": {"osm_id": 356555027, "building_type": "yes", "osm_height": null, "osm_levels": null, "name": null}}, {"type": "Feature", "geometry": {"type": "Polygon", "coordinates": [[[78.3882862, 17.4159864], [78.3883651, 17.4159605], [78.3883233, 17.4158447], [78.3882444, 17.4158706], [78.3882862, 17.4159864]]]}, "properties": {"osm_id": 356555033, "building_type": "yes", "osm_height": null, "osm_levels": null, "name": null}}, {"type": "Feature", "geometry": {"type": "Polygon", "coordinates": [[[78.3884546, 17.4207434], [78.3885035, 17.4207624], [78.3885311, 17.4206975], [78.3884822, 17.4206785], [78.3884546, 17.4207434]]]}, "properties": {"osm_id": 356555036, "building_type": "yes", "osm_height": null, "osm_levels": null, "name": null}}, {"type": "Feature", "geometry": {"type": "Polygon", "coordinates": [[[78.3928181, 17.416257], [78.392879, 17.4161887], [78.3927886, 17.4161153], [78.3927276, 17.4161835], [78.3928181, 17.416257]]]}, "properties": {"osm_id": 356555038, "building_type": "yes", "osm_height": null, "osm_levels": null, "name": null}}, {"type": "Feature", "geometry": {"type": "Polygon", "coordinates": [[[78.3919382, 17.4171209], [78.3920653, 17.4170703], [78.3919659, 17.4168429], [78.3918388, 17.4168935], [78.3919382, 17.4171209]]]}, "properties": {"osm_id": 356555045, "building_type": "yes", "osm_height": null, "osm_levels": null, "name": null}}, {"type": "Feature", "geometry": {"type": "Polygon", "coordinates": [[[78.3898367, 17.4191147], [78.3899814, 17.4190402], [78.3899424, 17.4189712], [78.3897976, 17.4190457], [78.3898367, 17.4191147]]]}, "properties": {"osm_id": 356555049, "building_type": "yes", "osm_height": null, "osm_levels": null, "name": null}}, {"type": "Feature", "geometry": {"type": "Polygon", "coordinates": [[[78.3920776, 17.4167357], [78.3921472, 17.4166621], [78.3920449, 17.416574], [78.3919753, 17.4166477], [78.3920776, 17.4167357]]]}, "properties": {"osm_id": 356555052, "building_type": "yes", "osm_height": null, "osm_levels": null, "name": null}}, {"type": "Feature", "geometry": {"type": "Polygon", "coordinates": [[[78.3884135, 17.4208716], [78.3884554, 17.4208874], [78.3884823, 17.4208225], [78.3884404, 17.4208067], [78.3884135, 17.4208716]]]}, "properties": {"osm_id": 356555054, "building_type": "yes", "osm_height": null, "osm_levels": null, "name": null}}, {"type": "Feature", "geometry": {"type": "Polygon", "coordinates": [[[78.3930162, 17.4162697], [78.3930798, 17.4161984], [78.3929819, 17.4161189], [78.3929183, 17.4161902], [78.3930162, 17.4162697]]]}, "properties": {"osm_id": 356555056, "building_type": "yes", "osm_height": null, "osm_levels": null, "name": null}}, {"type": "Feature", "geometry": {"type": "Polygon", "coordinates": [[[78.3923386, 17.4168123], [78.3924499, 17.4169081], [78.3925083, 17.4168464], [78.3923969, 17.4167506], [78.3923386, 17.4168123]]]}, "properties": {"osm_id": 356555066, "building_type": "yes", "osm_height": null, "osm_levels": null, "name": null}}, {"type": "Feature", "geometry": {"type": "Polygon", "coordinates": [[[78.3915783, 17.4160359], [78.3917155, 17.4160104], [78.3916984, 17.4159267], [78.3915612, 17.4159522], [78.3915783, 17.4160359]]]}, "properties": {"osm_id": 356555071, "building_type": "yes", "osm_height": null, "osm_levels": null, "name": null}}, {"type": "Feature", "geometry": {"type": "Polygon", "coordinates": [[[78.3922382, 17.4163229], [78.3922773, 17.4162815], [78.3921949, 17.4162107], [78.3921558, 17.416252], [78.3922382, 17.4163229]]]}, "properties": {"osm_id": 356555072, "building_type": "yes", "osm_height": null, "osm_levels": null, "name": null}}, {"type": "Feature", "geometry": {"type": "Polygon", "coordinates": [[[78.3929457, 17.4163497], [78.393001, 17.4162877], [78.3929048, 17.4162096], [78.3928495, 17.4162715], [78.3929457, 17.4163497]]]}, "properties": {"osm_id": 356555076, "building_type": "yes", "osm_height": null, "osm_levels": null, "name": null}}, {"type": "Feature", "geometry": {"type": "Polygon", "coordinates": [[[78.3923915, 17.4164251], [78.3924674, 17.4163448], [78.3923601, 17.4162525], [78.3922842, 17.4163328], [78.3923915, 17.4164251]]]}, "properties": {"osm_id": 356555086, "building_type": "yes", "osm_height": null, "osm_levels": null, "name": null}}, {"type": "Feature", "geometry": {"type": "Polygon", "coordinates": [[[78.3940109, 17.4208589], [78.394393, 17.4208922], [78.3944131, 17.4207523], [78.3942757, 17.4207443], [78.3940185, 17.4207223], [78.3940176, 17.4207707], [78.3940517, 17.4207717], [78.3940437, 17.420821], [78.3940133, 17.420816], [78.3940109, 17.4208589]]]}, "properties": {"osm_id": 356555087, "building_type": "yes", "osm_height": null, "osm_levels": null, "name": null}}, {"type": "Feature", "geometry": {"type": "Polygon", "coordinates": [[[78.3932406, 17.4158022], [78.3932994, 17.4157876], [78.3932752, 17.4156989], [78.3932164, 17.4157135], [78.3932406, 17.4158022]]]}, "properties": {"osm_id": 356555090, "building_type": "yes", "osm_height": null, "osm_levels": null, "name": null}}, {"type": "Feature", "geometry": {"type": "Polygon", "coordinates": [[[78.3884533, 17.4159233], [78.3885279, 17.4158988], [78.3884885, 17.4157897], [78.388414, 17.4158142], [78.3884533, 17.4159233]]]}, "properties": {"osm_id": 356555092, "building_type": "yes", "osm_height": null, "osm_levels": null, "name": null}}, {"type": "Feature", "geometry": {"type": "Polygon", "coordinates": [[[78.3925742, 17.4169481], [78.3926897, 17.4170475], [78.3927646, 17.4169681], [78.3926491, 17.4168688], [78.3925742, 17.4169481]]]}, "properties": {"osm_id": 356555096, "building_type": "yes", "osm_height": null, "osm_levels": null, "name": null}}, {"type": "Feature", "geometry": {"type": "Polygon", "coordinates": [[[78.3885358, 17.4158921], [78.3886079, 17.4158685], [78.3885663, 17.4157531], [78.3884942, 17.4157768], [78.3885358, 17.4158921]]]}, "properties": {"osm_id": 356555102, "building_type": "yes", "osm_height": null, "osm_levels": null, "name": null}}, {"type": "Feature", "geometry": {"type": "Polygon", "coordinates": [[[78.3887162, 17.4209222], [78.3887606, 17.4209359], [78.3887822, 17.4208723], [78.3887378, 17.4208586], [78.3887162, 17.4209222]]]}, "properties": {"osm_id": 356555103, "building_type": "yes", "osm_height": null, "osm_levels": null, "name": null}}, {"type": "Feature", "geometry": {"type": "Polygon", "coordinates": [[[78.3924658, 17.4163311], [78.3926163, 17.4161718], [78.3925263, 17.4160944], [78.3923758, 17.4162537], [78.3924658, 17.4163311]]]}, "properties": {"osm_id": 356555114, "building_type": "yes", "osm_height": null, "osm_levels": null, "name": null}}, {"type": "Feature", "geometry": {"type": "Polygon", "coordinates": [[[78.3882153, 17.4199006], [78.3883482, 17.4197957], [78.3882249, 17.4196536], [78.3882029, 17.4196709], [78.3881441, 17.4196032], [78.3880745, 17.4196583], [78.388126, 17.4197176], [78.3880848, 17.4197501], [78.3882153, 17.4199006]]]}, "properties": {"osm_id": 356555115, "building_type": "yes", "osm_height": null, "osm_levels": null, "name": null}}, {"type": "Feature", "geometry": {"type": "Polygon", "coordinates": [[[78.3883754, 17.4159537], [78.3884458, 17.4159306], [78.388404, 17.4158147], [78.3883336, 17.4158378], [78.3883754, 17.4159537]]]}, "properties": {"osm_id": 356555118, "building_type": "yes", "osm_height": null, "osm_levels": null, "name": null}}, {"type": "Feature", "geometry": {"type": "Polygon", "coordinates": [[[78.3922406, 17.4165854], [78.3923143, 17.4165074], [78.3921988, 17.4164081], [78.3921251, 17.4164861], [78.3922406, 17.4165854]]]}, "properties": {"osm_id": 356555122, "building_type": "yes", "osm_height": null, "osm_levels": null, "name": null}}, {"type": "Feature", "geometry": {"type": "Polygon", "coordinates": [[[78.3901725, 17.4169513], [78.3902648, 17.4169066], [78.3901991, 17.416783], [78.3901068, 17.4168277], [78.3901725, 17.4169513]]]}, "properties": {"osm_id": 356555125, "building_type": "yes", "osm_height": null, "osm_levels": null, "name": null}}, {"type": "Feature", "geometry": {"type": "Polygon", "coordinates": [[[78.3887608, 17.4161382], [78.388867, 17.4161033], [78.3888239, 17.4159838], [78.3887177, 17.4160187], [78.3887608, 17.4161382]]]}, "properties": {"osm_id": 356555127, "building_type": "yes", "osm_height": null, "osm_levels": null, "name": null}}, {"type": "Feature", "geometry": {"type": "Polygon", "coordinates": [[[78.3924209, 17.4165149], [78.3925282, 17.4166073], [78.3925845, 17.4165477], [78.3924771, 17.4164554], [78.3924209, 17.4165149]]]}, "properties": {"osm_id": 356555130, "building_type": "yes", "osm_height": null, "osm_levels": null, "name": null}}, {"type": "Feature", "geometry": {"type": "Polygon", "coordinates": [[[78.3887553, 17.4208111], [78.388802, 17.4208266], [78.388827, 17.4207585], [78.3887802, 17.420743], [78.3887553, 17.4208111]]]}, "properties": {"osm_id": 356555135, "building_type": "yes", "osm_height": null, "osm_levels": null, "name": null}}, {"type": "Feature", "geometry": {"type": "Polygon", "coordinates": [[[78.3886765, 17.4210417], [78.3887253, 17.4210559], [78.3887482, 17.4209839], [78.3886994, 17.4209698], [78.3886765, 17.4210417]]]}, "properties": {"osm_id": 356555153, "building_type": "yes", "osm_height": null, "osm_levels": null, "name": null}}, {"type": "Feature", "geometry": {"type": "Polygon", "coordinates": [[[78.3950985, 17.4234042], [78.3950415, 17.4235218], [78.3951958, 17.4235899], [78.3952528, 17.4234723], [78.3950985, 17.4234042]]]}, "properties": {"osm_id": 356555155, "building_type": "yes", "osm_height": null, "osm_levels": null, "name": null}}, {"type": "Feature", "geometry": {"type": "Polygon", "coordinates": [[[78.3918905, 17.4166836], [78.3919528, 17.416639], [78.3918592, 17.4165201], [78.3917969, 17.4165648], [78.3918905, 17.4166836]]]}, "properties": {"osm_id": 356555163, "building_type": "yes", "osm_height": null, "osm_levels": null, "name": null}}, {"type": "Feature", "geometry": {"type": "Polygon", "coordinates": [[[78.3931806, 17.416563], [78.3932989, 17.4164819], [78.3931656, 17.4163103], [78.3930614, 17.4164345], [78.3931806, 17.416563]]]}, "properties": {"osm_id": 356555172, "building_type": "yes", "osm_height": null, "osm_levels": null, "name": null}}, {"type": "Feature", "geometry": {"type": "Polygon", "coordinates": [[[78.3939679, 17.415409], [78.3940601, 17.4153747], [78.3940075, 17.4152462], [78.3939153, 17.4152805], [78.3939679, 17.415409]]]}, "properties": {"osm_id": 356555181, "building_type": "yes", "osm_height": null, "osm_levels": null, "name": null}}, {"type": "Feature", "geometry": {"type": "Polygon", "coordinates": [[[78.392934, 17.4165821], [78.3930276, 17.4166626], [78.3931231, 17.4165615], [78.3930295, 17.416481], [78.392934, 17.4165821]]]}, "properties": {"osm_id": 356555182, "building_type": "yes", "osm_height": null, "osm_levels": null, "name": null}}, {"type": "Feature", "geometry": {"type": "Polygon", "coordinates": [[[78.3907798, 17.4172988], [78.3909121, 17.4172273], [78.3908359, 17.4170989], [78.3907036, 17.4171704], [78.3907798, 17.4172988]]]}, "properties": {"osm_id": 356555184, "building_type": "yes", "osm_height": null, "osm_levels": null, "name": null}}, {"type": "Feature", "geometry": {"type": "Polygon", "coordinates": [[[78.3917112, 17.4174256], [78.3917823, 17.4174868], [78.3918873, 17.4173756], [78.3918162, 17.4173144], [78.3917112, 17.4174256]]]}, "properties": {"osm_id": 356555200, "building_type": "yes", "osm_height": null, "osm_levels": null, "name": null}}, {"type": "Feature", "geometry": {"type": "Polygon", "coordinates": [[[78.3939979, 17.4206845], [78.3941017, 17.4206836], [78.3941009, 17.4206008], [78.3939971, 17.4206017], [78.3939979, 17.4206845]]]}, "properties": {"osm_id": 356555202, "building_type": "yes", "osm_height": null, "osm_levels": null, "name": null}}, {"type": "Feature", "geometry": {"type": "Polygon", "coordinates": [[[78.3934676, 17.4158709], [78.3935685, 17.41585], [78.3935505, 17.4157709], [78.3934496, 17.4157918], [78.3934676, 17.4158709]]]}, "properties": {"osm_id": 356555204, "building_type": "yes", "osm_height": null, "osm_levels": null, "name": null}}, {"type": "Feature", "geometry": {"type": "Polygon", "coordinates": [[[78.3935973, 17.416137], [78.3936969, 17.4160934], [78.3936592, 17.416015], [78.3935596, 17.4160586], [78.3935973, 17.416137]]]}, "properties": {"osm_id": 356555216, "building_type": "yes", "osm_height": null, "osm_levels": null, "name": null}}, {"type": "Feature", "geometry": {"type": "Polygon", "coordinates": [[[78.3934083, 17.4154653], [78.3934678, 17.4154252], [78.3933722, 17.4152961], [78.3933127, 17.4153362], [78.3934083, 17.4154653]]]}, "properties": {"osm_id": 356555221, "building_type": "yes", "osm_height": null, "osm_levels": null, "name": null}}, {"type": "Feature", "geometry": {"type": "Polygon", "coordinates": [[[78.3886164, 17.4158637], [78.3886938, 17.4158383], [78.3886545, 17.4157293], [78.3885771, 17.4157547], [78.3886164, 17.4158637]]]}, "properties": {"osm_id": 356555227, "building_type": "yes", "osm_height": null, "osm_levels": null, "name": null}}, {"type": "Feature", "geometry": {"type": "Polygon", "coordinates": [[[78.3914104, 17.4168641], [78.391523, 17.4168192], [78.3914791, 17.4167189], [78.3913665, 17.4167637], [78.3914104, 17.4168641]]]}, "properties": {"osm_id": 356555247, "building_type": "yes", "osm_height": null, "osm_levels": null, "name": null}}, {"type": "Feature", "geometry": {"type": "Polygon", "coordinates": [[[78.3896948, 17.4192229], [78.3898198, 17.4191585], [78.3897853, 17.4190975], [78.3896603, 17.4191618], [78.3896948, 17.4192229]]]}, "properties": {"osm_id": 356555251, "building_type": "yes", "osm_height": null, "osm_levels": null, "name": null}}, {"type": "Feature", "geometry": {"type": "Polygon", "coordinates": [[[78.3921524, 17.4166548], [78.3921954, 17.4166092], [78.3920945, 17.4165224], [78.3920514, 17.416568], [78.3921524, 17.4166548]]]}, "properties": {"osm_id": 356555258, "building_type": "yes", "osm_height": null, "osm_levels": null, "name": null}}, {"type": "Feature", "geometry": {"type": "Polygon", "coordinates": [[[78.3885549, 17.4162063], [78.3887129, 17.4161527], [78.3886727, 17.4160446], [78.3885146, 17.4160982], [78.3885549, 17.4162063]]]}, "properties": {"osm_id": 356555262, "building_type": "yes", "osm_height": null, "osm_levels": null, "name": null}}, {"type": "Feature", "geometry": {"type": "Polygon", "coordinates": [[[78.3924107, 17.4167416], [78.3925258, 17.4168405], [78.3925804, 17.4167827], [78.3924654, 17.4166837], [78.3924107, 17.4167416]]]}, "properties": {"osm_id": 356555266, "building_type": "yes", "osm_height": null, "osm_levels": null, "name": null}}, {"type": "Feature", "geometry": {"type": "Polygon", "coordinates": [[[78.3899786, 17.419211], [78.3900551, 17.4191716], [78.3899957, 17.4190666], [78.3899192, 17.419106], [78.3899786, 17.419211]]]}, "properties": {"osm_id": 356555281, "building_type": "yes", "osm_height": null, "osm_levels": null, "name": null}}, {"type": "Feature", "geometry": {"type": "Polygon", "coordinates": [[[78.3931379, 17.4231021], [78.3932947, 17.4231831], [78.3933964, 17.4230039], [78.3932396, 17.4229229], [78.3931379, 17.4231021]]]}, "properties": {"osm_id": 356555283, "building_type": "yes", "osm_height": null, "osm_levels": null, "name": null}}, {"type": "Feature", "geometry": {"type": "Polygon", "coordinates": [[[78.3933838, 17.416142], [78.3935387, 17.4161015], [78.3934959, 17.4159524], [78.3933409, 17.415993], [78.3933838, 17.416142]]]}, "properties": {"osm_id": 356563172, "building_type": "yes", "osm_height": null, "osm_levels": null, "name": null}}, {"type": "Feature", "geometry": {"type": "Polygon", "coordinates": [[[78.3930587, 17.4155914], [78.3931339, 17.4155451], [78.3930774, 17.4154615], [78.3930022, 17.4155079], [78.3930587, 17.4155914]]]}, "properties": {"osm_id": 356563175, "building_type": "yes", "osm_height": null, "osm_levels": null, "name": null}}, {"type": "Feature", "geometry": {"type": "Polygon", "coordinates": [[[78.3933372, 17.4155223], [78.3933873, 17.4154885], [78.3932816, 17.4153458], [78.3932315, 17.4153796], [78.3933372, 17.4155223]]]}, "properties": {"osm_id": 356563179, "building_type": "yes", "osm_height": null, "osm_levels": null, "name": null}}, {"type": "Feature", "geometry": {"type": "Polygon", "coordinates": [[[78.3930028, 17.4154109], [78.3930617, 17.4153864], [78.3930099, 17.4152727], [78.392951, 17.4152971], [78.3930028, 17.4154109]]]}, "properties": {"osm_id": 356563183, "building_type": "yes", "osm_height": null, "osm_levels": null, "name": null}}, {"type": "Feature", "geometry": {"type": "Polygon", "coordinates": [[[78.3933114, 17.4156859], [78.3933822, 17.4156683], [78.3933574, 17.4155775], [78.3932866, 17.415595], [78.3933114, 17.4156859]]]}, "properties": {"osm_id": 356563193, "building_type": "yes", "osm_height": null, "osm_levels": null, "name": null}}, {"type": "Feature", "geometry": {"type": "Polygon", "coordinates": [[[78.3935761, 17.4156241], [78.3936434, 17.4156083], [78.3936158, 17.4155011], [78.3935485, 17.4155169], [78.3935761, 17.4156241]]]}, "properties": {"osm_id": 356563196, "building_type": "yes", "osm_height": null, "osm_levels": null, "name": null}}, {"type": "Feature", "geometry": {"type": "Polygon", "coordinates": [[[78.3932436, 17.4161348], [78.3933503, 17.4161048], [78.393327, 17.4160294], [78.3932204, 17.4160594], [78.3932436, 17.4161348]]]}, "properties": {"osm_id": 356563203, "building_type": "yes", "osm_height": null, "osm_levels": null, "name": null}}, {"type": "Feature", "geometry": {"type": "Polygon", "coordinates": [[[78.3936885, 17.4160221], [78.3937465, 17.4159975], [78.3936817, 17.4158585], [78.3936238, 17.4158831], [78.3936885, 17.4160221]]]}, "properties": {"osm_id": 356563206, "building_type": "yes", "osm_height": null, "osm_levels": null, "name": null}}, {"type": "Feature", "geometry": {"type": "Polygon", "coordinates": [[[78.3931448, 17.4154269], [78.3932143, 17.4155196], [78.3932653, 17.4154848], [78.3931958, 17.4153921], [78.3931448, 17.4154269]]]}, "properties": {"osm_id": 356563210, "building_type": "yes", "osm_height": null, "osm_levels": null, "name": null}}, {"type": "Feature", "geometry": {"type": "Polygon", "coordinates": [[[78.3934838, 17.4156432], [78.3935526, 17.415628], [78.3935288, 17.4155298], [78.39346, 17.415545], [78.3934838, 17.4156432]]]}, "properties": {"osm_id": 356563213, "building_type": "yes", "osm_height": null, "osm_levels": null, "name": null}}, {"type": "Feature", "geometry": {"type": "Polygon", "coordinates": [[[78.3935342, 17.4160021], [78.3936323, 17.4159657], [78.3936025, 17.4158925], [78.3935045, 17.4159289], [78.3935342, 17.4160021]]]}, "properties": {"osm_id": 356563215, "building_type": "yes", "osm_height": null, "osm_levels": null, "name": null}}, {"type": "Feature", "geometry": {"type": "Polygon", "coordinates": [[[78.3931913, 17.4159626], [78.3932543, 17.4159484], [78.3932295, 17.4158485], [78.3931666, 17.4158627], [78.3931913, 17.4159626]]]}, "properties": {"osm_id": 356563218, "building_type": "yes", "osm_height": null, "osm_levels": null, "name": null}}, {"type": "Feature", "geometry": {"type": "Polygon", "coordinates": [[[78.3952046, 17.4272383], [78.395324, 17.4272033], [78.3952647, 17.4270195], [78.3951454, 17.4270546], [78.3952046, 17.4272383]]]}, "properties": {"osm_id": 357042813, "building_type": "yes", "osm_height": null, "osm_levels": null, "name": null}}, {"type": "Feature", "geometry": {"type": "Polygon", "coordinates": [[[78.3950612, 17.4272794], [78.3951805, 17.4272444], [78.3951213, 17.4270607], [78.395002, 17.4270957], [78.3950612, 17.4272794]]]}, "properties": {"osm_id": 357042815, "building_type": "yes", "osm_height": null, "osm_levels": null, "name": null}}, {"type": "Feature", "geometry": {"type": "Polygon", "coordinates": [[[78.395349, 17.4271907], [78.3954683, 17.4271556], [78.3954091, 17.4269719], [78.3952898, 17.4270069], [78.395349, 17.4271907]]]}, "properties": {"osm_id": 357042827, "building_type": "yes", "osm_height": null, "osm_levels": null, "name": null}}, {"type": "Feature", "geometry": {"type": "Polygon", "coordinates": [[[78.3917156, 17.413321], [78.3918394, 17.4132901], [78.3918187, 17.4132148], [78.391695, 17.4132457], [78.3917156, 17.413321]]]}, "properties": {"osm_id": 357081329, "building_type": "yes", "osm_height": null, "osm_levels": null, "name": null}}, {"type": "Feature", "geometry": {"type": "Polygon", "coordinates": [[[78.3928985, 17.4106718], [78.3929732, 17.41067], [78.3929692, 17.4105163], [78.3928944, 17.4105181], [78.3928985, 17.4106718]]]}, "properties": {"osm_id": 357081353, "building_type": "yes", "osm_height": null, "osm_levels": null, "name": null}}, {"type": "Feature", "geometry": {"type": "Polygon", "coordinates": [[[78.388471, 17.4107362], [78.3886178, 17.4107349], [78.3886172, 17.4106759], [78.3884704, 17.4106772], [78.388471, 17.4107362]]]}, "properties": {"osm_id": 357081354, "building_type": "yes", "osm_height": null, "osm_levels": null, "name": null}}, {"type": "Feature", "geometry": {"type": "Polygon", "coordinates": [[[78.3917325, 17.4129715], [78.3918847, 17.4129266], [78.3918403, 17.41279], [78.3916882, 17.412835], [78.3917325, 17.4129715]]]}, "properties": {"osm_id": 357081357, "building_type": "yes", "osm_height": null, "osm_levels": null, "name": null}}, {"type": "Feature", "geometry": {"type": "Polygon", "coordinates": [[[78.3898471, 17.4116154], [78.3899138, 17.4116173], [78.3899166, 17.4115221], [78.38985, 17.4115203], [78.3898471, 17.4116154]]]}, "properties": {"osm_id": 357081364, "building_type": "yes", "osm_height": null, "osm_levels": null, "name": null}}, {"type": "Feature", "geometry": {"type": "Polygon", "coordinates": [[[78.3898776, 17.410519], [78.3900091, 17.4105235], [78.3900112, 17.410466], [78.3898798, 17.4104615], [78.3898776, 17.410519]]]}, "properties": {"osm_id": 357081373, "building_type": "yes", "osm_height": null, "osm_levels": null, "name": null}}, {"type": "Feature", "geometry": {"type": "Polygon", "coordinates": [[[78.3900761, 17.4117123], [78.3902084, 17.411686], [78.3901908, 17.4116051], [78.3900584, 17.4116315], [78.3900761, 17.4117123]]]}, "properties": {"osm_id": 357081385, "building_type": "yes", "osm_height": null, "osm_levels": null, "name": null}}, {"type": "Feature", "geometry": {"type": "Polygon", "coordinates": [[[78.3902798, 17.4120067], [78.3903979, 17.4119849], [78.3903843, 17.4119177], [78.3902662, 17.4119395], [78.3902798, 17.4120067]]]}, "properties": {"osm_id": 357081394, "building_type": "yes", "osm_height": null, "osm_levels": null, "name": null}}, {"type": "Feature", "geometry": {"type": "Polygon", "coordinates": [[[78.3881999, 17.4115035], [78.3882989, 17.4115035], [78.3882989, 17.4114545], [78.3881999, 17.4114545], [78.3881999, 17.4115035]]]}, "properties": {"osm_id": 357081407, "building_type": "yes", "osm_height": null, "osm_levels": null, "name": null}}, {"type": "Feature", "geometry": {"type": "Polygon", "coordinates": [[[78.3940385, 17.4106742], [78.3942236, 17.4106391], [78.3942069, 17.4105585], [78.3940218, 17.4105936], [78.3940385, 17.4106742]]]}, "properties": {"osm_id": 357081409, "building_type": "yes", "osm_height": null, "osm_levels": null, "name": null}}, {"type": "Feature", "geometry": {"type": "Polygon", "coordinates": [[[78.3899485, 17.4118963], [78.3900603, 17.4118809], [78.3900419, 17.4117596], [78.3899301, 17.411775], [78.3899485, 17.4118963]]]}, "properties": {"osm_id": 357081424, "building_type": "yes", "osm_height": null, "osm_levels": null, "name": null}}, {"type": "Feature", "geometry": {"type": "Polygon", "coordinates": [[[78.3878887, 17.4109767], [78.388002, 17.4109722], [78.3879991, 17.4109059], [78.3878858, 17.4109105], [78.3878887, 17.4109767]]]}, "properties": {"osm_id": 357081431, "building_type": "yes", "osm_height": null, "osm_levels": null, "name": null}}, {"type": "Feature", "geometry": {"type": "Polygon", "coordinates": [[[78.3919917, 17.4133528], [78.3920788, 17.4133399], [78.3920579, 17.4132109], [78.3919708, 17.4132238], [78.3919917, 17.4133528]]]}, "properties": {"osm_id": 357081441, "building_type": "yes", "osm_height": null, "osm_levels": null, "name": null}}, {"type": "Feature", "geometry": {"type": "Polygon", "coordinates": [[[78.3878136, 17.4115895], [78.3879155, 17.4115886], [78.387915, 17.4115369], [78.3878131, 17.4115378], [78.3878136, 17.4115895]]]}, "properties": {"osm_id": 357081449, "building_type": "yes", "osm_height": null, "osm_levels": null, "name": null}}, {"type": "Feature", "geometry": {"type": "Polygon", "coordinates": [[[78.3929889, 17.4106645], [78.3930608, 17.4106628], [78.3930569, 17.4105174], [78.3929851, 17.4105191], [78.3929889, 17.4106645]]]}, "properties": {"osm_id": 357081471, "building_type": "yes", "osm_height": null, "osm_levels": null, "name": null}}, {"type": "Feature", "geometry": {"type": "Polygon", "coordinates": [[[78.3884767, 17.4108817], [78.3885481, 17.4108798], [78.3885449, 17.4107741], [78.3884736, 17.4107761], [78.3884767, 17.4108817]]]}, "properties": {"osm_id": 357081472, "building_type": "yes", "osm_height": null, "osm_levels": null, "name": null}}, {"type": "Feature", "geometry": {"type": "Polygon", "coordinates": [[[78.3897271, 17.4117381], [78.3897814, 17.4117345], [78.3897737, 17.4116296], [78.3897194, 17.4116332], [78.3897271, 17.4117381]]]}, "properties": {"osm_id": 357081486, "building_type": "yes", "osm_height": null, "osm_levels": null, "name": null}}, {"type": "Feature", "geometry": {"type": "Polygon", "coordinates": [[[78.3881961, 17.4114399], [78.3883037, 17.4114372], [78.3883005, 17.4113229], [78.3881929, 17.4113257], [78.3881961, 17.4114399]]]}, "properties": {"osm_id": 357081491, "building_type": "yes", "osm_height": null, "osm_levels": null, "name": null}}, {"type": "Feature", "geometry": {"type": "Polygon", "coordinates": [[[78.3925809, 17.4106725], [78.3926524, 17.4106708], [78.3926489, 17.410535], [78.3925773, 17.4105368], [78.3925809, 17.4106725]]]}, "properties": {"osm_id": 357081495, "building_type": "yes", "osm_height": null, "osm_levels": null, "name": null}}, {"type": "Feature", "geometry": {"type": "Polygon", "coordinates": [[[78.3926651, 17.4106815], [78.3927383, 17.4106797], [78.3927344, 17.4105305], [78.3926611, 17.4105323], [78.3926651, 17.4106815]]]}, "properties": {"osm_id": 357081511, "building_type": "yes", "osm_height": null, "osm_levels": null, "name": null}}, {"type": "Feature", "geometry": {"type": "Polygon", "coordinates": [[[78.3881712, 17.4107061], [78.3881747, 17.410785], [78.3882871, 17.4107805], [78.3882836, 17.4107016], [78.3881712, 17.4107061]]]}, "properties": {"osm_id": 357081517, "building_type": "yes", "osm_height": null, "osm_levels": null, "name": null}}, {"type": "Feature", "geometry": {"type": "Polygon", "coordinates": [[[78.3902684, 17.4119267], [78.3903846, 17.4119013], [78.3903666, 17.4118265], [78.3902504, 17.411852], [78.3902684, 17.4119267]]]}, "properties": {"osm_id": 357081533, "building_type": "yes", "osm_height": null, "osm_levels": null, "name": null}}, {"type": "Feature", "geometry": {"type": "Polygon", "coordinates": [[[78.3901237, 17.4119576], [78.390256, 17.4119285], [78.3902391, 17.4118581], [78.3901067, 17.4118872], [78.3901237, 17.4119576]]]}, "properties": {"osm_id": 357081560, "building_type": "yes", "osm_height": null, "osm_levels": null, "name": null}}, {"type": "Feature", "geometry": {"type": "Polygon", "coordinates": [[[78.393881, 17.4106806], [78.3939474, 17.410668], [78.3939281, 17.4105752], [78.3938617, 17.4105878], [78.393881, 17.4106806]]]}, "properties": {"osm_id": 357081563, "building_type": "yes", "osm_height": null, "osm_levels": null, "name": null}}, {"type": "Feature", "geometry": {"type": "Polygon", "coordinates": [[[78.3900937, 17.412241], [78.390206, 17.4122201], [78.390186, 17.4121219], [78.3900736, 17.4121428], [78.3900937, 17.412241]]]}, "properties": {"osm_id": 357081598, "building_type": "yes", "osm_height": null, "osm_levels": null, "name": null}}, {"type": "Feature", "geometry": {"type": "Polygon", "coordinates": [[[78.3878754, 17.4109031], [78.3879963, 17.4108958], [78.3879921, 17.4108327], [78.3878712, 17.41084], [78.3878754, 17.4109031]]]}, "properties": {"osm_id": 357081607, "building_type": "yes", "osm_height": null, "osm_levels": null, "name": null}}, {"type": "Feature", "geometry": {"type": "Polygon", "coordinates": [[[78.392052, 17.4131225], [78.3921651, 17.4130942], [78.3921377, 17.4129942], [78.3920246, 17.4130225], [78.392052, 17.4131225]]]}, "properties": {"osm_id": 357081629, "building_type": "yes", "osm_height": null, "osm_levels": null, "name": null}}, {"type": "Feature", "geometry": {"type": "Polygon", "coordinates": [[[78.3879098, 17.4114778], [78.3880012, 17.4114751], [78.3879991, 17.4114097], [78.3879077, 17.4114124], [78.3879098, 17.4114778]]]}, "properties": {"osm_id": 357081647, "building_type": "yes", "osm_height": null, "osm_levels": null, "name": null}}, {"type": "Feature", "geometry": {"type": "Polygon", "coordinates": [[[78.3930646, 17.4106706], [78.3931456, 17.4106687], [78.3931416, 17.4105151], [78.3930605, 17.4105171], [78.3930646, 17.4106706]]]}, "properties": {"osm_id": 357081689, "building_type": "yes", "osm_height": null, "osm_levels": null, "name": null}}, {"type": "Feature", "geometry": {"type": "Polygon", "coordinates": [[[78.3885568, 17.4108733], [78.3886289, 17.4108708], [78.3886249, 17.4107689], [78.3885528, 17.4107714], [78.3885568, 17.4108733]]]}, "properties": {"osm_id": 357081693, "building_type": "yes", "osm_height": null, "osm_levels": null, "name": null}}, {"type": "Feature", "geometry": {"type": "Polygon", "coordinates": [[[78.3897157, 17.41162], [78.3898366, 17.4116145], [78.3898322, 17.4115258], [78.3897113, 17.4115313], [78.3897157, 17.41162]]]}, "properties": {"osm_id": 357081707, "building_type": "yes", "osm_height": null, "osm_levels": null, "name": null}}, {"type": "Feature", "geometry": {"type": "Polygon", "coordinates": [[[78.3882161, 17.4118079], [78.3883198, 17.411807], [78.3883187, 17.4116907], [78.3882149, 17.4116917], [78.3882161, 17.4118079]]]}, "properties": {"osm_id": 357081710, "building_type": "yes", "osm_height": null, "osm_levels": null, "name": null}}, {"type": "Feature", "geometry": {"type": "Polygon", "coordinates": [[[78.3927411, 17.4106698], [78.3928117, 17.4106681], [78.3928078, 17.4105201], [78.3927372, 17.4105218], [78.3927411, 17.4106698]]]}, "properties": {"osm_id": 357081738, "building_type": "yes", "osm_height": null, "osm_levels": null, "name": null}}, {"type": "Feature", "geometry": {"type": "Polygon", "coordinates": [[[78.3899294, 17.4117209], [78.3900247, 17.4117109], [78.3900133, 17.4116123], [78.3899181, 17.4116223], [78.3899294, 17.4117209]]]}, "properties": {"osm_id": 357081745, "building_type": "yes", "osm_height": null, "osm_levels": null, "name": null}}, {"type": "Feature", "geometry": {"type": "Polygon", "coordinates": [[[78.3880621, 17.4108879], [78.3881746, 17.410886], [78.3881725, 17.4107771], [78.3880601, 17.410779], [78.3880621, 17.4108879]]]}, "properties": {"osm_id": 357081748, "building_type": "yes", "osm_height": null, "osm_levels": null, "name": null}}, {"type": "Feature", "geometry": {"type": "Polygon", "coordinates": [[[78.3895142, 17.4118532], [78.3896475, 17.4118443], [78.3896409, 17.4117549], [78.3895076, 17.4117639], [78.3895142, 17.4118532]]]}, "properties": {"osm_id": 357081761, "building_type": "yes", "osm_height": null, "osm_levels": null, "name": null}}, {"type": "Feature", "geometry": {"type": "Polygon", "coordinates": [[[78.3901094, 17.4118749], [78.3902389, 17.4118504], [78.3902248, 17.4117827], [78.3900953, 17.4118073], [78.3901094, 17.4118749]]]}, "properties": {"osm_id": 357081784, "building_type": "yes", "osm_height": null, "osm_levels": null, "name": null}}, {"type": "Feature", "geometry": {"type": "Polygon", "coordinates": [[[78.3893577, 17.4122359], [78.3895125, 17.412216], [78.3894933, 17.4120798], [78.3893384, 17.4120997], [78.3893577, 17.4122359]]]}, "properties": {"osm_id": 357081798, "building_type": "yes", "osm_height": null, "osm_levels": null, "name": null}}, {"type": "Feature", "geometry": {"type": "Polygon", "coordinates": [[[78.3902351, 17.4122474], [78.3903064, 17.4122299], [78.3902721, 17.4121027], [78.3902008, 17.4121202], [78.3902351, 17.4122474]]]}, "properties": {"osm_id": 357081806, "building_type": "yes", "osm_height": null, "osm_levels": null, "name": null}}, {"type": "Feature", "geometry": {"type": "Polygon", "coordinates": [[[78.3882116, 17.4106027], [78.3882856, 17.4106001], [78.3882838, 17.4105523], [78.3882098, 17.4105548], [78.3882116, 17.4106027]]]}, "properties": {"osm_id": 357081812, "building_type": "yes", "osm_height": null, "osm_levels": null, "name": null}}, {"type": "Feature", "geometry": {"type": "Polygon", "coordinates": [[[78.3880726, 17.4110805], [78.3882174, 17.4110724], [78.3882101, 17.4109562], [78.3880654, 17.4109644], [78.3880726, 17.4110805]]]}, "properties": {"osm_id": 357081825, "building_type": "yes", "osm_height": null, "osm_levels": null, "name": null}}, {"type": "Feature", "geometry": {"type": "Polygon", "coordinates": [[[78.389712, 17.4114993], [78.3897751, 17.4114959], [78.3897678, 17.4113742], [78.3897047, 17.4113776], [78.389712, 17.4114993]]]}, "properties": {"osm_id": 357081828, "building_type": "yes", "osm_height": null, "osm_levels": null, "name": null}}, {"type": "Feature", "geometry": {"type": "Polygon", "coordinates": [[[78.3879235, 17.4106934], [78.3879929, 17.4106928], [78.3879923, 17.4106338], [78.3879229, 17.4106344], [78.3879235, 17.4106934]]]}, "properties": {"osm_id": 357081844, "building_type": "yes", "osm_height": null, "osm_levels": null, "name": null}}, {"type": "Feature", "geometry": {"type": "Polygon", "coordinates": [[[78.391807, 17.4134164], [78.3919184, 17.41339], [78.3918937, 17.413295], [78.3917823, 17.4133214], [78.391807, 17.4134164]]]}, "properties": {"osm_id": 357081853, "building_type": "yes", "osm_height": null, "osm_levels": null, "name": null}}, {"type": "Feature", "geometry": {"type": "Polygon", "coordinates": [[[78.3928171, 17.41067], [78.3928885, 17.4106683], [78.3928845, 17.4105152], [78.3928131, 17.4105169], [78.3928171, 17.41067]]]}, "properties": {"osm_id": 357081884, "building_type": "yes", "osm_height": null, "osm_levels": null, "name": null}}, {"type": "Feature", "geometry": {"type": "Polygon", "coordinates": [[[78.3884606, 17.4105806], [78.3886153, 17.4105751], [78.3886125, 17.4105028], [78.3884578, 17.4105083], [78.3884606, 17.4105806]]]}, "properties": {"osm_id": 357081888, "building_type": "yes", "osm_height": null, "osm_levels": null, "name": null}}, {"type": "Feature", "geometry": {"type": "Polygon", "coordinates": [[[78.3920876, 17.4128654], [78.392198, 17.4128426], [78.3921898, 17.4127725], [78.3920646, 17.4127545], [78.3920876, 17.4128654]]]}, "properties": {"osm_id": 357081891, "building_type": "yes", "osm_height": null, "osm_levels": null, "name": null}}, {"type": "Feature", "geometry": {"type": "Polygon", "coordinates": [[[78.3895088, 17.4120074], [78.3897364, 17.4119625], [78.3897118, 17.4118494], [78.3894842, 17.4118943], [78.3895088, 17.4120074]]]}, "properties": {"osm_id": 357081899, "building_type": "yes", "osm_height": null, "osm_levels": null, "name": null}}, {"type": "Feature", "geometry": {"type": "Polygon", "coordinates": [[[78.3923454, 17.4106002], [78.3924441, 17.4105979], [78.3924404, 17.4104576], [78.3923417, 17.41046], [78.3923454, 17.4106002]]]}, "properties": {"osm_id": 357081901, "building_type": "yes", "osm_height": null, "osm_levels": null, "name": null}}, {"type": "Feature", "geometry": {"type": "Polygon", "coordinates": [[[78.3901046, 17.4117995], [78.3902246, 17.4117677], [78.390206, 17.4117037], [78.390086, 17.4117355], [78.3901046, 17.4117995]]]}, "properties": {"osm_id": 357081915, "building_type": "yes", "osm_height": null, "osm_levels": null, "name": null}}, {"type": "Feature", "geometry": {"type": "Polygon", "coordinates": [[[78.391984, 17.4130059], [78.3922156, 17.4129468], [78.3921888, 17.412851], [78.3919572, 17.4129101], [78.391984, 17.4130059]]]}, "properties": {"osm_id": 357081923, "building_type": "yes", "osm_height": null, "osm_levels": null, "name": null}}, {"type": "Feature", "geometry": {"type": "Polygon", "coordinates": [[[78.3901598, 17.4121101], [78.3902855, 17.4120847], [78.3902723, 17.4120255], [78.3901466, 17.412051], [78.3901598, 17.4121101]]]}, "properties": {"osm_id": 357081934, "building_type": "yes", "osm_height": null, "osm_levels": null, "name": null}}, {"type": "Feature", "geometry": {"type": "Polygon", "coordinates": [[[78.3881658, 17.4105571], [78.388285, 17.4105404], [78.3882749, 17.4104748], [78.3881557, 17.4104915], [78.3881658, 17.4105571]]]}, "properties": {"osm_id": 357081940, "building_type": "yes", "osm_height": null, "osm_levels": null, "name": null}}, {"type": "Feature", "geometry": {"type": "Polygon", "coordinates": [[[78.3943669, 17.4107154], [78.3945658, 17.4106716], [78.3945031, 17.4104313], [78.3943066, 17.4104685], [78.3943669, 17.4107154]]]}, "properties": {"osm_id": 357081963, "building_type": "yes", "osm_height": null, "osm_levels": null, "name": null}}, {"type": "Feature", "geometry": {"type": "Polygon", "coordinates": [[[78.38983, 17.4119125], [78.3898861, 17.4119007], [78.3898549, 17.4117655], [78.3897987, 17.4117773], [78.38983, 17.4119125]]]}, "properties": {"osm_id": 357081984, "building_type": "yes", "osm_height": null, "osm_levels": null, "name": null}}, {"type": "Feature", "geometry": {"type": "Polygon", "coordinates": [[[78.3877925, 17.411113], [78.3879401, 17.4111039], [78.3879356, 17.4110378], [78.387788, 17.4110469], [78.3877925, 17.411113]]]}, "properties": {"osm_id": 357081994, "building_type": "yes", "osm_height": null, "osm_levels": null, "name": null}}, {"type": "Feature", "geometry": {"type": "Polygon", "coordinates": [[[78.3925714, 17.4106503], [78.3925684, 17.4105365], [78.392459, 17.4105391], [78.3924616, 17.4106381], [78.3925204, 17.4106367], [78.3925208, 17.4106515], [78.3925714, 17.4106503]]]}, "properties": {"osm_id": 357081998, "building_type": "yes", "osm_height": null, "osm_levels": null, "name": null}}, {"type": "Feature", "geometry": {"type": "Polygon", "coordinates": [[[78.3935666, 17.4103237], [78.3936011, 17.4104896], [78.3936778, 17.4104751], [78.3936572, 17.4103763], [78.3938745, 17.4103351], [78.393895, 17.4104339], [78.3939741, 17.4104189], [78.3939396, 17.4102531], [78.3935666, 17.4103237]]]}, "properties": {"osm_id": 357082004, "building_type": "yes", "osm_height": null, "osm_levels": null, "name": null}}, {"type": "Feature", "geometry": {"type": "Polygon", "coordinates": [[[78.3931992, 17.4121855], [78.3932934, 17.4121177], [78.3932645, 17.4120811], [78.3933198, 17.4120413], [78.3930951, 17.411757], [78.3929448, 17.4118651], [78.3929739, 17.411902], [78.3929482, 17.4119205], [78.3930002, 17.4119864], [78.393012, 17.4119779], [78.3931317, 17.4121294], [78.3931465, 17.4121188], [78.3931992, 17.4121855]]]}, "properties": {"osm_id": 357118561, "building_type": "yes", "osm_height": null, "osm_levels": null, "name": null}}, {"type": "Feature", "geometry": {"type": "Polygon", "coordinates": [[[78.3935093, 17.4151247], [78.3935855, 17.415072], [78.3935312, 17.4150006], [78.3934551, 17.4150533], [78.3935093, 17.4151247]]]}, "properties": {"osm_id": 357118571, "building_type": "yes", "osm_height": null, "osm_levels": null, "name": null}}, {"type": "Feature", "geometry": {"type": "Polygon", "coordinates": [[[78.3941208, 17.4137189], [78.3942649, 17.4137254], [78.3942707, 17.4136069], [78.3941266, 17.4136005], [78.3941208, 17.4137189]]]}, "properties": {"osm_id": 357118577, "building_type": "yes", "osm_height": null, "osm_levels": null, "name": null}}, {"type": "Feature", "geometry": {"type": "Polygon", "coordinates": [[[78.3940861, 17.4145743], [78.3941499, 17.4145352], [78.3941006, 17.414462], [78.3940368, 17.4145011], [78.3940861, 17.4145743]]]}, "properties": {"osm_id": 357118589, "building_type": "yes", "osm_height": null, "osm_levels": null, "name": null}}, {"type": "Feature", "geometry": {"type": "Polygon", "coordinates": [[[78.3944439, 17.4130785], [78.3945696, 17.4131312], [78.3946521, 17.412952], [78.3945264, 17.4128993], [78.3944439, 17.4130785]]]}, "properties": {"osm_id": 357118598, "building_type": "yes", "osm_height": null, "osm_levels": null, "name": null}}, {"type": "Feature", "geometry": {"type": "Polygon", "coordinates": [[[78.393656, 17.4148267], [78.3937645, 17.4147676], [78.3937296, 17.4147092], [78.393621, 17.4147682], [78.393656, 17.4148267]]]}, "properties": {"osm_id": 357118606, "building_type": "yes", "osm_height": null, "osm_levels": null, "name": null}}, {"type": "Feature", "geometry": {"type": "Polygon", "coordinates": [[[78.3931826, 17.4118117], [78.3932361, 17.4117735], [78.3931633, 17.4116809], [78.3931099, 17.4117192], [78.3931826, 17.4118117]]]}, "properties": {"osm_id": 357118617, "building_type": "yes", "osm_height": null, "osm_levels": null, "name": null}}, {"type": "Feature", "geometry": {"type": "Polygon", "coordinates": [[[78.3935169, 17.4149639], [78.393596, 17.4150747], [78.3937418, 17.4149801], [78.3936628, 17.4148692], [78.3935169, 17.4149639]]]}, "properties": {"osm_id": 357118623, "building_type": "yes", "osm_height": null, "osm_levels": null, "name": null}}, {"type": "Feature", "geometry": {"type": "Polygon", "coordinates": [[[78.3940645, 17.4140133], [78.3941283, 17.4139801], [78.3940475, 17.4138387], [78.3939837, 17.413872], [78.3940645, 17.4140133]]]}, "properties": {"osm_id": 357118630, "building_type": "yes", "osm_height": null, "osm_levels": null, "name": null}}, {"type": "Feature", "geometry": {"type": "Polygon", "coordinates": [[[78.3942763, 17.4135019], [78.3943839, 17.4135402], [78.3945401, 17.4131404], [78.3944325, 17.4131021], [78.3942763, 17.4135019]]]}, "properties": {"osm_id": 357118650, "building_type": "yes", "osm_height": null, "osm_levels": null, "name": null}}, {"type": "Feature", "geometry": {"type": "Polygon", "coordinates": [[[78.3923153, 17.4126474], [78.3923818, 17.4126275], [78.3923409, 17.412503], [78.3922744, 17.4125229], [78.3923153, 17.4126474]]]}, "properties": {"osm_id": 357118660, "building_type": "yes", "osm_height": null, "osm_levels": null, "name": null}}, {"type": "Feature", "geometry": {"type": "Polygon", "coordinates": [[[78.3938452, 17.4147342], [78.3939575, 17.4146842], [78.3939025, 17.4145716], [78.3937902, 17.4146216], [78.3938452, 17.4147342]]]}, "properties": {"osm_id": 357118663, "building_type": "yes", "osm_height": null, "osm_levels": null, "name": null}}, {"type": "Feature", "geometry": {"type": "Polygon", "coordinates": [[[78.3933265, 17.4122887], [78.3932886, 17.4121737], [78.3931904, 17.4122031], [78.3932283, 17.4123181], [78.3933265, 17.4122887]]]}, "properties": {"osm_id": 357118671, "building_type": "yes", "osm_height": null, "osm_levels": null, "name": null}}, {"type": "Feature", "geometry": {"type": "Polygon", "coordinates": [[[78.3937207, 17.4125277], [78.393875, 17.4125077], [78.3938518, 17.4123449], [78.3936976, 17.4123649], [78.3937207, 17.4125277]]]}, "properties": {"osm_id": 357118677, "building_type": "yes", "osm_height": null, "osm_levels": null, "name": null}}, {"type": "Feature", "geometry": {"type": "Polygon", "coordinates": [[[78.3936509, 17.4144153], [78.3938313, 17.414292], [78.3937855, 17.4142309], [78.393605, 17.4143543], [78.3936509, 17.4144153]]]}, "properties": {"osm_id": 357118694, "building_type": "yes", "osm_height": null, "osm_levels": null, "name": null}}, {"type": "Feature", "geometry": {"type": "Polygon", "coordinates": [[[78.3927109, 17.4143639], [78.3929331, 17.4143318], [78.3929202, 17.4142502], [78.392698, 17.4142824], [78.3927109, 17.4143639]]]}, "properties": {"osm_id": 357118704, "building_type": "yes", "osm_height": null, "osm_levels": null, "name": null}}, {"type": "Feature", "geometry": {"type": "Polygon", "coordinates": [[[78.3933569, 17.4138944], [78.393454, 17.4138544], [78.3933865, 17.4137051], [78.3932893, 17.4137451], [78.3933569, 17.4138944]]]}, "properties": {"osm_id": 357118712, "building_type": "yes", "osm_height": null, "osm_levels": null, "name": null}}, {"type": "Feature", "geometry": {"type": "Polygon", "coordinates": [[[78.3939566, 17.4146415], [78.3940099, 17.4146179], [78.393976, 17.4145483], [78.3939227, 17.4145719], [78.3939566, 17.4146415]]]}, "properties": {"osm_id": 357118725, "building_type": "yes", "osm_height": null, "osm_levels": null, "name": null}}, {"type": "Feature", "geometry": {"type": "Polygon", "coordinates": [[[78.3947486, 17.4128941], [78.39482, 17.4128814], [78.3948043, 17.4128008], [78.3947329, 17.4128135], [78.3947486, 17.4128941]]]}, "properties": {"osm_id": 357118737, "building_type": "yes", "osm_height": null, "osm_levels": null, "name": null}}, {"type": "Feature", "geometry": {"type": "Polygon", "coordinates": [[[78.3935474, 17.4149112], [78.3936455, 17.4148485], [78.3936057, 17.4147918], [78.3935076, 17.4148545], [78.3935474, 17.4149112]]]}, "properties": {"osm_id": 357118743, "building_type": "yes", "osm_height": null, "osm_levels": null, "name": null}}, {"type": "Feature", "geometry": {"type": "Polygon", "coordinates": [[[78.3933598, 17.4152319], [78.3934038, 17.4151984], [78.3933057, 17.4150812], [78.3932618, 17.4151147], [78.3933598, 17.4152319]]]}, "properties": {"osm_id": 357118759, "building_type": "yes", "osm_height": null, "osm_levels": null, "name": null}}, {"type": "Feature", "geometry": {"type": "Polygon", "coordinates": [[[78.3938508, 17.4136936], [78.3939235, 17.4136602], [78.3937246, 17.413266], [78.3936519, 17.4132994], [78.3938508, 17.4136936]]]}, "properties": {"osm_id": 357118766, "building_type": "yes", "osm_height": null, "osm_levels": null, "name": null}}, {"type": "Feature", "geometry": {"type": "Polygon", "coordinates": [[[78.3940128, 17.4146043], [78.3940746, 17.4145698], [78.3940336, 17.4145028], [78.3939717, 17.4145373], [78.3940128, 17.4146043]]]}, "properties": {"osm_id": 357118780, "building_type": "yes", "osm_height": null, "osm_levels": null, "name": null}}, {"type": "Feature", "geometry": {"type": "Polygon", "coordinates": [[[78.3942519, 17.4146401], [78.3942966, 17.4146083], [78.3942708, 17.4145755], [78.3943065, 17.4145499], [78.3942598, 17.4144904], [78.3942838, 17.4144732], [78.3942076, 17.4143761], [78.3941032, 17.4144507], [78.3942519, 17.4146401]]]}, "properties": {"osm_id": 357118796, "building_type": "yes", "osm_height": null, "osm_levels": null, "name": null}}, {"type": "Feature", "geometry": {"type": "Polygon", "coordinates": [[[78.3952836, 17.4121245], [78.3953551, 17.4120664], [78.3952849, 17.4119228], [78.3952836, 17.4121245]]]}, "properties": {"osm_id": 357138409, "building_type": "yes", "osm_height": null, "osm_levels": null, "name": null}}, {"type": "Feature", "geometry": {"type": "Polygon", "coordinates": [[[78.3949604, 17.4121472], [78.3952108, 17.4121498], [78.395212, 17.4120467], [78.3949615, 17.4120441], [78.3949604, 17.4121472]]]}, "properties": {"osm_id": 357138419, "building_type": "yes", "osm_height": null, "osm_levels": null, "name": null}}, {"type": "Feature", "geometry": {"type": "Polygon", "coordinates": [[[78.3949765, 17.4117862], [78.3950829, 17.4117887], [78.3950851, 17.4117061], [78.3949787, 17.4117035], [78.3949765, 17.4117862]]]}, "properties": {"osm_id": 357138443, "building_type": "yes", "osm_height": null, "osm_levels": null, "name": null}}, {"type": "Feature", "geometry": {"type": "Polygon", "coordinates": [[[78.3952555, 17.4108761], [78.3953323, 17.4108658], [78.3953217, 17.410794], [78.395245, 17.4108043], [78.3952555, 17.4108761]]]}, "properties": {"osm_id": 357138471, "building_type": "yes", "osm_height": null, "osm_levels": null, "name": null}}, {"type": "Feature", "geometry": {"type": "Polygon", "coordinates": [[[78.3952771, 17.4118789], [78.3953223, 17.4118811], [78.395329, 17.4117558], [78.3952838, 17.4117536], [78.3952771, 17.4118789]]]}, "properties": {"osm_id": 357138480, "building_type": "yes", "osm_height": null, "osm_levels": null, "name": null}}, {"type": "Feature", "geometry": {"type": "Polygon", "coordinates": [[[78.3949725, 17.4116872], [78.3950815, 17.4116911], [78.3950851, 17.4115983], [78.3949761, 17.4115944], [78.3949725, 17.4116872]]]}, "properties": {"osm_id": 357138489, "building_type": "yes", "osm_height": null, "osm_levels": null, "name": null}}, {"type": "Feature", "geometry": {"type": "Polygon", "coordinates": [[[78.3952594, 17.4123076], [78.3954756, 17.4120995], [78.395406, 17.4120337], [78.3951898, 17.4122418], [78.3952594, 17.4123076]]]}, "properties": {"osm_id": 357138494, "building_type": "yes", "osm_height": null, "osm_levels": null, "name": null}}, {"type": "Feature", "geometry": {"type": "Polygon", "coordinates": [[[78.3953465, 17.4120328], [78.3953955, 17.4120132], [78.3953412, 17.4118896], [78.3952922, 17.4119092], [78.3953465, 17.4120328]]]}, "properties": {"osm_id": 357138513, "building_type": "yes", "osm_height": null, "osm_levels": null, "name": null}}, {"type": "Feature", "geometry": {"type": "Polygon", "coordinates": [[[78.3949846, 17.4115767], [78.3950856, 17.4115793], [78.3950883, 17.4114812], [78.3949873, 17.4114786], [78.3949846, 17.4115767]]]}, "properties": {"osm_id": 357138520, "building_type": "yes", "osm_height": null, "osm_levels": null, "name": null}}, {"type": "Feature", "geometry": {"type": "Polygon", "coordinates": [[[78.3950975, 17.4123321], [78.3951842, 17.4123303], [78.3951815, 17.4122148], [78.3950949, 17.4122166], [78.3950975, 17.4123321]]]}, "properties": {"osm_id": 357138528, "building_type": "yes", "osm_height": null, "osm_levels": null, "name": null}}, {"type": "Feature", "geometry": {"type": "Polygon", "coordinates": [[[78.3951017, 17.4116821], [78.3952337, 17.411686], [78.3952409, 17.4114611], [78.395109, 17.4114573], [78.3951017, 17.4116821]]]}, "properties": {"osm_id": 357138566, "building_type": "yes", "osm_height": null, "osm_levels": null, "name": null}}, {"type": "Feature", "geometry": {"type": "Polygon", "coordinates": [[[78.3949566, 17.4123775], [78.3950899, 17.4123657], [78.395075, 17.4122125], [78.3949417, 17.4122244], [78.3949566, 17.4123775]]]}, "properties": {"osm_id": 357138574, "building_type": "yes", "osm_height": null, "osm_levels": null, "name": null}}, {"type": "Feature", "geometry": {"type": "Polygon", "coordinates": [[[78.3953209, 17.4115583], [78.3954172, 17.4115431], [78.395397, 17.4114262], [78.3953007, 17.4114413], [78.3953209, 17.4115583]]]}, "properties": {"osm_id": 357138594, "building_type": "yes", "osm_height": null, "osm_levels": null, "name": null}}, {"type": "Feature", "geometry": {"type": "Polygon", "coordinates": [[[78.3953268, 17.4112225], [78.3954791, 17.4112016], [78.3954629, 17.4110939], [78.3953105, 17.4111148], [78.3953268, 17.4112225]]]}, "properties": {"osm_id": 357138598, "building_type": "yes", "osm_height": null, "osm_levels": null, "name": null}}, {"type": "Feature", "geometry": {"type": "Polygon", "coordinates": [[[78.395095, 17.4119224], [78.3952175, 17.4119224], [78.3952175, 17.4118016], [78.395095, 17.4118016], [78.395095, 17.4119224]]]}, "properties": {"osm_id": 357138606, "building_type": "yes", "osm_height": null, "osm_levels": null, "name": null}}, {"type": "Feature", "geometry": {"type": "Polygon", "coordinates": [[[78.3952084, 17.4110354], [78.3954225, 17.4110046], [78.3954077, 17.4109112], [78.3951936, 17.410942], [78.3952084, 17.4110354]]]}, "properties": {"osm_id": 357138616, "building_type": "yes", "osm_height": null, "osm_levels": null, "name": null}}, {"type": "Feature", "geometry": {"type": "Polygon", "coordinates": [[[78.3951639, 17.4112625], [78.3953049, 17.4112407], [78.395288, 17.4111418], [78.3951471, 17.4111636], [78.3951639, 17.4112625]]]}, "properties": {"osm_id": 357138627, "building_type": "yes", "osm_height": null, "osm_levels": null, "name": null}}, {"type": "Feature", "geometry": {"type": "Polygon", "coordinates": [[[78.3949698, 17.4119134], [78.3950775, 17.4119134], [78.3950775, 17.4118106], [78.3949698, 17.4118106], [78.3949698, 17.4119134]]]}, "properties": {"osm_id": 357138633, "building_type": "yes", "osm_height": null, "osm_levels": null, "name": null}}, {"type": "Feature", "geometry": {"type": "Polygon", "coordinates": [[[78.3950129, 17.4112953], [78.3951543, 17.4112735], [78.3951333, 17.41115], [78.3949919, 17.4111719], [78.3950129, 17.4112953]]]}, "properties": {"osm_id": 357138655, "building_type": "yes", "osm_height": null, "osm_levels": null, "name": null}}, {"type": "Feature", "geometry": {"type": "Polygon", "coordinates": [[[78.3949684, 17.4120226], [78.3952135, 17.4120239], [78.395214, 17.411939], [78.3949689, 17.4119377], [78.3949684, 17.4120226]]]}, "properties": {"osm_id": 357138665, "building_type": "yes", "osm_height": null, "osm_levels": null, "name": null}}, {"type": "Feature", "geometry": {"type": "Polygon", "coordinates": [[[78.3951209, 17.4110803], [78.3952017, 17.4110649], [78.395178, 17.4109517], [78.3950972, 17.4109671], [78.3951209, 17.4110803]]]}, "properties": {"osm_id": 357138671, "building_type": "yes", "osm_height": null, "osm_levels": null, "name": null}}, {"type": "Feature", "geometry": {"type": "Polygon", "coordinates": [[[78.395029, 17.4113904], [78.3952592, 17.4113622], [78.3952473, 17.4112732], [78.395017, 17.4113015], [78.395029, 17.4113904]]]}, "properties": {"osm_id": 357138704, "building_type": "yes", "osm_height": null, "osm_levels": null, "name": null}}, {"type": "Feature", "geometry": {"type": "Polygon", "coordinates": [[[78.390335, 17.4181336], [78.3903889, 17.4181749], [78.3904784, 17.4180686], [78.3904245, 17.4180273], [78.390335, 17.4181336]]]}, "properties": {"osm_id": 357170583, "building_type": "yes", "osm_height": null, "osm_levels": null, "name": null}}, {"type": "Feature", "geometry": {"type": "Polygon", "coordinates": [[[78.3908816, 17.4178663], [78.3910674, 17.4177827], [78.3910045, 17.4176555], [78.3908188, 17.417739], [78.3908816, 17.4178663]]]}, "properties": {"osm_id": 357170584, "building_type": "yes", "osm_height": null, "osm_levels": null, "name": null}}, {"type": "Feature", "geometry": {"type": "Polygon", "coordinates": [[[78.3914536, 17.4172518], [78.3915523, 17.4172085], [78.3915192, 17.41714], [78.3914206, 17.4171833], [78.3914536, 17.4172518]]]}, "properties": {"osm_id": 357170585, "building_type": "yes", "osm_height": null, "osm_levels": null, "name": null}}, {"type": "Feature", "geometry": {"type": "Polygon", "coordinates": [[[78.3904883, 17.41805], [78.3905712, 17.417951], [78.3905206, 17.4179125], [78.3904377, 17.4180115], [78.3904883, 17.41805]]]}, "properties": {"osm_id": 357170589, "building_type": "yes", "osm_height": null, "osm_levels": null, "name": null}}, {"type": "Feature", "geometry": {"type": "Polygon", "coordinates": [[[78.3906207, 17.4178665], [78.3905721, 17.417752], [78.3905152, 17.417774], [78.3905637, 17.4178885], [78.3906207, 17.4178665]]]}, "properties": {"osm_id": 357170590, "building_type": "yes", "osm_height": null, "osm_levels": null, "name": null}}, {"type": "Feature", "geometry": {"type": "Polygon", "coordinates": [[[78.3916214, 17.4172978], [78.3917257, 17.4173392], [78.3917619, 17.417256], [78.3916576, 17.4172147], [78.3916214, 17.4172978]]]}, "properties": {"osm_id": 357170591, "building_type": "yes", "osm_height": null, "osm_levels": null, "name": null}}, {"type": "Feature", "geometry": {"type": "Polygon", "coordinates": [[[78.3902588, 17.4175664], [78.3903807, 17.4177281], [78.3905084, 17.4176405], [78.3903865, 17.4174788], [78.3902588, 17.4175664]]]}, "properties": {"osm_id": 357170596, "building_type": "yes", "osm_height": null, "osm_levels": null, "name": null}}, {"type": "Feature", "geometry": {"type": "Polygon", "coordinates": [[[78.3916638, 17.4172029], [78.3917628, 17.4172442], [78.3918178, 17.4171242], [78.3917188, 17.4170829], [78.3916638, 17.4172029]]]}, "properties": {"osm_id": 357170597, "building_type": "yes", "osm_height": null, "osm_levels": null, "name": null}}, {"type": "Feature", "geometry": {"type": "Polygon", "coordinates": [[[78.3905491, 17.4183754], [78.390436, 17.4184794], [78.3904691, 17.4185121], [78.3905181, 17.418467], [78.3905719, 17.4185202], [78.3906359, 17.4184613], [78.3905491, 17.4183754]]]}, "properties": {"osm_id": 357170599, "building_type": "yes", "osm_height": null, "osm_levels": null, "name": null}}, {"type": "Feature", "geometry": {"type": "Polygon", "coordinates": [[[78.3946183, 17.4326006], [78.3946333, 17.4325888], [78.3946573, 17.4326175], [78.3946794, 17.4325955], [78.3946972, 17.4326184], [78.394724, 17.4325915], [78.3947325, 17.4326049], [78.3947825, 17.432565], [78.3947715, 17.4325435], [78.394794, 17.4325292], [78.3947935, 17.4325758], [78.3948805, 17.4325771], [78.39488, 17.4325293], [78.3948922, 17.4325274], [78.3949157, 17.4325579], [78.3949002, 17.4325744], [78.3949358, 17.4326141], [78.3949514, 17.4326022], [78.3949744, 17.4326287], [78.3949904, 17.4326094], [78.3950191, 17.4326367], [78.3950468, 17.4326045], [78.3950604, 17.4326202], [78.3951069, 17.4325715], [78.3950971, 17.4325619], [78.3951168, 17.4325399], [78.3950971, 17.4325166], [78.3951173, 17.4324929], [78.3951003, 17.4324704], [78.3951129, 17.4324552], [78.3950862, 17.4324278], [78.3950481, 17.4324633], [78.3950476, 17.4324536], [78.3950382, 17.4324534], [78.3950387, 17.4324639], [78.3950126, 17.4324428], [78.3950119, 17.4324356], [78.3950206, 17.4324358], [78.3950194, 17.4324139], [78.3949992, 17.4324145], [78.3950001, 17.4324217], [78.3949741, 17.4324146], [78.3949744, 17.4324045], [78.3949574, 17.4324044], [78.3949575, 17.4324141], [78.3949371, 17.4323962], [78.3948909, 17.4324354], [78.3949093, 17.4324605], [78.3948843, 17.432473], [78.3948843, 17.4324304], [78.3948003, 17.4324255], [78.3948007, 17.4324712], [78.3947815, 17.4324618], [78.3947899, 17.4324457], [78.3947345, 17.4323826], [78.3947287, 17.4323958], [78.3947075, 17.4323704], [78.3946789, 17.4323736], [78.3946716, 17.4323825], [78.3946431, 17.43236], [78.3945717, 17.4324226], [78.3945861, 17.4324501], [78.394563, 17.4324688], [78.3945816, 17.4324934], [78.3945595, 17.4325151], [78.3945788, 17.432536], [78.3945695, 17.4325468], [78.3946183, 17.4326006]]]}, "properties": {"osm_id": 357342218, "building_type": "yes", "osm_height": null, "osm_levels": null, "name": null}}, {"type": "Feature", "geometry": {"type": "Polygon", "coordinates": [[[78.3936782, 17.4322208], [78.3936711, 17.4323802], [78.3943834, 17.4324093], [78.3943906, 17.4322498], [78.3936782, 17.4322208]]]}, "properties": {"osm_id": 357342221, "building_type": "yes", "osm_height": null, "osm_levels": null, "name": null}}, {"type": "Feature", "geometry": {"type": "Polygon", "coordinates": [[[78.3938105, 17.430046], [78.3938491, 17.4301277], [78.3939358, 17.4300905], [78.3938972, 17.4300087], [78.3938105, 17.430046]]]}, "properties": {"osm_id": 357342222, "building_type": "yes", "osm_height": null, "osm_levels": null, "name": null}}, {"type": "Feature", "geometry": {"type": "Polygon", "coordinates": [[[78.3928465, 17.4311001], [78.3929339, 17.4310918], [78.3929268, 17.4310236], [78.3932673, 17.4309914], [78.3932733, 17.4310489], [78.3933627, 17.4310404], [78.3933393, 17.4308142], [78.3928219, 17.430863], [78.3928465, 17.4311001]]]}, "properties": {"osm_id": 357342223, "building_type": "yes", "osm_height": null, "osm_levels": null, "name": null}}, {"type": "Feature", "geometry": {"type": "Polygon", "coordinates": [[[78.3933496, 17.433005], [78.3933666, 17.433004], [78.3933666, 17.432998], [78.3934826, 17.4329984], [78.3934822, 17.4330076], [78.393505, 17.4330078], [78.3935051, 17.4329977], [78.3936189, 17.4329989], [78.3936188, 17.4330098], [78.3936565, 17.4330102], [78.3936565, 17.4328478], [78.3936643, 17.4328481], [78.3936653, 17.4328302], [78.3936856, 17.4328289], [78.3936854, 17.4327997], [78.3936647, 17.4327994], [78.3936618, 17.4326011], [78.3934689, 17.4326004], [78.3934699, 17.432638], [78.3934323, 17.4326389], [78.3933501, 17.4325847], [78.3933505, 17.432612], [78.3933195, 17.4326161], [78.3933162, 17.4326008], [78.3931644, 17.432588], [78.393164, 17.4327313], [78.3932659, 17.432733], [78.3932678, 17.4327902], [78.3932977, 17.432833], [78.3933513, 17.432863], [78.3933496, 17.433005]]]}, "properties": {"osm_id": 357342224, "building_type": "yes", "osm_height": null, "osm_levels": null, "name": null}}, {"type": "Feature", "geometry": {"type": "Polygon", "coordinates": [[[78.3938747, 17.431425], [78.39387, 17.4315188], [78.3940155, 17.4315253], [78.3940141, 17.4315531], [78.3939749, 17.4315513], [78.3939672, 17.4317067], [78.394045, 17.4317102], [78.3940458, 17.431694], [78.3941522, 17.4316988], [78.3941541, 17.4316135], [78.3942963, 17.4316421], [78.3944293, 17.4317302], [78.3944128, 17.4317789], [78.3945053, 17.4318158], [78.3944982, 17.4320239], [78.3945891, 17.4320304], [78.3945836, 17.4321937], [78.3945147, 17.4321888], [78.3945139, 17.4322139], [78.3945122, 17.4322631], [78.3946259, 17.4322712], [78.394662, 17.4318087], [78.3947708, 17.4318165], [78.3947684, 17.431848], [78.3949319, 17.4318596], [78.3949344, 17.4318281], [78.3950284, 17.4318348], [78.3949923, 17.4322972], [78.3951459, 17.4323081], [78.3951924, 17.4317718], [78.3952549, 17.4317767], [78.3952622, 17.4316924], [78.3946238, 17.4316668], [78.3946188, 17.4316157], [78.3945306, 17.43161], [78.3945346, 17.4315547], [78.3944929, 17.4315515], [78.3944976, 17.4315091], [78.3944094, 17.4315046], [78.3944013, 17.4315425], [78.394371, 17.4315406], [78.3943797, 17.4314469], [78.3938747, 17.431425]]]}, "properties": {"osm_id": 357354518, "building_type": "yes", "osm_height": null, "osm_levels": null, "name": null}}, {"type": "Feature", "geometry": {"type": "Polygon", "coordinates": [[[78.3680491, 17.4354001], [78.3681345, 17.4353362], [78.3680628, 17.435249], [78.3679774, 17.4353129], [78.3680491, 17.4354001]]]}, "properties": {"osm_id": 357646338, "building_type": "yes", "osm_height": null, "osm_levels": null, "name": null}}, {"type": "Feature", "geometry": {"type": "Polygon", "coordinates": [[[78.3680167, 17.4193896], [78.3681082, 17.4193834], [78.3680972, 17.4192358], [78.3680057, 17.419242], [78.3680167, 17.4193896]]]}, "properties": {"osm_id": 357646411, "building_type": "yes", "osm_height": null, "osm_levels": null, "name": null}}, {"type": "Feature", "geometry": {"type": "Polygon", "coordinates": [[[78.368011, 17.4354619], [78.3680593, 17.4354257], [78.3680082, 17.4353637], [78.3679599, 17.4353999], [78.368011, 17.4354619]]]}, "properties": {"osm_id": 357646436, "building_type": "yes", "osm_height": null, "osm_levels": null, "name": null}}, {"type": "Feature", "geometry": {"type": "Polygon", "coordinates": [[[78.3672912, 17.4348743], [78.367396, 17.4349969], [78.3676518, 17.4347977], [78.367547, 17.4346751], [78.3672912, 17.4348743]]]}, "properties": {"osm_id": 357669357, "building_type": "yes", "osm_height": null, "osm_levels": null, "name": null}}, {"type": "Feature", "geometry": {"type": "Polygon", "coordinates": [[[78.3950912, 17.41342], [78.3951835, 17.4135093], [78.3952317, 17.4134639], [78.3951395, 17.4133746], [78.3950912, 17.41342]]]}, "properties": {"osm_id": 358104456, "building_type": "yes", "osm_height": null, "osm_levels": null, "name": null}}, {"type": "Feature", "geometry": {"type": "Polygon", "coordinates": [[[78.3951196, 17.413157], [78.3952414, 17.4130625], [78.3951699, 17.4129785], [78.395048, 17.413073], [78.3951196, 17.413157]]]}, "properties": {"osm_id": 358104749, "building_type": "yes", "osm_height": null, "osm_levels": null, "name": null}}, {"type": "Feature", "geometry": {"type": "Polygon", "coordinates": [[[78.395097, 17.4139672], [78.3950906, 17.4138768], [78.3949057, 17.4138885], [78.394912, 17.413979], [78.395097, 17.4139672]]]}, "properties": {"osm_id": 358104785, "building_type": "yes", "osm_height": null, "osm_levels": null, "name": null}}, {"type": "Feature", "geometry": {"type": "Polygon", "coordinates": [[[78.3953513, 17.4129352], [78.3953845, 17.4129125], [78.3953374, 17.4128556], [78.3952955, 17.4128064], [78.3952607, 17.4128305], [78.3953513, 17.4129352]]]}, "properties": {"osm_id": 358104835, "building_type": "yes", "osm_height": null, "osm_levels": null, "name": null}}, {"type": "Feature", "geometry": {"type": "Polygon", "coordinates": [[[78.3951155, 17.4133301], [78.3952272, 17.4134489], [78.3952745, 17.4134084], [78.3951628, 17.4132895], [78.3951155, 17.4133301]]]}, "properties": {"osm_id": 358104849, "building_type": "yes", "osm_height": null, "osm_levels": null, "name": null}}, {"type": "Feature", "geometry": {"type": "Polygon", "coordinates": [[[78.3951294, 17.4137514], [78.3952008, 17.4136975], [78.3951526, 17.4136394], [78.3950812, 17.4136933], [78.3951294, 17.4137514]]]}, "properties": {"osm_id": 358104938, "building_type": "yes", "osm_height": null, "osm_levels": null, "name": null}}, {"type": "Feature", "geometry": {"type": "Polygon", "coordinates": [[[78.3952357, 17.4133051], [78.3953852, 17.4131725], [78.3952718, 17.4130561], [78.3951223, 17.4131888], [78.3952357, 17.4133051]]]}, "properties": {"osm_id": 358105072, "building_type": "yes", "osm_height": null, "osm_levels": null, "name": null}}, {"type": "Feature", "geometry": {"type": "Polygon", "coordinates": [[[78.3952368, 17.4130226], [78.3953364, 17.4129404], [78.3952687, 17.4128656], [78.395169, 17.4129478], [78.3952368, 17.4130226]]]}, "properties": {"osm_id": 358105094, "building_type": "yes", "osm_height": null, "osm_levels": null, "name": null}}, {"type": "Feature", "geometry": {"type": "Polygon", "coordinates": [[[78.3947556, 17.4139269], [78.3947601, 17.4140132], [78.3948944, 17.4140068], [78.3948899, 17.4139205], [78.3947556, 17.4139269]]]}, "properties": {"osm_id": 358105109, "building_type": "yes", "osm_height": null, "osm_levels": null, "name": null}}, {"type": "Feature", "geometry": {"type": "Polygon", "coordinates": [[[78.395291, 17.4130425], [78.3953373, 17.4130917], [78.3954272, 17.4130146], [78.3954615, 17.4130511], [78.3954817, 17.4130293], [78.395439, 17.4129905], [78.3954084, 17.4129507], [78.395291, 17.4130425]]]}, "properties": {"osm_id": 358105392, "building_type": "yes", "osm_height": null, "osm_levels": null, "name": null}}, {"type": "Feature", "geometry": {"type": "Polygon", "coordinates": [[[78.3949935, 17.4109643], [78.3950964, 17.4109509], [78.3950789, 17.4108288], [78.394976, 17.4108423], [78.3949935, 17.4109643]]]}, "properties": {"osm_id": 358300381, "building_type": "yes", "osm_height": null, "osm_levels": null, "name": null}}, {"type": "Feature", "geometry": {"type": "Polygon", "coordinates": [[[78.3885399, 17.4104789], [78.3885963, 17.4104781], [78.3885945, 17.41035], [78.3885381, 17.4103507], [78.3885399, 17.4104789]]]}, "properties": {"osm_id": 358355300, "building_type": "yes", "osm_height": null, "osm_levels": null, "name": null}}, {"type": "Feature", "geometry": {"type": "Polygon", "coordinates": [[[78.3892125, 17.4105097], [78.3892858, 17.4105024], [78.3892786, 17.4104361], [78.3892052, 17.4104434], [78.3892125, 17.4105097]]]}, "properties": {"osm_id": 358355304, "building_type": "yes", "osm_height": null, "osm_levels": null, "name": null}}, {"type": "Feature", "geometry": {"type": "Polygon", "coordinates": [[[78.3889582, 17.4104779], [78.3890277, 17.4104806], [78.3890323, 17.4103752], [78.3889628, 17.4103725], [78.3889582, 17.4104779]]]}, "properties": {"osm_id": 358355308, "building_type": "yes", "osm_height": null, "osm_levels": null, "name": null}}, {"type": "Feature", "geometry": {"type": "Polygon", "coordinates": [[[78.3884083, 17.4104806], [78.3885168, 17.4104779], [78.3885133, 17.41035], [78.3884048, 17.4103527], [78.3884083, 17.4104806]]]}, "properties": {"osm_id": 358355311, "building_type": "yes", "osm_height": null, "osm_levels": null, "name": null}}, {"type": "Feature", "geometry": {"type": "Polygon", "coordinates": [[[78.3702623, 17.4179643], [78.3703461, 17.4179698], [78.3703488, 17.4179314], [78.370265, 17.417926], [78.3702623, 17.4179643]]]}, "properties": {"osm_id": 360443078, "building_type": "yes", "osm_height": null, "osm_levels": null, "name": null}}, {"type": "Feature", "geometry": {"type": "Polygon", "coordinates": [[[78.370172, 17.4184456], [78.370206, 17.4184552], [78.3702276, 17.4183855], [78.3701936, 17.418376], [78.370172, 17.4184456]]]}, "properties": {"osm_id": 360443079, "building_type": "yes", "osm_height": null, "osm_levels": null, "name": null}}, {"type": "Feature", "geometry": {"type": "Polygon", "coordinates": [[[78.3703839, 17.4271044], [78.3703449, 17.4269014], [78.370266, 17.4269152], [78.3703051, 17.4271183], [78.3703839, 17.4271044]]]}, "properties": {"osm_id": 360443080, "building_type": "yes", "osm_height": null, "osm_levels": null, "name": null}}, {"type": "Feature", "geometry": {"type": "Polygon", "coordinates": [[[78.367901, 17.4197066], [78.367945, 17.4197036], [78.36794, 17.419636], [78.367896, 17.419639], [78.367901, 17.4197066]]]}, "properties": {"osm_id": 360443081, "building_type": "yes", "osm_height": null, "osm_levels": null, "name": null}}, {"type": "Feature", "geometry": {"type": "Polygon", "coordinates": [[[78.3702189, 17.4271603], [78.3702789, 17.4271474], [78.3702553, 17.4270478], [78.3701954, 17.4270608], [78.3702189, 17.4271603]]]}, "properties": {"osm_id": 360443082, "building_type": "yes", "osm_height": null, "osm_levels": null, "name": null}}, {"type": "Feature", "geometry": {"type": "Polygon", "coordinates": [[[78.3840668, 17.4211727], [78.3841048, 17.4211425], [78.3840745, 17.4211078], [78.3840365, 17.421138], [78.3840668, 17.4211727]]]}, "properties": {"osm_id": 360443085, "building_type": "yes", "osm_height": null, "osm_levels": null, "name": null}}, {"type": "Feature", "geometry": {"type": "Polygon", "coordinates": [[[78.3782169, 17.4217902], [78.3783194, 17.4217168], [78.3782841, 17.4216719], [78.3781816, 17.4217454], [78.3782169, 17.4217902]]]}, "properties": {"osm_id": 360443088, "building_type": "yes", "osm_height": null, "osm_levels": null, "name": null}}, {"type": "Feature", "geometry": {"type": "Polygon", "coordinates": [[[78.3679073, 17.4285462], [78.3679475, 17.4285253], [78.3679208, 17.4284785], [78.3678806, 17.4284994], [78.3679073, 17.4285462]]]}, "properties": {"osm_id": 360443089, "building_type": "yes", "osm_height": null, "osm_levels": null, "name": null}}, {"type": "Feature", "geometry": {"type": "Polygon", "coordinates": [[[78.3678953, 17.4196207], [78.3679291, 17.4196184], [78.3679249, 17.4195614], [78.3678911, 17.4195637], [78.3678953, 17.4196207]]]}, "properties": {"osm_id": 360443090, "building_type": "yes", "osm_height": null, "osm_levels": null, "name": null}}, {"type": "Feature", "geometry": {"type": "Polygon", "coordinates": [[[78.3794894, 17.4225804], [78.379558, 17.4225307], [78.3794732, 17.4224244], [78.3794047, 17.4224741], [78.3794894, 17.4225804]]]}, "properties": {"osm_id": 360444072, "building_type": "yes", "osm_height": null, "osm_levels": null, "name": null}}, {"type": "Feature", "geometry": {"type": "Polygon", "coordinates": [[[78.3798316, 17.4224223], [78.3798618, 17.4224012], [78.3798184, 17.4223447], [78.3797882, 17.4223658], [78.3798316, 17.4224223]]]}, "properties": {"osm_id": 360444073, "building_type": "yes", "osm_height": null, "osm_levels": null, "name": null}}, {"type": "Feature", "geometry": {"type": "Polygon", "coordinates": [[[78.3741509, 17.4228757], [78.374151, 17.4229852], [78.374321, 17.422985], [78.3743209, 17.4228756], [78.3741509, 17.4228757]]]}, "properties": {"osm_id": 360444684, "building_type": "yes", "osm_height": null, "osm_levels": null, "name": null}}, {"type": "Feature", "geometry": {"type": "Polygon", "coordinates": [[[78.3747257, 17.4231566], [78.3748755, 17.4231557], [78.3748746, 17.4230253], [78.3747248, 17.4230262], [78.3747257, 17.4231566]]]}, "properties": {"osm_id": 360444688, "building_type": "yes", "osm_height": null, "osm_levels": null, "name": null}}, {"type": "Feature", "geometry": {"type": "Polygon", "coordinates": [[[78.3745598, 17.4233115], [78.3747004, 17.4233087], [78.3746977, 17.4231843], [78.3745571, 17.4231871], [78.3745598, 17.4233115]]]}, "properties": {"osm_id": 360444691, "building_type": "yes", "osm_height": null, "osm_levels": null, "name": null}}, {"type": "Feature", "geometry": {"type": "Polygon", "coordinates": [[[78.3745512, 17.4231667], [78.3746889, 17.423163], [78.3746849, 17.4230329], [78.3745473, 17.4230367], [78.3745512, 17.4231667]]]}, "properties": {"osm_id": 360444692, "building_type": "yes", "osm_height": null, "osm_levels": null, "name": null}}, {"type": "Feature", "geometry": {"type": "Polygon", "coordinates": [[[78.3741615, 17.4232828], [78.3743296, 17.4232812], [78.3743284, 17.4231631], [78.3741603, 17.4231647], [78.3741615, 17.4232828]]]}, "properties": {"osm_id": 360444695, "building_type": "yes", "osm_height": null, "osm_levels": null, "name": null}}, {"type": "Feature", "geometry": {"type": "Polygon", "coordinates": [[[78.3747306, 17.423312], [78.374877, 17.4233085], [78.3748734, 17.4231721], [78.374727, 17.4231756], [78.3747306, 17.423312]]]}, "properties": {"osm_id": 360444696, "building_type": "yes", "osm_height": null, "osm_levels": null, "name": null}}, {"type": "Feature", "geometry": {"type": "Polygon", "coordinates": [[[78.3681722, 17.4361485], [78.3682003, 17.4361277], [78.3681289, 17.4360397], [78.3681009, 17.4360605], [78.3681722, 17.4361485]]]}, "properties": {"osm_id": 360446016, "building_type": "yes", "osm_height": null, "osm_levels": null, "name": null}}, {"type": "Feature", "geometry": {"type": "Polygon", "coordinates": [[[78.3682069, 17.4361409], [78.3682356, 17.4361724], [78.368287, 17.4361297], [78.3682583, 17.4360982], [78.3682069, 17.4361409]]]}, "properties": {"osm_id": 360446017, "building_type": "yes", "osm_height": null, "osm_levels": null, "name": null}}, {"type": "Feature", "geometry": {"type": "Polygon", "coordinates": [[[78.3680482, 17.4363187], [78.3681055, 17.4362769], [78.3680812, 17.4362466], [78.368024, 17.4362884], [78.3680482, 17.4363187]]]}, "properties": {"osm_id": 360446022, "building_type": "yes", "osm_height": null, "osm_levels": null, "name": null}}, {"type": "Feature", "geometry": {"type": "Polygon", "coordinates": [[[78.3931519, 17.4158283], [78.3932262, 17.4158103], [78.393203, 17.4157233], [78.3931288, 17.4157413], [78.3931519, 17.4158283]]]}, "properties": {"osm_id": 360453066, "building_type": "yes", "osm_height": null, "osm_levels": null, "name": null}}, {"type": "Feature", "geometry": {"type": "Polygon", "coordinates": [[[78.393513, 17.4306991], [78.3936665, 17.4306991], [78.3936665, 17.4305664], [78.393513, 17.4305664], [78.393513, 17.4306991]]]}, "properties": {"osm_id": 360453071, "building_type": "yes", "osm_height": null, "osm_levels": null, "name": null}}, {"type": "Feature", "geometry": {"type": "Polygon", "coordinates": [[[78.3915758, 17.4177261], [78.3917421, 17.4178281], [78.3918693, 17.4176393], [78.3917031, 17.4175373], [78.3915758, 17.4177261]]]}, "properties": {"osm_id": 360453078, "building_type": "yes", "osm_height": null, "osm_levels": null, "name": null}}, {"type": "Feature", "geometry": {"type": "Polygon", "coordinates": [[[78.3914368, 17.4176469], [78.3915446, 17.4177139], [78.3916774, 17.4175193], [78.3915695, 17.4174523], [78.3914368, 17.4176469]]]}, "properties": {"osm_id": 360453080, "building_type": "yes", "osm_height": null, "osm_levels": null, "name": null}}, {"type": "Feature", "geometry": {"type": "Polygon", "coordinates": [[[78.3931248, 17.4157344], [78.3932007, 17.4157146], [78.3931764, 17.4156298], [78.3931004, 17.4156497], [78.3931248, 17.4157344]]]}, "properties": {"osm_id": 360453081, "building_type": "yes", "osm_height": null, "osm_levels": null, "name": null}}, {"type": "Feature", "geometry": {"type": "Polygon", "coordinates": [[[78.3933996, 17.4156545], [78.3934746, 17.4156347], [78.3934514, 17.4155546], [78.3933764, 17.4155743], [78.3933996, 17.4156545]]]}, "properties": {"osm_id": 360453082, "building_type": "yes", "osm_height": null, "osm_levels": null, "name": null}}, {"type": "Feature", "geometry": {"type": "Polygon", "coordinates": [[[78.3929229, 17.4157454], [78.39303, 17.4156802], [78.392977, 17.4156009], [78.3928699, 17.4156661], [78.3929229, 17.4157454]]]}, "properties": {"osm_id": 360453087, "building_type": "yes", "osm_height": null, "osm_levels": null, "name": null}}, {"type": "Feature", "geometry": {"type": "Polygon", "coordinates": [[[78.3937688, 17.4157584], [78.3938076, 17.4158403], [78.3939151, 17.4157939], [78.3938762, 17.415712], [78.3937688, 17.4157584]]]}, "properties": {"osm_id": 360453100, "building_type": "yes", "osm_height": null, "osm_levels": null, "name": null}}, {"type": "Feature", "geometry": {"type": "Polygon", "coordinates": [[[78.3930172, 17.4158615], [78.3930808, 17.4159122], [78.3931106, 17.4158782], [78.3930846, 17.4158575], [78.3930932, 17.4158478], [78.3930781, 17.4158358], [78.3930906, 17.4158216], [78.393068, 17.4158036], [78.3930172, 17.4158615]]]}, "properties": {"osm_id": 360453106, "building_type": "yes", "osm_height": null, "osm_levels": null, "name": null}}, {"type": "Feature", "geometry": {"type": "Polygon", "coordinates": [[[78.3920382, 17.4173578], [78.3920887, 17.4173092], [78.3920646, 17.4172865], [78.3920822, 17.4172695], [78.3920379, 17.4172276], [78.3920161, 17.4172486], [78.3919989, 17.4172324], [78.3919526, 17.417277], [78.3920382, 17.4173578]]]}, "properties": {"osm_id": 360453107, "building_type": "yes", "osm_height": null, "osm_levels": null, "name": null}}, {"type": "Feature", "geometry": {"type": "Polygon", "coordinates": [[[78.3919746, 17.43654], [78.3920911, 17.4364656], [78.3920111, 17.4363517], [78.3918946, 17.4364261], [78.3919746, 17.43654]]]}, "properties": {"osm_id": 360462644, "building_type": "commercial", "osm_height": null, "osm_levels": null, "name": "Lush Cafe | By the Lake", "addr_street": "Doctors Colony Road", "addr_housenumber": "138", "amenity": "cafe"}}, {"type": "Feature", "geometry": {"type": "Polygon", "coordinates": [[[78.3939036, 17.4327133], [78.3944006, 17.4327311], [78.3944094, 17.4325081], [78.3939124, 17.4324904], [78.3939036, 17.4327133]]]}, "properties": {"osm_id": 362003814, "building_type": "yes", "osm_height": null, "osm_levels": null, "name": null}}, {"type": "Feature", "geometry": {"type": "Polygon", "coordinates": [[[78.3936427, 17.4331156], [78.3937483, 17.4331153], [78.393748, 17.4330009], [78.3936617, 17.4330011], [78.3936618, 17.4330191], [78.3936496, 17.4330192], [78.3936497, 17.433042], [78.3936425, 17.433042], [78.3936427, 17.4331156]]]}, "properties": {"osm_id": 362003815, "building_type": "yes", "osm_height": null, "osm_levels": null, "name": null}}, {"type": "Feature", "geometry": {"type": "Polygon", "coordinates": [[[78.3941234, 17.4308208], [78.3943695, 17.430824], [78.394371, 17.4307144], [78.3941249, 17.4307112], [78.3941234, 17.4308208]]]}, "properties": {"osm_id": 362004315, "building_type": "yes", "osm_height": null, "osm_levels": null, "name": null}}, {"type": "Feature", "geometry": {"type": "Polygon", "coordinates": [[[78.3934676, 17.4308933], [78.3936245, 17.4308933], [78.3936245, 17.4308035], [78.3934676, 17.4308035], [78.3934676, 17.4308933]]]}, "properties": {"osm_id": 362004316, "building_type": "yes", "osm_height": null, "osm_levels": null, "name": null}}, {"type": "Feature", "geometry": {"type": "Polygon", "coordinates": [[[78.393084, 17.4318987], [78.3932125, 17.4318965], [78.3932101, 17.4317735], [78.3930817, 17.4317757], [78.393084, 17.4318987]]]}, "properties": {"osm_id": 362004317, "building_type": "yes", "osm_height": null, "osm_levels": null, "name": null}}, {"type": "Feature", "geometry": {"type": "Polygon", "coordinates": [[[78.3936915, 17.4308553], [78.393862, 17.4308464], [78.3938564, 17.4307495], [78.3936859, 17.4307584], [78.3936915, 17.4308553]]]}, "properties": {"osm_id": 362004318, "building_type": "yes", "osm_height": null, "osm_levels": null, "name": null}}, {"type": "Feature", "geometry": {"type": "Polygon", "coordinates": [[[78.3750301, 17.4108727], [78.3750342, 17.4106048], [78.3754013, 17.4106099], [78.3753973, 17.4108778], [78.3750301, 17.4108727]]]}, "properties": {"osm_id": 374260353, "building_type": "apartments", "osm_height": null, "osm_levels": null, "name": "LH 3"}}, {"type": "Feature", "geometry": {"type": "Polygon", "coordinates": [[[78.3745751, 17.4104447], [78.3745798, 17.4101409], [78.3750113, 17.410147], [78.3750066, 17.4104507], [78.3745751, 17.4104447]]]}, "properties": {"osm_id": 374260354, "building_type": "apartments", "osm_height": null, "osm_levels": null, "name": "LH 2"}}, {"type": "Feature", "geometry": {"type": "Polygon", "coordinates": [[[78.3759492, 17.4109938], [78.3759562, 17.4106171], [78.3762134, 17.4106215], [78.3762064, 17.4109982], [78.3759492, 17.4109938]]]}, "properties": {"osm_id": 374260355, "building_type": "apartments", "osm_height": null, "osm_levels": null, "name": "LH 5"}}, {"type": "Feature", "geometry": {"type": "Polygon", "coordinates": [[[78.3755578, 17.4106468], [78.3755635, 17.4103376], [78.3757826, 17.4103413], [78.3757768, 17.4106505], [78.3755578, 17.4106468]]]}, "properties": {"osm_id": 374260356, "building_type": "apartments", "osm_height": null, "osm_levels": null, "name": "LH 4"}}, {"type": "Feature", "geometry": {"type": "Polygon", "coordinates": [[[78.3772069, 17.4106946], [78.3772129, 17.4103779], [78.3774395, 17.4103818], [78.3774336, 17.4106984], [78.3772069, 17.4106946]]]}, "properties": {"osm_id": 374260358, "building_type": "apartments", "osm_height": null, "osm_levels": null, "name": "LH 8"}}, {"type": "Feature", "geometry": {"type": "Polygon", "coordinates": [[[78.3768476, 17.410517], [78.3768533, 17.4102097], [78.3770833, 17.4102136], [78.3770775, 17.4105209], [78.3768476, 17.410517]]]}, "properties": {"osm_id": 374260360, "building_type": "apartments", "osm_height": null, "osm_levels": null, "name": "LH 7"}}, {"type": "Feature", "geometry": {"type": "Polygon", "coordinates": [[[78.376352, 17.4109346], [78.3767055, 17.4109406], [78.3767113, 17.4106349], [78.3763578, 17.4106288], [78.376352, 17.4109346]]]}, "properties": {"osm_id": 374260363, "building_type": "apartments", "osm_height": null, "osm_levels": null, "name": "LH 6"}}, {"type": "Feature", "geometry": {"type": "Polygon", "coordinates": [[[78.3717792, 17.4351731], [78.3717787, 17.4352437], [78.3717532, 17.4352435], [78.3717528, 17.4353076], [78.3716261, 17.4353069], [78.3716252, 17.4354573], [78.3715673, 17.435457], [78.3715666, 17.4355869], [78.3716319, 17.4355872], [78.3716319, 17.4355964], [78.3716506, 17.4355965], [78.3716507, 17.4355873], [78.3717282, 17.4355877], [78.371728, 17.4356119], [78.3717912, 17.4356123], [78.3717911, 17.4356255], [78.3718069, 17.4356256], [78.371807, 17.4356123], [78.3718665, 17.4356127], [78.3718673, 17.4354893], [78.3717522, 17.4354887], [78.3717523, 17.4354681], [78.3718333, 17.4354685], [78.3718337, 17.4353984], [78.3718506, 17.4353984], [78.3718508, 17.4353601], [78.3718371, 17.43536], [78.3718371, 17.4353446], [78.3719944, 17.4353454], [78.371994, 17.4354036], [78.3720072, 17.4354036], [78.3720068, 17.4354764], [78.3720782, 17.4354768], [78.3720781, 17.4354928], [78.3719666, 17.4354922], [78.3719658, 17.4356234], [78.3720216, 17.4356237], [78.3720215, 17.4356333], [78.3720426, 17.4356334], [78.3720427, 17.4356245], [78.3720973, 17.4356248], [78.3720976, 17.4355804], [78.3721228, 17.4355806], [78.3721226, 17.4356034], [78.3722365, 17.435604], [78.3722695, 17.4356042], [78.3722703, 17.435479], [78.3722162, 17.4354787], [78.3722171, 17.4353303], [78.3720796, 17.4353295], [78.3720806, 17.4351747], [78.3717792, 17.4351731]]]}, "properties": {"osm_id": 411653574, "building_type": "yes", "osm_height": null, "osm_levels": null, "name": null}}, {"type": "Feature", "geometry": {"type": "Polygon", "coordinates": [[[78.3675483, 17.433982], [78.3675594, 17.4339764], [78.3675666, 17.4339696], [78.3675714, 17.4339627], [78.3675743, 17.4339048], [78.367516, 17.4339027], [78.367517, 17.433877], [78.3674224, 17.4338736], [78.3674179, 17.4339444], [78.3674242, 17.433955], [78.3674371, 17.4339659], [78.3674452, 17.4339728], [78.3674524, 17.4339769], [78.3675483, 17.433982]]]}, "properties": {"osm_id": 411908305, "building_type": "yes", "osm_height": null, "osm_levels": null, "name": null}}, {"type": "Feature", "geometry": {"type": "Polygon", "coordinates": [[[78.3670101, 17.4305327], [78.3671204, 17.4306675], [78.3671942, 17.4306125], [78.3670839, 17.4304777], [78.3670101, 17.4305327]]]}, "properties": {"osm_id": 411908311, "building_type": "yes", "osm_height": null, "osm_levels": null, "name": null}}, {"type": "Feature", "geometry": {"type": "Polygon", "coordinates": [[[78.3674938, 17.4309254], [78.367602, 17.4308575], [78.3675701, 17.4308112], [78.3674619, 17.4308792], [78.3674938, 17.4309254]]]}, "properties": {"osm_id": 411908313, "building_type": "yes", "osm_height": null, "osm_levels": null, "name": null}}, {"type": "Feature", "geometry": {"type": "Polygon", "coordinates": [[[78.3693529, 17.432028], [78.3694685, 17.4321744], [78.3695244, 17.4321342], [78.3694088, 17.4319878], [78.3693529, 17.432028]]]}, "properties": {"osm_id": 411908314, "building_type": "yes", "osm_height": null, "osm_levels": null, "name": null}}, {"type": "Feature", "geometry": {"type": "Polygon", "coordinates": [[[78.3671878, 17.4307508], [78.3673208, 17.4306525], [78.3672546, 17.4305711], [78.3671217, 17.4306694], [78.3671878, 17.4307508]]]}, "properties": {"osm_id": 411908315, "building_type": "yes", "osm_height": null, "osm_levels": null, "name": null}}, {"type": "Feature", "geometry": {"type": "Polygon", "coordinates": [[[78.3678953, 17.4333912], [78.3680478, 17.4332785], [78.3680357, 17.4332636], [78.3681565, 17.4331744], [78.3679178, 17.4328802], [78.3676445, 17.433082], [78.3678953, 17.4333912]]]}, "properties": {"osm_id": 411908317, "building_type": "yes", "osm_height": null, "osm_levels": null, "name": null}}, {"type": "Feature", "geometry": {"type": "Polygon", "coordinates": [[[78.3678241, 17.4296554], [78.3678808, 17.4296055], [78.3676563, 17.4293738], [78.3675996, 17.4294238], [78.3678241, 17.4296554]]]}, "properties": {"osm_id": 411931084, "building_type": "yes", "osm_height": null, "osm_levels": null, "name": null}}, {"type": "Feature", "geometry": {"type": "Polygon", "coordinates": [[[78.3674806, 17.4293056], [78.3675401, 17.4292541], [78.3674458, 17.429155], [78.3673863, 17.4292066], [78.3674806, 17.4293056]]]}, "properties": {"osm_id": 411931090, "building_type": "yes", "osm_height": null, "osm_levels": null, "name": null}}, {"type": "Feature", "geometry": {"type": "Polygon", "coordinates": [[[78.3675874, 17.4294166], [78.3676498, 17.4293607], [78.3675549, 17.4292642], [78.3674925, 17.4293202], [78.3675874, 17.4294166]]]}, "properties": {"osm_id": 411931094, "building_type": "yes", "osm_height": null, "osm_levels": null, "name": null}}, {"type": "Feature", "geometry": {"type": "Polygon", "coordinates": [[[78.3672629, 17.4291723], [78.3673148, 17.4292238], [78.3674159, 17.429131], [78.3673639, 17.4290795], [78.3672629, 17.4291723]]]}, "properties": {"osm_id": 411931096, "building_type": "yes", "osm_height": null, "osm_levels": null, "name": null}}, {"type": "Feature", "geometry": {"type": "Polygon", "coordinates": [[[78.3674559, 17.4311363], [78.367539, 17.4310864], [78.3674574, 17.4309629], [78.3673744, 17.4310128], [78.3674559, 17.4311363]]]}, "properties": {"osm_id": 411931099, "building_type": "yes", "osm_height": null, "osm_levels": null, "name": null}}, {"type": "Feature", "geometry": {"type": "Polygon", "coordinates": [[[78.3673288, 17.4198429], [78.3673939, 17.4198436], [78.3673945, 17.4197912], [78.3673294, 17.4197906], [78.3673288, 17.4198429]]]}, "properties": {"osm_id": 411933039, "building_type": "yes", "osm_height": null, "osm_levels": null, "name": null}}, {"type": "Feature", "geometry": {"type": "Polygon", "coordinates": [[[78.3673356, 17.4197828], [78.3673831, 17.4197828], [78.3673831, 17.4197459], [78.3673356, 17.4197459], [78.3673356, 17.4197828]]]}, "properties": {"osm_id": 411933040, "building_type": "yes", "osm_height": null, "osm_levels": null, "name": null}}, {"type": "Feature", "geometry": {"type": "Polygon", "coordinates": [[[78.3674509, 17.4194734], [78.3674937, 17.4194722], [78.3674924, 17.4194294], [78.3674496, 17.4194307], [78.3674509, 17.4194734]]]}, "properties": {"osm_id": 411933041, "building_type": "yes", "osm_height": null, "osm_levels": null, "name": null}}, {"type": "Feature", "geometry": {"type": "Polygon", "coordinates": [[[78.3681218, 17.419383], [78.3682173, 17.4193771], [78.3682119, 17.4192981], [78.3681164, 17.419304], [78.3681218, 17.419383]]]}, "properties": {"osm_id": 411933042, "building_type": "yes", "osm_height": null, "osm_levels": null, "name": null}}, {"type": "Feature", "geometry": {"type": "Polygon", "coordinates": [[[78.3672902, 17.4195329], [78.3673365, 17.4195327], [78.3673363, 17.4194935], [78.3672899, 17.4194937], [78.3672902, 17.4195329]]]}, "properties": {"osm_id": 411933043, "building_type": "yes", "osm_height": null, "osm_levels": null, "name": null}}, {"type": "Feature", "geometry": {"type": "Polygon", "coordinates": [[[78.3685186, 17.4193456], [78.3686186, 17.4193394], [78.3686067, 17.4191663], [78.3685067, 17.4191725], [78.3685186, 17.4193456]]]}, "properties": {"osm_id": 411933044, "building_type": "yes", "osm_height": null, "osm_levels": null, "name": null}}, {"type": "Feature", "geometry": {"type": "Polygon", "coordinates": [[[78.3672827, 17.4195899], [78.3673264, 17.4195896], [78.3673261, 17.4195472], [78.3672824, 17.4195474], [78.3672827, 17.4195899]]]}, "properties": {"osm_id": 411933045, "building_type": "yes", "osm_height": null, "osm_levels": null, "name": null}}, {"type": "Feature", "geometry": {"type": "Polygon", "coordinates": [[[78.3681099, 17.4191107], [78.3682147, 17.4191042], [78.3682027, 17.4189273], [78.3680979, 17.4189338], [78.3681099, 17.4191107]]]}, "properties": {"osm_id": 411933046, "building_type": "yes", "osm_height": null, "osm_levels": null, "name": null}}, {"type": "Feature", "geometry": {"type": "Polygon", "coordinates": [[[78.3674604, 17.4198086], [78.3674984, 17.4198071], [78.3674957, 17.419745], [78.3674577, 17.4197465], [78.3674604, 17.4198086]]]}, "properties": {"osm_id": 411933047, "building_type": "yes", "osm_height": null, "osm_levels": null, "name": null}}, {"type": "Feature", "geometry": {"type": "Polygon", "coordinates": [[[78.3674441, 17.4196443], [78.3674749, 17.419643], [78.3674728, 17.419599], [78.3674421, 17.4196002], [78.3674441, 17.4196443]]]}, "properties": {"osm_id": 411933048, "building_type": "yes", "osm_height": null, "osm_levels": null, "name": null}}, {"type": "Feature", "geometry": {"type": "Polygon", "coordinates": [[[78.3680146, 17.4192199], [78.368108, 17.4192136], [78.3681012, 17.4191226], [78.3680079, 17.419129], [78.3680146, 17.4192199]]]}, "properties": {"osm_id": 411933049, "building_type": "yes", "osm_height": null, "osm_levels": null, "name": null}}, {"type": "Feature", "geometry": {"type": "Polygon", "coordinates": [[[78.3681178, 17.4192793], [78.3682228, 17.4192728], [78.3682174, 17.4191932], [78.3681124, 17.4191997], [78.3681178, 17.4192793]]]}, "properties": {"osm_id": 411933050, "building_type": "yes", "osm_height": null, "osm_levels": null, "name": null}}, {"type": "Feature", "geometry": {"type": "Polygon", "coordinates": [[[78.3672725, 17.419698], [78.3673203, 17.4196977], [78.36732, 17.4196514], [78.3672722, 17.4196517], [78.3672725, 17.419698]]]}, "properties": {"osm_id": 411933051, "building_type": "yes", "osm_height": null, "osm_levels": null, "name": null}}, {"type": "Feature", "geometry": {"type": "Polygon", "coordinates": [[[78.3676313, 17.4197161], [78.3676344, 17.4197506], [78.3676995, 17.4197455], [78.3676965, 17.4197109], [78.3676313, 17.4197161]]]}, "properties": {"osm_id": 411933052, "building_type": "yes", "osm_height": null, "osm_levels": null, "name": null}}, {"type": "Feature", "geometry": {"type": "Polygon", "coordinates": [[[78.3675289, 17.4198332], [78.3675669, 17.4198341], [78.3675683, 17.4197778], [78.3675303, 17.4197769], [78.3675289, 17.4198332]]]}, "properties": {"osm_id": 411933053, "building_type": "yes", "osm_height": null, "osm_levels": null, "name": null}}, {"type": "Feature", "geometry": {"type": "Polygon", "coordinates": [[[78.3676592, 17.4197654], [78.3676588, 17.419802], [78.3677019, 17.4198025], [78.3677023, 17.4197659], [78.3676592, 17.4197654]]]}, "properties": {"osm_id": 411933054, "building_type": "yes", "osm_height": null, "osm_levels": null, "name": null}}, {"type": "Feature", "geometry": {"type": "Polygon", "coordinates": [[[78.3679761, 17.4188297], [78.3679829, 17.4189214], [78.3681859, 17.4189076], [78.3681791, 17.4188159], [78.3679761, 17.4188297]]]}, "properties": {"osm_id": 411933055, "building_type": "yes", "osm_height": null, "osm_levels": null, "name": null}}, {"type": "Feature", "geometry": {"type": "Polygon", "coordinates": [[[78.3676293, 17.4197012], [78.3676692, 17.4196939], [78.3676577, 17.4196363], [78.3676178, 17.4196436], [78.3676293, 17.4197012]]]}, "properties": {"osm_id": 411933056, "building_type": "yes", "osm_height": null, "osm_levels": null, "name": null}}, {"type": "Feature", "geometry": {"type": "Polygon", "coordinates": [[[78.3674116, 17.4198533], [78.3674468, 17.4198533], [78.3674468, 17.419795], [78.3674116, 17.419795], [78.3674116, 17.4198533]]]}, "properties": {"osm_id": 411933057, "building_type": "yes", "osm_height": null, "osm_levels": null, "name": null}}, {"type": "Feature", "geometry": {"type": "Polygon", "coordinates": [[[78.3674784, 17.4194812], [78.3674775, 17.4195168], [78.3675226, 17.4195177], [78.3675235, 17.4194821], [78.3674784, 17.4194812]]]}, "properties": {"osm_id": 411933058, "building_type": "yes", "osm_height": null, "osm_levels": null, "name": null}}, {"type": "Feature", "geometry": {"type": "Polygon", "coordinates": [[[78.3679998, 17.4190774], [78.3680802, 17.4190719], [78.3680709, 17.4189468], [78.3679905, 17.4189523], [78.3679998, 17.4190774]]]}, "properties": {"osm_id": 411933059, "building_type": "yes", "osm_height": null, "osm_levels": null, "name": null}}, {"type": "Feature", "geometry": {"type": "Polygon", "coordinates": [[[78.368503, 17.419157], [78.3686059, 17.4191505], [78.3685948, 17.4189894], [78.3684919, 17.4189959], [78.368503, 17.419157]]]}, "properties": {"osm_id": 411933060, "building_type": "yes", "osm_height": null, "osm_levels": null, "name": null}}, {"type": "Feature", "geometry": {"type": "Polygon", "coordinates": [[[78.3681326, 17.4194774], [78.3682227, 17.4194718], [78.3682168, 17.4193855], [78.3681267, 17.4193911], [78.3681326, 17.4194774]]]}, "properties": {"osm_id": 411933061, "building_type": "yes", "osm_height": null, "osm_levels": null, "name": null}}, {"type": "Feature", "geometry": {"type": "Polygon", "coordinates": [[[78.3675486, 17.4196857], [78.3675824, 17.4196855], [78.3675818, 17.4195996], [78.367548, 17.4195998], [78.3675486, 17.4196857]]]}, "properties": {"osm_id": 411933062, "building_type": "yes", "osm_height": null, "osm_levels": null, "name": null}}, {"type": "Feature", "geometry": {"type": "Polygon", "coordinates": [[[78.3686715, 17.4329134], [78.3686002, 17.4329747], [78.3686911, 17.4330708], [78.3687623, 17.4330095], [78.3686715, 17.4329134]]]}, "properties": {"osm_id": 412933532, "building_type": "yes", "osm_height": null, "osm_levels": null, "name": null}}, {"type": "Feature", "geometry": {"type": "Polygon", "coordinates": [[[78.3684878, 17.4341584], [78.3685729, 17.4342629], [78.3686412, 17.4342124], [78.368556, 17.4341078], [78.3684878, 17.4341584]]]}, "properties": {"osm_id": 412933533, "building_type": "yes", "osm_height": null, "osm_levels": null, "name": null}}, {"type": "Feature", "geometry": {"type": "Polygon", "coordinates": [[[78.3685591, 17.4341059], [78.3686442, 17.4342104], [78.3687099, 17.4341616], [78.3686248, 17.4340572], [78.3685591, 17.4341059]]]}, "properties": {"osm_id": 412933534, "building_type": "yes", "osm_height": null, "osm_levels": null, "name": null}}, {"type": "Feature", "geometry": {"type": "Polygon", "coordinates": [[[78.3699706, 17.4374073], [78.3699923, 17.4374439], [78.3699723, 17.4374547], [78.3700037, 17.437508], [78.3700194, 17.4374996], [78.3700512, 17.4375536], [78.3700417, 17.4375587], [78.3700881, 17.4376375], [78.3701124, 17.4376245], [78.3701377, 17.4376675], [78.3701168, 17.4376786], [78.3701443, 17.4377253], [78.3701601, 17.4377169], [78.3701742, 17.4377408], [78.3703346, 17.4376549], [78.3702539, 17.4375179], [78.3702765, 17.4375058], [78.3702512, 17.4374629], [78.3702977, 17.437438], [78.3702935, 17.4374308], [78.3703665, 17.4373917], [78.3704699, 17.437567], [78.3706174, 17.4374879], [78.3705561, 17.4373838], [78.3705727, 17.4373749], [78.3705351, 17.4373112], [78.3705203, 17.4373191], [78.370505, 17.4372932], [78.3705162, 17.4372872], [78.370439, 17.4371561], [78.3699706, 17.4374073]]]}, "properties": {"osm_id": 412946228, "building_type": "yes", "osm_height": null, "osm_levels": null, "name": null}}, {"type": "Feature", "geometry": {"type": "Polygon", "coordinates": [[[78.3797782, 17.4217271], [78.3798625, 17.4218264], [78.3799083, 17.421791], [78.379824, 17.4216917], [78.3797782, 17.4217271]]]}, "properties": {"osm_id": 413243687, "building_type": "yes", "osm_height": null, "osm_levels": null, "name": null}}, {"type": "Feature", "geometry": {"type": "Polygon", "coordinates": [[[78.3790951, 17.4215481], [78.3791301, 17.4215218], [78.379082, 17.4214636], [78.379047, 17.42149], [78.3790951, 17.4215481]]]}, "properties": {"osm_id": 413243688, "building_type": "yes", "osm_height": null, "osm_levels": null, "name": null}}, {"type": "Feature", "geometry": {"type": "Polygon", "coordinates": [[[78.3781733, 17.4218777], [78.3782395, 17.4218257], [78.3782149, 17.4217971], [78.3781486, 17.4218491], [78.3781733, 17.4218777]]]}, "properties": {"osm_id": 413243690, "building_type": "yes", "osm_height": null, "osm_levels": null, "name": null}}, {"type": "Feature", "geometry": {"type": "Polygon", "coordinates": [[[78.3786708, 17.4222604], [78.3787448, 17.4222021], [78.378701, 17.4221517], [78.3786271, 17.42221], [78.3786708, 17.4222604]]]}, "properties": {"osm_id": 413243691, "building_type": "yes", "osm_height": null, "osm_levels": null, "name": null}}, {"type": "Feature", "geometry": {"type": "Polygon", "coordinates": [[[78.3792627, 17.4215391], [78.3793158, 17.4214992], [78.3792652, 17.421438], [78.3792121, 17.421478], [78.3792627, 17.4215391]]]}, "properties": {"osm_id": 413243692, "building_type": "yes", "osm_height": null, "osm_levels": null, "name": null}}, {"type": "Feature", "geometry": {"type": "Polygon", "coordinates": [[[78.3782894, 17.422], [78.3783513, 17.4219463], [78.3783006, 17.4218931], [78.3782386, 17.4219468], [78.3782894, 17.422]]]}, "properties": {"osm_id": 413243694, "building_type": "yes", "osm_height": null, "osm_levels": null, "name": null}}, {"type": "Feature", "geometry": {"type": "Polygon", "coordinates": [[[78.378917, 17.4223058], [78.3789382, 17.4223307], [78.3789979, 17.4222843], [78.3789767, 17.4222594], [78.378917, 17.4223058]]]}, "properties": {"osm_id": 413243695, "building_type": "yes", "osm_height": null, "osm_levels": null, "name": null}}, {"type": "Feature", "geometry": {"type": "Polygon", "coordinates": [[[78.3791568, 17.4215059], [78.3792037, 17.4214705], [78.3791467, 17.4214016], [78.3790998, 17.4214369], [78.3791568, 17.4215059]]]}, "properties": {"osm_id": 413243696, "building_type": "yes", "osm_height": null, "osm_levels": null, "name": null}}, {"type": "Feature", "geometry": {"type": "Polygon", "coordinates": [[[78.3788788, 17.4221198], [78.3789449, 17.4220706], [78.3789004, 17.4220163], [78.3788344, 17.4220654], [78.3788788, 17.4221198]]]}, "properties": {"osm_id": 413243697, "building_type": "yes", "osm_height": null, "osm_levels": null, "name": null}}, {"type": "Feature", "geometry": {"type": "Polygon", "coordinates": [[[78.3780765, 17.421743], [78.378149, 17.4216861], [78.3780969, 17.4216256], [78.3780244, 17.4216826], [78.3780765, 17.421743]]]}, "properties": {"osm_id": 413243699, "building_type": "yes", "osm_height": null, "osm_levels": null, "name": null}}, {"type": "Feature", "geometry": {"type": "Polygon", "coordinates": [[[78.3784469, 17.4217496], [78.3784785, 17.4217849], [78.3785133, 17.4217567], [78.3784818, 17.4217213], [78.3784469, 17.4217496]]]}, "properties": {"osm_id": 413243700, "building_type": "yes", "osm_height": null, "osm_levels": null, "name": null}}, {"type": "Feature", "geometry": {"type": "Polygon", "coordinates": [[[78.3784994, 17.4217017], [78.3785384, 17.4217434], [78.3785936, 17.4216963], [78.3785546, 17.4216547], [78.3784994, 17.4217017]]]}, "properties": {"osm_id": 413243701, "building_type": "yes", "osm_height": null, "osm_levels": null, "name": null}}, {"type": "Feature", "geometry": {"type": "Polygon", "coordinates": [[[78.3785523, 17.421595], [78.3786419, 17.4216992], [78.3787829, 17.4215889], [78.3786932, 17.4214847], [78.3785523, 17.421595]]]}, "properties": {"osm_id": 413243703, "building_type": "yes", "osm_height": null, "osm_levels": null, "name": null}}, {"type": "Feature", "geometry": {"type": "Polygon", "coordinates": [[[78.3785053, 17.421861], [78.3785467, 17.4219079], [78.3786128, 17.4218546], [78.3785714, 17.4218077], [78.3785053, 17.421861]]]}, "properties": {"osm_id": 413243704, "building_type": "yes", "osm_height": null, "osm_levels": null, "name": null}}, {"type": "Feature", "geometry": {"type": "Polygon", "coordinates": [[[78.3790368, 17.4217093], [78.379087, 17.4216715], [78.3790371, 17.4216111], [78.3789868, 17.421649], [78.3790368, 17.4217093]]]}, "properties": {"osm_id": 413243705, "building_type": "yes", "osm_height": null, "osm_levels": null, "name": null}}, {"type": "Feature", "geometry": {"type": "Polygon", "coordinates": [[[78.3791417, 17.4216121], [78.3791876, 17.4215775], [78.3791427, 17.4215231], [78.3790968, 17.4215577], [78.3791417, 17.4216121]]]}, "properties": {"osm_id": 413243707, "building_type": "yes", "osm_height": null, "osm_levels": null, "name": null}}, {"type": "Feature", "geometry": {"type": "Polygon", "coordinates": [[[78.3786263, 17.4222035], [78.3786956, 17.4221488], [78.3786558, 17.4221027], [78.3785864, 17.4221575], [78.3786263, 17.4222035]]]}, "properties": {"osm_id": 413243708, "building_type": "yes", "osm_height": null, "osm_levels": null, "name": null}}, {"type": "Feature", "geometry": {"type": "Polygon", "coordinates": [[[78.379426, 17.4214013], [78.3794745, 17.4213628], [78.3794263, 17.4213074], [78.3793777, 17.4213459], [78.379426, 17.4214013]]]}, "properties": {"osm_id": 413243709, "building_type": "yes", "osm_height": null, "osm_levels": null, "name": null}}, {"type": "Feature", "geometry": {"type": "Polygon", "coordinates": [[[78.3790069, 17.4214438], [78.3791129, 17.4213632], [78.3790548, 17.4212937], [78.3789488, 17.4213743], [78.3790069, 17.4214438]]]}, "properties": {"osm_id": 413243710, "building_type": "yes", "osm_height": null, "osm_levels": null, "name": null}}, {"type": "Feature", "geometry": {"type": "Polygon", "coordinates": [[[78.3789851, 17.422241], [78.3790506, 17.4221922], [78.3790066, 17.4221383], [78.378941, 17.4221871], [78.3789851, 17.422241]]]}, "properties": {"osm_id": 413243712, "building_type": "yes", "osm_height": null, "osm_levels": null, "name": null}}, {"type": "Feature", "geometry": {"type": "Polygon", "coordinates": [[[78.37925, 17.4212443], [78.3793502, 17.42117], [78.3792405, 17.4210353], [78.3791403, 17.4211096], [78.37925, 17.4212443]]]}, "properties": {"osm_id": 413243713, "building_type": "yes", "osm_height": null, "osm_levels": null, "name": null}}, {"type": "Feature", "geometry": {"type": "Polygon", "coordinates": [[[78.3788024, 17.4218782], [78.3789278, 17.4217778], [78.3788627, 17.4217038], [78.3787373, 17.4218043], [78.3788024, 17.4218782]]]}, "properties": {"osm_id": 413243714, "building_type": "yes", "osm_height": null, "osm_levels": null, "name": null}}, {"type": "Feature", "geometry": {"type": "Polygon", "coordinates": [[[78.3790109, 17.4212269], [78.379122, 17.421356], [78.3792274, 17.4212734], [78.3791163, 17.4211443], [78.3790109, 17.4212269]]]}, "properties": {"osm_id": 413243716, "building_type": "yes", "osm_height": null, "osm_levels": null, "name": null}}, {"type": "Feature", "geometry": {"type": "Polygon", "coordinates": [[[78.3792111, 17.4214668], [78.3792548, 17.421434], [78.379197, 17.4213642], [78.3791534, 17.421397], [78.3792111, 17.4214668]]]}, "properties": {"osm_id": 413243717, "building_type": "yes", "osm_height": null, "osm_levels": null, "name": null}}, {"type": "Feature", "geometry": {"type": "Polygon", "coordinates": [[[78.3781043, 17.421775], [78.3781708, 17.4217228], [78.3781469, 17.421695], [78.3780804, 17.4217472], [78.3781043, 17.421775]]]}, "properties": {"osm_id": 413243718, "building_type": "yes", "osm_height": null, "osm_levels": null, "name": null}}, {"type": "Feature", "geometry": {"type": "Polygon", "coordinates": [[[78.3792104, 17.4215836], [78.3792524, 17.421552], [78.3792, 17.4214886], [78.379158, 17.4215202], [78.3792104, 17.4215836]]]}, "properties": {"osm_id": 413243720, "building_type": "yes", "osm_height": null, "osm_levels": null, "name": null}}, {"type": "Feature", "geometry": {"type": "Polygon", "coordinates": [[[78.3784315, 17.4219869], [78.3784992, 17.4219335], [78.3784607, 17.4218891], [78.3783929, 17.4219425], [78.3784315, 17.4219869]]]}, "properties": {"osm_id": 413243721, "building_type": "yes", "osm_height": null, "osm_levels": null, "name": null}}, {"type": "Feature", "geometry": {"type": "Polygon", "coordinates": [[[78.3780942, 17.421794], [78.3781419, 17.4218493], [78.3782157, 17.4217914], [78.378168, 17.4217361], [78.3780942, 17.421794]]]}, "properties": {"osm_id": 413243722, "building_type": "yes", "osm_height": null, "osm_levels": null, "name": null}}, {"type": "Feature", "geometry": {"type": "Polygon", "coordinates": [[[78.3786664, 17.4217614], [78.3786235, 17.4217977], [78.3786915, 17.4218708], [78.3787344, 17.4218343], [78.3786664, 17.4217614]]]}, "properties": {"osm_id": 413243723, "building_type": "yes", "osm_height": null, "osm_levels": null, "name": null}}, {"type": "Feature", "geometry": {"type": "Polygon", "coordinates": [[[78.3788068, 17.4221959], [78.3788301, 17.4222228], [78.3788925, 17.4221737], [78.3788692, 17.4221469], [78.3788068, 17.4221959]]]}, "properties": {"osm_id": 413243724, "building_type": "yes", "osm_height": null, "osm_levels": null, "name": null}}, {"type": "Feature", "geometry": {"type": "Polygon", "coordinates": [[[78.3787318, 17.4217973], [78.3788671, 17.4216873], [78.3787891, 17.4216], [78.3786538, 17.42171], [78.3787318, 17.4217973]]]}, "properties": {"osm_id": 413243725, "building_type": "yes", "osm_height": null, "osm_levels": null, "name": null}}, {"type": "Feature", "geometry": {"type": "Polygon", "coordinates": [[[78.3790428, 17.4223051], [78.3791078, 17.4222555], [78.3790548, 17.4221923], [78.3789898, 17.4222419], [78.3790428, 17.4223051]]]}, "properties": {"osm_id": 413243726, "building_type": "yes", "osm_height": null, "osm_levels": null, "name": null}}, {"type": "Feature", "geometry": {"type": "Polygon", "coordinates": [[[78.3789858, 17.4216409], [78.3790298, 17.4216077], [78.3789697, 17.421535], [78.3789256, 17.4215682], [78.3789858, 17.4216409]]]}, "properties": {"osm_id": 413243727, "building_type": "yes", "osm_height": null, "osm_levels": null, "name": null}}, {"type": "Feature", "geometry": {"type": "Polygon", "coordinates": [[[78.3788322, 17.4220606], [78.378892, 17.4220162], [78.3788466, 17.4219607], [78.3787868, 17.4220051], [78.3788322, 17.4220606]]]}, "properties": {"osm_id": 413243728, "building_type": "yes", "osm_height": null, "osm_levels": null, "name": null}}, {"type": "Feature", "geometry": {"type": "Polygon", "coordinates": [[[78.3789375, 17.4221838], [78.3790023, 17.4221355], [78.3789512, 17.4220731], [78.3788864, 17.4221213], [78.3789375, 17.4221838]]]}, "properties": {"osm_id": 413243730, "building_type": "yes", "osm_height": null, "osm_levels": null, "name": null}}, {"type": "Feature", "geometry": {"type": "Polygon", "coordinates": [[[78.3786919, 17.4218805], [78.378788, 17.4219944], [78.3788402, 17.4219544], [78.3787439, 17.4218405], [78.3786919, 17.4218805]]]}, "properties": {"osm_id": 413243731, "building_type": "yes", "osm_height": null, "osm_levels": null, "name": null}}, {"type": "Feature", "geometry": {"type": "Polygon", "coordinates": [[[78.3794861, 17.4215789], [78.379548, 17.4215283], [78.3794707, 17.4214422], [78.3794088, 17.4214928], [78.3794861, 17.4215789]]]}, "properties": {"osm_id": 413243732, "building_type": "yes", "osm_height": null, "osm_levels": null, "name": null}}, {"type": "Feature", "geometry": {"type": "Polygon", "coordinates": [[[78.3784831, 17.4220461], [78.3785557, 17.4219889], [78.3785082, 17.4219341], [78.3784357, 17.4219914], [78.3784831, 17.4220461]]]}, "properties": {"osm_id": 413243734, "building_type": "yes", "osm_height": null, "osm_levels": null, "name": null}}, {"type": "Feature", "geometry": {"type": "Polygon", "coordinates": [[[78.3788456, 17.421581], [78.3789015, 17.4215382], [78.3788379, 17.4214625], [78.3789398, 17.4213845], [78.3788941, 17.4213301], [78.3787362, 17.4214511], [78.3788456, 17.421581]]]}, "properties": {"osm_id": 413243736, "building_type": "yes", "osm_height": null, "osm_levels": null, "name": null}}, {"type": "Feature", "geometry": {"type": "Polygon", "coordinates": [[[78.3786991, 17.4220792], [78.3787325, 17.4221181], [78.3787965, 17.4220676], [78.3787633, 17.4220291], [78.3786991, 17.4220792]]]}, "properties": {"osm_id": 413243737, "building_type": "yes", "osm_height": null, "osm_levels": null, "name": null}}, {"type": "Feature", "geometry": {"type": "Polygon", "coordinates": [[[78.3783908, 17.4214154], [78.3784547, 17.4214877], [78.3785185, 17.4214364], [78.3785403, 17.421461], [78.3785021, 17.4214918], [78.3785245, 17.4215172], [78.3786047, 17.4214527], [78.3784966, 17.4213303], [78.3783908, 17.4214154]]]}, "properties": {"osm_id": 413243738, "building_type": "yes", "osm_height": null, "osm_levels": null, "name": null}}, {"type": "Feature", "geometry": {"type": "Polygon", "coordinates": [[[78.3794837, 17.4222016], [78.3795678, 17.422134], [78.3794927, 17.4220489], [78.3794086, 17.4221165], [78.3794837, 17.4222016]]]}, "properties": {"osm_id": 413251987, "building_type": "yes", "osm_height": null, "osm_levels": null, "name": null}}, {"type": "Feature", "geometry": {"type": "Polygon", "coordinates": [[[78.3792014, 17.4224601], [78.3792845, 17.4224019], [78.3791882, 17.4222767], [78.3791051, 17.422335], [78.3792014, 17.4224601]]]}, "properties": {"osm_id": 413251988, "building_type": "yes", "osm_height": null, "osm_levels": null, "name": null}}, {"type": "Feature", "geometry": {"type": "Polygon", "coordinates": [[[78.3794186, 17.4229099], [78.3794594, 17.4229602], [78.3795513, 17.4228924], [78.3795105, 17.4228421], [78.3794186, 17.4229099]]]}, "properties": {"osm_id": 413251989, "building_type": "yes", "osm_height": null, "osm_levels": null, "name": null}}, {"type": "Feature", "geometry": {"type": "Polygon", "coordinates": [[[78.3795904, 17.422144], [78.3796317, 17.4221111], [78.3795451, 17.422012], [78.3795038, 17.4220449], [78.3795904, 17.422144]]]}, "properties": {"osm_id": 413251990, "building_type": "yes", "osm_height": null, "osm_levels": null, "name": null}}, {"type": "Feature", "geometry": {"type": "Polygon", "coordinates": [[[78.3795921, 17.4223056], [78.3797157, 17.4222126], [78.3796404, 17.4221215], [78.3795169, 17.4222145], [78.3795921, 17.4223056]]]}, "properties": {"osm_id": 413251991, "building_type": "yes", "osm_height": null, "osm_levels": null, "name": null}}, {"type": "Feature", "geometry": {"type": "Polygon", "coordinates": [[[78.3793402, 17.4230225], [78.3794147, 17.4229658], [78.3793463, 17.4228839], [78.3792718, 17.4229406], [78.3793402, 17.4230225]]]}, "properties": {"osm_id": 413251992, "building_type": "yes", "osm_height": null, "osm_levels": null, "name": null}}, {"type": "Feature", "geometry": {"type": "Polygon", "coordinates": [[[78.3704668, 17.4307778], [78.3705613, 17.4307094], [78.3702906, 17.4303691], [78.3701961, 17.4304375], [78.3704668, 17.4307778]]]}, "properties": {"osm_id": 413251993, "building_type": "yes", "osm_height": null, "osm_levels": null, "name": null}}, {"type": "Feature", "geometry": {"type": "Polygon", "coordinates": [[[78.3795947, 17.422716], [78.3797355, 17.4226092], [78.379679, 17.4225415], [78.3795382, 17.4226483], [78.3795947, 17.422716]]]}, "properties": {"osm_id": 413251994, "building_type": "yes", "osm_height": null, "osm_levels": null, "name": null}}, {"type": "Feature", "geometry": {"type": "Polygon", "coordinates": [[[78.3801381, 17.4221559], [78.3802655, 17.4220625], [78.3801635, 17.4219358], [78.3800361, 17.4220292], [78.3801381, 17.4221559]]]}, "properties": {"osm_id": 413251996, "building_type": "yes", "osm_height": null, "osm_levels": null, "name": null}}, {"type": "Feature", "geometry": {"type": "Polygon", "coordinates": [[[78.38002, 17.4223922], [78.3800967, 17.4223403], [78.3800691, 17.4223032], [78.3799924, 17.4223551], [78.38002, 17.4223922]]]}, "properties": {"osm_id": 413251997, "building_type": "yes", "osm_height": null, "osm_levels": null, "name": null}}, {"type": "Feature", "geometry": {"type": "Polygon", "coordinates": [[[78.3796676, 17.4219647], [78.3797659, 17.4218891], [78.3796394, 17.4217392], [78.3795411, 17.4218147], [78.3796676, 17.4219647]]]}, "properties": {"osm_id": 413251998, "building_type": "yes", "osm_height": null, "osm_levels": null, "name": null}}, {"type": "Feature", "geometry": {"type": "Polygon", "coordinates": [[[78.3792273, 17.4229521], [78.3793079, 17.4228947], [78.3792371, 17.4228041], [78.3791564, 17.4228614], [78.3792273, 17.4229521]]]}, "properties": {"osm_id": 413251999, "building_type": "yes", "osm_height": null, "osm_levels": null, "name": null}}, {"type": "Feature", "geometry": {"type": "Polygon", "coordinates": [[[78.3788345, 17.4224518], [78.3789085, 17.422392], [78.3788798, 17.4223596], [78.3788058, 17.4224193], [78.3788345, 17.4224518]]]}, "properties": {"osm_id": 413252000, "building_type": "yes", "osm_height": null, "osm_levels": null, "name": null}}, {"type": "Feature", "geometry": {"type": "Polygon", "coordinates": [[[78.3791938, 17.4226043], [78.3792665, 17.422556], [78.3792238, 17.4224974], [78.3791511, 17.4225457], [78.3791938, 17.4226043]]]}, "properties": {"osm_id": 413252001, "building_type": "yes", "osm_height": null, "osm_levels": null, "name": null}}, {"type": "Feature", "geometry": {"type": "Polygon", "coordinates": [[[78.3796611, 17.4224109], [78.3797279, 17.4223625], [78.3796664, 17.4222852], [78.3795996, 17.4223336], [78.3796611, 17.4224109]]]}, "properties": {"osm_id": 413252002, "building_type": "yes", "osm_height": null, "osm_levels": null, "name": null}}, {"type": "Feature", "geometry": {"type": "Polygon", "coordinates": [[[78.3796478, 17.4220913], [78.3797452, 17.4222045], [78.3798463, 17.4221254], [78.3797489, 17.4220121], [78.3796478, 17.4220913]]]}, "properties": {"osm_id": 413252003, "building_type": "yes", "osm_height": null, "osm_levels": null, "name": null}}, {"type": "Feature", "geometry": {"type": "Polygon", "coordinates": [[[78.3798267, 17.4222807], [78.3798889, 17.4222356], [78.3798334, 17.4221658], [78.3797711, 17.4222109], [78.3798267, 17.4222807]]]}, "properties": {"osm_id": 413252004, "building_type": "yes", "osm_height": null, "osm_levels": null, "name": null}}, {"type": "Feature", "geometry": {"type": "Polygon", "coordinates": [[[78.3683121, 17.4311932], [78.3684146, 17.4313372], [78.3685232, 17.4312668], [78.3684207, 17.4311228], [78.3683121, 17.4311932]]]}, "properties": {"osm_id": 413252005, "building_type": "yes", "osm_height": null, "osm_levels": null, "name": null}}, {"type": "Feature", "geometry": {"type": "Polygon", "coordinates": [[[78.3793399, 17.422615], [78.379425, 17.4225516], [78.3793732, 17.4224881], [78.379288, 17.4225515], [78.3793399, 17.422615]]]}, "properties": {"osm_id": 413252006, "building_type": "yes", "osm_height": null, "osm_levels": null, "name": null}}, {"type": "Feature", "geometry": {"type": "Polygon", "coordinates": [[[78.3793084, 17.4227565], [78.379394, 17.4227004], [78.3793445, 17.4226317], [78.3792589, 17.4226878], [78.3793084, 17.4227565]]]}, "properties": {"osm_id": 413252007, "building_type": "yes", "osm_height": null, "osm_levels": null, "name": null}}, {"type": "Feature", "geometry": {"type": "Polygon", "coordinates": [[[78.3791678, 17.4228369], [78.3792489, 17.422778], [78.379187, 17.4227003], [78.3791059, 17.4227592], [78.3791678, 17.4228369]]]}, "properties": {"osm_id": 413252008, "building_type": "yes", "osm_height": null, "osm_levels": null, "name": null}}, {"type": "Feature", "geometry": {"type": "Polygon", "coordinates": [[[78.3804831, 17.4225884], [78.3805368, 17.4226415], [78.3806239, 17.4225615], [78.3805703, 17.4225083], [78.3804831, 17.4225884]]]}, "properties": {"osm_id": 413252009, "building_type": "yes", "osm_height": null, "osm_levels": null, "name": null}}, {"type": "Feature", "geometry": {"type": "Polygon", "coordinates": [[[78.3800248, 17.4222541], [78.3801128, 17.4221904], [78.3800878, 17.4221591], [78.3799999, 17.4222228], [78.3800248, 17.4222541]]]}, "properties": {"osm_id": 413252010, "building_type": "yes", "osm_height": null, "osm_levels": null, "name": null}}, {"type": "Feature", "geometry": {"type": "Polygon", "coordinates": [[[78.3789858, 17.4226402], [78.3790737, 17.4225692], [78.3790153, 17.4225033], [78.3789273, 17.4225742], [78.3789858, 17.4226402]]]}, "properties": {"osm_id": 413252011, "building_type": "yes", "osm_height": null, "osm_levels": null, "name": null}}, {"type": "Feature", "geometry": {"type": "Polygon", "coordinates": [[[78.3800184, 17.4221405], [78.3800657, 17.4221063], [78.3800127, 17.4220396], [78.3799654, 17.4220738], [78.3800184, 17.4221405]]]}, "properties": {"osm_id": 413252012, "building_type": "yes", "osm_height": null, "osm_levels": null, "name": null}}, {"type": "Feature", "geometry": {"type": "Polygon", "coordinates": [[[78.3675234, 17.4323698], [78.3676207, 17.4324988], [78.3677225, 17.432429], [78.3676252, 17.4322999], [78.3675234, 17.4323698]]]}, "properties": {"osm_id": 413252013, "building_type": "yes", "osm_height": null, "osm_levels": null, "name": null}}, {"type": "Feature", "geometry": {"type": "Polygon", "coordinates": [[[78.3798481, 17.4221099], [78.3799547, 17.4220339], [78.3798618, 17.4219155], [78.3797553, 17.4219915], [78.3798481, 17.4221099]]]}, "properties": {"osm_id": 413252014, "building_type": "yes", "osm_height": null, "osm_levels": null, "name": null}}, {"type": "Feature", "geometry": {"type": "Polygon", "coordinates": [[[78.3800235, 17.4227663], [78.3800984, 17.4228612], [78.3801494, 17.4228245], [78.3800745, 17.4227296], [78.3800235, 17.4227663]]]}, "properties": {"osm_id": 413252015, "building_type": "yes", "osm_height": null, "osm_levels": null, "name": null}}, {"type": "Feature", "geometry": {"type": "Polygon", "coordinates": [[[78.3793945, 17.4224678], [78.3794632, 17.422416], [78.3793815, 17.4223173], [78.3793128, 17.4223692], [78.3793945, 17.4224678]]]}, "properties": {"osm_id": 413252016, "building_type": "yes", "osm_height": null, "osm_levels": null, "name": null}}, {"type": "Feature", "geometry": {"type": "Polygon", "coordinates": [[[78.3788754, 17.4224924], [78.3789464, 17.4224351], [78.3789127, 17.4223971], [78.3788417, 17.4224543], [78.3788754, 17.4224924]]]}, "properties": {"osm_id": 413252017, "building_type": "yes", "osm_height": null, "osm_levels": null, "name": null}}, {"type": "Feature", "geometry": {"type": "Polygon", "coordinates": [[[78.379247, 17.4226793], [78.3793342, 17.4226226], [78.3792893, 17.4225597], [78.3792021, 17.4226164], [78.379247, 17.4226793]]]}, "properties": {"osm_id": 413252018, "building_type": "yes", "osm_height": null, "osm_levels": null, "name": null}}, {"type": "Feature", "geometry": {"type": "Polygon", "coordinates": [[[78.3803645, 17.4225116], [78.3804308, 17.4225944], [78.3805214, 17.4225283], [78.3804551, 17.4224455], [78.3803645, 17.4225116]]]}, "properties": {"osm_id": 413252020, "building_type": "yes", "osm_height": null, "osm_levels": null, "name": null}}, {"type": "Feature", "geometry": {"type": "Polygon", "coordinates": [[[78.3794016, 17.4226956], [78.3794881, 17.4226278], [78.3794289, 17.4225591], [78.3793424, 17.4226269], [78.3794016, 17.4226956]]]}, "properties": {"osm_id": 413252021, "building_type": "yes", "osm_height": null, "osm_levels": null, "name": null}}, {"type": "Feature", "geometry": {"type": "Polygon", "coordinates": [[[78.3803133, 17.4223129], [78.3804196, 17.4222287], [78.3803642, 17.4221711], [78.3802587, 17.4222541], [78.3803133, 17.4223129]]]}, "properties": {"osm_id": 413252023, "building_type": "yes", "osm_height": null, "osm_levels": null, "name": null}}, {"type": "Feature", "geometry": {"type": "Polygon", "coordinates": [[[78.3805746, 17.4224289], [78.3806405, 17.4224988], [78.3807564, 17.4223993], [78.3806905, 17.4223294], [78.3805746, 17.4224289]]]}, "properties": {"osm_id": 413252024, "building_type": "yes", "osm_height": null, "osm_levels": null, "name": null}}, {"type": "Feature", "geometry": {"type": "Polygon", "coordinates": [[[78.3797504, 17.4225373], [78.3798543, 17.4226528], [78.3799424, 17.4225807], [78.3798384, 17.4224652], [78.3797504, 17.4225373]]]}, "properties": {"osm_id": 413252025, "building_type": "yes", "osm_height": null, "osm_levels": null, "name": null}}, {"type": "Feature", "geometry": {"type": "Polygon", "coordinates": [[[78.379891, 17.4223638], [78.3799949, 17.4222886], [78.3799514, 17.422234], [78.3798475, 17.4223091], [78.379891, 17.4223638]]]}, "properties": {"osm_id": 413252026, "building_type": "yes", "osm_height": null, "osm_levels": null, "name": null}}, {"type": "Feature", "geometry": {"type": "Polygon", "coordinates": [[[78.3789288, 17.422564], [78.3790055, 17.4225021], [78.3789499, 17.4224393], [78.3788731, 17.4225012], [78.3789288, 17.422564]]]}, "properties": {"osm_id": 413252027, "building_type": "yes", "osm_height": null, "osm_levels": null, "name": null}}, {"type": "Feature", "geometry": {"type": "Polygon", "coordinates": [[[78.3799524, 17.4221837], [78.3800076, 17.4221438], [78.3799554, 17.4220782], [78.3799002, 17.4221181], [78.3799524, 17.4221837]]]}, "properties": {"osm_id": 413252028, "building_type": "yes", "osm_height": null, "osm_levels": null, "name": null}}, {"type": "Feature", "geometry": {"type": "Polygon", "coordinates": [[[78.3798981, 17.422233], [78.379949, 17.4221962], [78.3798931, 17.4221259], [78.3798422, 17.4221627], [78.3798981, 17.422233]]]}, "properties": {"osm_id": 413252029, "building_type": "yes", "osm_height": null, "osm_levels": null, "name": null}}, {"type": "Feature", "geometry": {"type": "Polygon", "coordinates": [[[78.3804159, 17.4226486], [78.3804721, 17.4227043], [78.3805337, 17.4226477], [78.3804775, 17.422592], [78.3804159, 17.4226486]]]}, "properties": {"osm_id": 413252030, "building_type": "yes", "osm_height": null, "osm_levels": null, "name": null}}, {"type": "Feature", "geometry": {"type": "Polygon", "coordinates": [[[78.3799769, 17.4220124], [78.3800843, 17.4219333], [78.3800446, 17.4218808], [78.3799388, 17.4219621], [78.3799769, 17.4220124]]]}, "properties": {"osm_id": 413252031, "building_type": "yes", "osm_height": null, "osm_levels": null, "name": null}}, {"type": "Feature", "geometry": {"type": "Polygon", "coordinates": [[[78.3793167, 17.4227858], [78.3794139, 17.4228997], [78.3794823, 17.4228465], [78.3793851, 17.4227326], [78.3793167, 17.4227858]]]}, "properties": {"osm_id": 413252032, "building_type": "yes", "osm_height": null, "osm_levels": null, "name": null}}, {"type": "Feature", "geometry": {"type": "Polygon", "coordinates": [[[78.3788017, 17.422413], [78.3788785, 17.4223512], [78.3788245, 17.4222903], [78.3787478, 17.4223523], [78.3787744, 17.4223823], [78.3788017, 17.422413]]]}, "properties": {"osm_id": 413252033, "building_type": "yes", "osm_height": null, "osm_levels": null, "name": null}}, {"type": "Feature", "geometry": {"type": "Polygon", "coordinates": [[[78.3791011, 17.4227547], [78.3791745, 17.4226969], [78.3791423, 17.4226597], [78.3790689, 17.4227175], [78.3791011, 17.4227547]]]}, "properties": {"osm_id": 413252034, "building_type": "yes", "osm_height": null, "osm_levels": null, "name": null}}, {"type": "Feature", "geometry": {"type": "Polygon", "coordinates": [[[78.3670275, 17.4329616], [78.3670829, 17.4330336], [78.3671157, 17.4330107], [78.3671202, 17.4330166], [78.367161, 17.432988], [78.3671009, 17.4329101], [78.3670275, 17.4329616]]]}, "properties": {"osm_id": 413252036, "building_type": "yes", "osm_height": null, "osm_levels": null, "name": null}}, {"type": "Feature", "geometry": {"type": "Polygon", "coordinates": [[[78.3802213, 17.4230127], [78.3802991, 17.4229438], [78.3802353, 17.4228782], [78.3801997, 17.4229097], [78.3802199, 17.4229304], [78.3801776, 17.4229678], [78.3802213, 17.4230127]]]}, "properties": {"osm_id": 413252037, "building_type": "yes", "osm_height": null, "osm_levels": null, "name": null}}, {"type": "Feature", "geometry": {"type": "Polygon", "coordinates": [[[78.3801859, 17.4222153], [78.3801077, 17.422278], [78.380208, 17.422392], [78.3802863, 17.4223293], [78.3801859, 17.4222153]]]}, "properties": {"osm_id": 413252041, "building_type": "yes", "osm_height": null, "osm_levels": null, "name": null}}, {"type": "Feature", "geometry": {"type": "Polygon", "coordinates": [[[78.3705168, 17.4336109], [78.3706244, 17.4335319], [78.3705523, 17.4334424], [78.3706244, 17.4333896], [78.3704329, 17.433152], [78.3702532, 17.4332837], [78.3705168, 17.4336109]]]}, "properties": {"osm_id": 413257526, "building_type": "yes", "osm_height": null, "osm_levels": null, "name": null}}, {"type": "Feature", "geometry": {"type": "Polygon", "coordinates": [[[78.3684285, 17.4367182], [78.3685805, 17.4366029], [78.3685135, 17.4365225], [78.3683615, 17.4366379], [78.3684285, 17.4367182]]]}, "properties": {"osm_id": 413341709, "building_type": "yes", "osm_height": null, "osm_levels": null, "name": null}}, {"type": "Feature", "geometry": {"type": "Polygon", "coordinates": [[[78.3790874, 17.4216575], [78.3791373, 17.4216194], [78.379089, 17.4215618], [78.3790391, 17.4216], [78.3790874, 17.4216575]]]}, "properties": {"osm_id": 416901244, "building_type": "yes", "osm_height": null, "osm_levels": null, "name": null}}, {"type": "Feature", "geometry": {"type": "Polygon", "coordinates": [[[78.376725, 17.4264802], [78.3767875, 17.4264405], [78.3767285, 17.426356], [78.376666, 17.4263958], [78.376725, 17.4264802]]]}, "properties": {"osm_id": 416901270, "building_type": "yes", "osm_height": null, "osm_levels": null, "name": null}}, {"type": "Feature", "geometry": {"type": "Polygon", "coordinates": [[[78.3672602, 17.4305392], [78.3672875, 17.4305182], [78.3672566, 17.4304817], [78.3672293, 17.4305028], [78.3672602, 17.4305392]]]}, "properties": {"osm_id": 416901282, "building_type": "yes", "osm_height": null, "osm_levels": null, "name": null}}, {"type": "Feature", "geometry": {"type": "Polygon", "coordinates": [[[78.3794199, 17.4211835], [78.3794409, 17.4212098], [78.379463, 17.4211938], [78.3794421, 17.4211675], [78.3794199, 17.4211835]]]}, "properties": {"osm_id": 416901299, "building_type": "yes", "osm_height": null, "osm_levels": null, "name": null}}, {"type": "Feature", "geometry": {"type": "Polygon", "coordinates": [[[78.3801495, 17.4224387], [78.380187, 17.4224067], [78.3801588, 17.4223767], [78.3801213, 17.4224087], [78.3801495, 17.4224387]]]}, "properties": {"osm_id": 416901307, "building_type": "yes", "osm_height": null, "osm_levels": null, "name": null}}, {"type": "Feature", "geometry": {"type": "Polygon", "coordinates": [[[78.3672179, 17.4312507], [78.3672446, 17.4312315], [78.3672225, 17.4312034], [78.3671958, 17.4312225], [78.3672179, 17.4312507]]]}, "properties": {"osm_id": 416901311, "building_type": "yes", "osm_height": null, "osm_levels": null, "name": null}}, {"type": "Feature", "geometry": {"type": "Polygon", "coordinates": [[[78.3794843, 17.42187], [78.3795029, 17.4218915], [78.3795331, 17.4218679], [78.3795145, 17.4218463], [78.3794843, 17.42187]]]}, "properties": {"osm_id": 416901324, "building_type": "yes", "osm_height": null, "osm_levels": null, "name": null}}, {"type": "Feature", "geometry": {"type": "Polygon", "coordinates": [[[78.3800047, 17.4238834], [78.3801213, 17.42379], [78.3800837, 17.4237471], [78.379967, 17.4238405], [78.3800047, 17.4238834]]]}, "properties": {"osm_id": 416901344, "building_type": "yes", "osm_height": null, "osm_levels": null, "name": null}}, {"type": "Feature", "geometry": {"type": "Polygon", "coordinates": [[[78.3794367, 17.4233338], [78.3794911, 17.4232979], [78.3794669, 17.4232646], [78.3794125, 17.4233005], [78.3794367, 17.4233338]]]}, "properties": {"osm_id": 416901353, "building_type": "yes", "osm_height": null, "osm_levels": null, "name": null}}, {"type": "Feature", "geometry": {"type": "Polygon", "coordinates": [[[78.3673976, 17.4305642], [78.3674311, 17.4305427], [78.3674023, 17.4305018], [78.3673688, 17.4305232], [78.3673976, 17.4305642]]]}, "properties": {"osm_id": 416901379, "building_type": "yes", "osm_height": null, "osm_levels": null, "name": null}}, {"type": "Feature", "geometry": {"type": "Polygon", "coordinates": [[[78.3718964, 17.4300399], [78.3719152, 17.4300617], [78.371942, 17.4300406], [78.3719232, 17.4300188], [78.3718964, 17.4300399]]]}, "properties": {"osm_id": 416901395, "building_type": "yes", "osm_height": null, "osm_levels": null, "name": null}}, {"type": "Feature", "geometry": {"type": "Polygon", "coordinates": [[[78.3673731, 17.4196835], [78.3674202, 17.4196792], [78.3674122, 17.4195986], [78.3673651, 17.4196028], [78.3673731, 17.4196835]]]}, "properties": {"osm_id": 416901413, "building_type": "yes", "osm_height": null, "osm_levels": null, "name": null}}, {"type": "Feature", "geometry": {"type": "Polygon", "coordinates": [[[78.3708607, 17.4299993], [78.3708831, 17.4300236], [78.370938, 17.4299775], [78.3709157, 17.4299532], [78.3708607, 17.4299993]]]}, "properties": {"osm_id": 416901420, "building_type": "yes", "osm_height": null, "osm_levels": null, "name": null}}, {"type": "Feature", "geometry": {"type": "Polygon", "coordinates": [[[78.3684953, 17.4314483], [78.3686069, 17.4313787], [78.3685358, 17.431275], [78.3684242, 17.4313447], [78.3684953, 17.4314483]]]}, "properties": {"osm_id": 416901423, "building_type": "yes", "osm_height": null, "osm_levels": null, "name": null}}, {"type": "Feature", "geometry": {"type": "Polygon", "coordinates": [[[78.3670704, 17.4310613], [78.3670875, 17.4310819], [78.3671103, 17.4310646], [78.3670932, 17.431044], [78.3670704, 17.4310613]]]}, "properties": {"osm_id": 416901425, "building_type": "yes", "osm_height": null, "osm_levels": null, "name": null}}, {"type": "Feature", "geometry": {"type": "Polygon", "coordinates": [[[78.3710136, 17.4300671], [78.3710503, 17.4300416], [78.3709967, 17.4299712], [78.3709599, 17.4299967], [78.3710136, 17.4300671]]]}, "properties": {"osm_id": 416901427, "building_type": "yes", "osm_height": null, "osm_levels": null, "name": null}}, {"type": "Feature", "geometry": {"type": "Polygon", "coordinates": [[[78.378914, 17.4215139], [78.3789977, 17.4214542], [78.3789501, 17.4213934], [78.3788664, 17.4214531], [78.378914, 17.4215139]]]}, "properties": {"osm_id": 416901432, "building_type": "yes", "osm_height": null, "osm_levels": null, "name": null}}, {"type": "Feature", "geometry": {"type": "Polygon", "coordinates": [[[78.378962, 17.4216972], [78.3789915, 17.4217286], [78.3790244, 17.4217005], [78.3789948, 17.4216691], [78.378962, 17.4216972]]]}, "properties": {"osm_id": 416901439, "building_type": "yes", "osm_height": null, "osm_levels": null, "name": null}}, {"type": "Feature", "geometry": {"type": "Polygon", "coordinates": [[[78.3757832, 17.4265426], [78.3758068, 17.4265818], [78.3758605, 17.4265524], [78.3758369, 17.4265132], [78.3757832, 17.4265426]]]}, "properties": {"osm_id": 416901444, "building_type": "yes", "osm_height": null, "osm_levels": null, "name": null}}, {"type": "Feature", "geometry": {"type": "Polygon", "coordinates": [[[78.3789291, 17.4216793], [78.3789784, 17.4216409], [78.3789194, 17.4215718], [78.3788701, 17.4216102], [78.3789291, 17.4216793]]]}, "properties": {"osm_id": 416901446, "building_type": "yes", "osm_height": null, "osm_levels": null, "name": null}}, {"type": "Feature", "geometry": {"type": "Polygon", "coordinates": [[[78.3752092, 17.4252439], [78.37524, 17.4252631], [78.3752882, 17.4251927], [78.3752575, 17.4251735], [78.3752092, 17.4252439]]]}, "properties": {"osm_id": 416901448, "building_type": "yes", "osm_height": null, "osm_levels": null, "name": null}}, {"type": "Feature", "geometry": {"type": "Polygon", "coordinates": [[[78.36845, 17.4300821], [78.368494, 17.430135], [78.3685588, 17.4300859], [78.3685148, 17.4300331], [78.36845, 17.4300821]]]}, "properties": {"osm_id": 416901454, "building_type": "yes", "osm_height": null, "osm_levels": null, "name": null}}, {"type": "Feature", "geometry": {"type": "Polygon", "coordinates": [[[78.3791256, 17.422241], [78.3791532, 17.4222657], [78.3791733, 17.4222453], [78.3791457, 17.4222206], [78.3791256, 17.422241]]]}, "properties": {"osm_id": 416901456, "building_type": "yes", "osm_height": null, "osm_levels": null, "name": null}}, {"type": "Feature", "geometry": {"type": "Polygon", "coordinates": [[[78.3790357, 17.4215597], [78.3790734, 17.421531], [78.3790473, 17.4214997], [78.3790096, 17.4215283], [78.3790357, 17.4215597]]]}, "properties": {"osm_id": 416901462, "building_type": "yes", "osm_height": null, "osm_levels": null, "name": null}}, {"type": "Feature", "geometry": {"type": "Polygon", "coordinates": [[[78.3741705, 17.4195357], [78.3742369, 17.4195474], [78.3742456, 17.4195026], [78.3741792, 17.4194909], [78.3741705, 17.4195357]]]}, "properties": {"osm_id": 416901466, "building_type": "yes", "osm_height": null, "osm_levels": null, "name": null}}, {"type": "Feature", "geometry": {"type": "Polygon", "coordinates": [[[78.3792946, 17.4236786], [78.379348, 17.4236493], [78.379281, 17.423538], [78.3792275, 17.4235673], [78.3792946, 17.4236786]]]}, "properties": {"osm_id": 416901468, "building_type": "yes", "osm_height": null, "osm_levels": null, "name": null}}, {"type": "Feature", "geometry": {"type": "Polygon", "coordinates": [[[78.3691642, 17.4326949], [78.3691927, 17.4327259], [78.3692906, 17.432644], [78.3692621, 17.432613], [78.3691642, 17.4326949]]]}, "properties": {"osm_id": 416901470, "building_type": "yes", "osm_height": null, "osm_levels": null, "name": null}}, {"type": "Feature", "geometry": {"type": "Polygon", "coordinates": [[[78.3670597, 17.4300537], [78.3671188, 17.4300002], [78.3669857, 17.4298661], [78.3669266, 17.4299196], [78.3670597, 17.4300537]]]}, "properties": {"osm_id": 416901476, "building_type": "yes", "osm_height": null, "osm_levels": null, "name": null}}, {"type": "Feature", "geometry": {"type": "Polygon", "coordinates": [[[78.3676665, 17.4234688], [78.3677035, 17.4234518], [78.3676485, 17.423343], [78.3676115, 17.42336], [78.3676665, 17.4234688]]]}, "properties": {"osm_id": 416901478, "building_type": "yes", "osm_height": null, "osm_levels": null, "name": null}}, {"type": "Feature", "geometry": {"type": "Polygon", "coordinates": [[[78.3752937, 17.4251658], [78.3753294, 17.4251871], [78.375383, 17.4251052], [78.3753473, 17.4250839], [78.3752937, 17.4251658]]]}, "properties": {"osm_id": 416901484, "building_type": "yes", "osm_height": null, "osm_levels": null, "name": null}}, {"type": "Feature", "geometry": {"type": "Polygon", "coordinates": [[[78.3731023, 17.4196195], [78.3731637, 17.4196122], [78.373153, 17.4195303], [78.3730916, 17.4195376], [78.3731023, 17.4196195]]]}, "properties": {"osm_id": 416901488, "building_type": "yes", "osm_height": null, "osm_levels": null, "name": null}}, {"type": "Feature", "geometry": {"type": "Polygon", "coordinates": [[[78.3795862, 17.4225129], [78.3796208, 17.4224876], [78.3795396, 17.4223871], [78.3795051, 17.4224125], [78.3795862, 17.4225129]]]}, "properties": {"osm_id": 416901490, "building_type": "yes", "osm_height": null, "osm_levels": null, "name": null}}, {"type": "Feature", "geometry": {"type": "Polygon", "coordinates": [[[78.3754654, 17.4252349], [78.3754766, 17.4252648], [78.3755289, 17.4252469], [78.3755177, 17.425217], [78.3754654, 17.4252349]]]}, "properties": {"osm_id": 416901497, "building_type": "yes", "osm_height": null, "osm_levels": null, "name": null}}, {"type": "Feature", "geometry": {"type": "Polygon", "coordinates": [[[78.379485, 17.421941], [78.3795196, 17.4219809], [78.3795504, 17.4219566], [78.3795158, 17.4219167], [78.379485, 17.421941]]]}, "properties": {"osm_id": 416901500, "building_type": "yes", "osm_height": null, "osm_levels": null, "name": null}}, {"type": "Feature", "geometry": {"type": "Polygon", "coordinates": [[[78.3692158, 17.4324249], [78.36924, 17.4324057], [78.3692065, 17.4323673], [78.3691823, 17.4323865], [78.3692158, 17.4324249]]]}, "properties": {"osm_id": 416901504, "building_type": "yes", "osm_height": null, "osm_levels": null, "name": null}}, {"type": "Feature", "geometry": {"type": "Polygon", "coordinates": [[[78.379495, 17.4214074], [78.3795501, 17.4214695], [78.3795764, 17.4214483], [78.379606, 17.4214817], [78.37964, 17.4214543], [78.3795554, 17.4213588], [78.379495, 17.4214074]]]}, "properties": {"osm_id": 416901509, "building_type": "yes", "osm_height": null, "osm_levels": null, "name": null}}, {"type": "Feature", "geometry": {"type": "Polygon", "coordinates": [[[78.375653, 17.4252126], [78.3755405, 17.4250443], [78.3755045, 17.4250661], [78.3755288, 17.4251024], [78.3755033, 17.4251179], [78.3755566, 17.4251977], [78.3755792, 17.425184], [78.3756141, 17.4252363], [78.375653, 17.4252126]]]}, "properties": {"osm_id": 416901512, "building_type": "yes", "osm_height": null, "osm_levels": null, "name": null}}, {"type": "Feature", "geometry": {"type": "Polygon", "coordinates": [[[78.3714977, 17.4172369], [78.3717312, 17.4171304], [78.3715494, 17.4167628], [78.3713037, 17.4168738], [78.3713347, 17.4169393], [78.3714332, 17.4171461], [78.3714431, 17.4171418], [78.3714643, 17.4171865], [78.3714721, 17.4171831], [78.3714977, 17.4172369]]]}, "properties": {"osm_id": 416915990, "building_type": "yes", "osm_height": null, "osm_levels": null, "name": null}}, {"type": "Feature", "geometry": {"type": "Polygon", "coordinates": [[[78.3673404, 17.4172586], [78.3674705, 17.4172221], [78.3674639, 17.4172006], [78.3675011, 17.4171902], [78.3674855, 17.4171396], [78.3674483, 17.41715], [78.367431, 17.4170937], [78.3673213, 17.4171245], [78.3673426, 17.4171936], [78.3673222, 17.4171993], [78.3673404, 17.4172586]]]}, "properties": {"osm_id": 416915997, "building_type": "yes", "osm_height": null, "osm_levels": null, "name": null}}, {"type": "Feature", "geometry": {"type": "Polygon", "coordinates": [[[78.3710113, 17.4172919], [78.3710464, 17.417276], [78.3710554, 17.417294], [78.3712045, 17.4172266], [78.3711956, 17.4172086], [78.3712459, 17.4171813], [78.3712318, 17.4171468], [78.3713123, 17.4171118], [78.3712967, 17.4170792], [78.3713147, 17.4170713], [78.3712443, 17.4169237], [78.3712263, 17.4169315], [78.3712131, 17.4169038], [78.3711225, 17.4169432], [78.371127, 17.4169527], [78.3710516, 17.4170182], [78.3709961, 17.4169491], [78.3708872, 17.4170376], [78.3709247, 17.4170796], [78.3708852, 17.4170843], [78.3708765, 17.4170504], [78.370796, 17.4170555], [78.3708832, 17.4174311], [78.3709844, 17.4174131], [78.3709301, 17.41717], [78.3709774, 17.4171674], [78.3709755, 17.4171365], [78.3709911, 17.417154], [78.3711, 17.4170656], [78.3710785, 17.4170445], [78.3711439, 17.4169881], [78.3711972, 17.4170996], [78.3710358, 17.4171727], [78.3710436, 17.4171885], [78.3709752, 17.4172194], [78.3710113, 17.4172919]]]}, "properties": {"osm_id": 416916002, "building_type": "yes", "osm_height": null, "osm_levels": null, "name": null}}, {"type": "Feature", "geometry": {"type": "Polygon", "coordinates": [[[78.3774463, 17.416996], [78.3777577, 17.4169953], [78.3777575, 17.4169118], [78.3776576, 17.416912], [78.3776575, 17.4168749], [78.3777574, 17.4168747], [78.3777572, 17.4167861], [78.3774458, 17.4167867], [78.377446, 17.4168709], [78.3775599, 17.4168706], [78.37756, 17.4169033], [78.3774461, 17.4169035], [78.3774463, 17.416996]]]}, "properties": {"osm_id": 416916006, "building_type": "yes", "osm_height": null, "osm_levels": null, "name": "Hig 08 block"}}, {"type": "Feature", "geometry": {"type": "Polygon", "coordinates": [[[78.3766153, 17.4161932], [78.3769228, 17.4161926], [78.3769226, 17.4161061], [78.3768266, 17.4161063], [78.3768265, 17.4160679], [78.3769234, 17.4160677], [78.3769232, 17.4159856], [78.3766148, 17.4159862], [78.376615, 17.4160681], [78.3767282, 17.4160679], [78.3767282, 17.4161081], [78.3766151, 17.4161083], [78.3766153, 17.4161932]]]}, "properties": {"osm_id": 416916012, "building_type": "yes", "osm_height": null, "osm_levels": null, "name": "Hig 04 block"}}, {"type": "Feature", "geometry": {"type": "Polygon", "coordinates": [[[78.3770453, 17.4162128], [78.3773528, 17.4162122], [78.3773526, 17.4161257], [78.3772566, 17.4161259], [78.3772565, 17.4160875], [78.3773534, 17.4160873], [78.3773532, 17.4160052], [78.3770448, 17.4160058], [78.377045, 17.4160877], [78.3771582, 17.4160875], [78.3771582, 17.4161277], [78.3770451, 17.416128], [78.3770453, 17.4162128]]]}, "properties": {"osm_id": 416916018, "building_type": "yes", "osm_height": null, "osm_levels": null, "name": "Hig 03 block"}}, {"type": "Feature", "geometry": {"type": "Polygon", "coordinates": [[[78.3770402, 17.4165114], [78.3773477, 17.4165108], [78.3773475, 17.4164243], [78.3772515, 17.4164245], [78.3772514, 17.4163861], [78.3773483, 17.4163859], [78.3773481, 17.4163038], [78.3770397, 17.4163044], [78.3770399, 17.4163863], [78.3771531, 17.4163861], [78.3771531, 17.4164263], [78.37704, 17.4164266], [78.3770402, 17.4165114]]]}, "properties": {"osm_id": 416916024, "building_type": "yes", "osm_height": null, "osm_levels": null, "name": "Hig 02 block"}}, {"type": "Feature", "geometry": {"type": "Polygon", "coordinates": [[[78.3823581, 17.4189594], [78.3823595, 17.4187897], [78.3823484, 17.4187896], [78.3823487, 17.4187511], [78.3823125, 17.4187508], [78.3823122, 17.4187894], [78.3822501, 17.4187889], [78.3822487, 17.4189585], [78.3823137, 17.418959], [78.3823138, 17.4189512], [78.3823424, 17.4189514], [78.3823424, 17.4189592], [78.3823581, 17.4189594]]]}, "properties": {"osm_id": 416916029, "building_type": "yes", "osm_height": null, "osm_levels": null, "name": null}}, {"type": "Feature", "geometry": {"type": "Polygon", "coordinates": [[[78.3838375, 17.4185395], [78.3838818, 17.4185395], [78.3838818, 17.4185309], [78.3838982, 17.4185309], [78.3838982, 17.4185165], [78.383913, 17.4185165], [78.383913, 17.4185309], [78.3839327, 17.4185309], [78.3839327, 17.4185097], [78.3839686, 17.4185097], [78.3839686, 17.418488], [78.3840095, 17.418488], [78.3840095, 17.4183978], [78.3838375, 17.4183978], [78.3838375, 17.4185395]]]}, "properties": {"osm_id": 416916035, "building_type": "yes", "osm_height": null, "osm_levels": null, "name": null}}, {"type": "Feature", "geometry": {"type": "Polygon", "coordinates": [[[78.3770247, 17.4173402], [78.3771408, 17.4173402], [78.3771408, 17.4173722], [78.3770257, 17.4173722], [78.3770257, 17.4174637], [78.3773272, 17.4174636], [78.3773272, 17.4173767], [78.3772269, 17.4173767], [78.3772269, 17.4173401], [78.3773299, 17.4173401], [78.3773298, 17.4172536], [78.3772289, 17.4172536], [78.3772289, 17.4172257], [78.3773312, 17.4172257], [78.3773312, 17.4171329], [78.3770281, 17.417133], [78.3770281, 17.4172276], [78.3771441, 17.4172276], [78.3771441, 17.4172537], [78.3770246, 17.4172537], [78.3770247, 17.4173402]]]}, "properties": {"osm_id": 416916040, "building_type": "yes", "osm_height": null, "osm_levels": null, "name": "Hig 11"}}, {"type": "Feature", "geometry": {"type": "Polygon", "coordinates": [[[78.3803684, 17.4202857], [78.3804579, 17.4201734], [78.3803732, 17.4201118], [78.3802836, 17.4202241], [78.3803684, 17.4202857]]]}, "properties": {"osm_id": 416916046, "building_type": "yes", "osm_height": null, "osm_levels": null, "name": null}}, {"type": "Feature", "geometry": {"type": "Polygon", "coordinates": [[[78.3690158, 17.4166882], [78.3691553, 17.4166466], [78.3691323, 17.4165765], [78.3689928, 17.4166181], [78.3690158, 17.4166882]]]}, "properties": {"osm_id": 416916049, "building_type": "yes", "osm_height": null, "osm_levels": null, "name": null}}, {"type": "Feature", "geometry": {"type": "Polygon", "coordinates": [[[78.3841782, 17.4194878], [78.3842758, 17.4194381], [78.384196, 17.4192955], [78.3840984, 17.4193452], [78.3841782, 17.4194878]]]}, "properties": {"osm_id": 416916057, "building_type": "yes", "osm_height": null, "osm_levels": null, "name": null}}, {"type": "Feature", "geometry": {"type": "Polygon", "coordinates": [[[78.3841324, 17.4180625], [78.3842548, 17.4180129], [78.3842039, 17.4178987], [78.3840815, 17.4179483], [78.3841324, 17.4180625]]]}, "properties": {"osm_id": 416916061, "building_type": "yes", "osm_height": null, "osm_levels": null, "name": null}}, {"type": "Feature", "geometry": {"type": "Polygon", "coordinates": [[[78.3826314, 17.4186284], [78.3827434, 17.4186272], [78.3827418, 17.4185035], [78.3826298, 17.4185048], [78.3826314, 17.4186284]]]}, "properties": {"osm_id": 416916064, "building_type": "yes", "osm_height": null, "osm_levels": null, "name": null}}, {"type": "Feature", "geometry": {"type": "Polygon", "coordinates": [[[78.368425, 17.4163926], [78.3685589, 17.4163626], [78.368539, 17.4162823], [78.3684052, 17.4163123], [78.368425, 17.4163926]]]}, "properties": {"osm_id": 416916069, "building_type": "yes", "osm_height": null, "osm_levels": null, "name": null}}, {"type": "Feature", "geometry": {"type": "Polygon", "coordinates": [[[78.3684864, 17.4166642], [78.3686219, 17.4166338], [78.3686011, 17.4165494], [78.3684656, 17.4165798], [78.3684864, 17.4166642]]]}, "properties": {"osm_id": 416916074, "building_type": "yes", "osm_height": null, "osm_levels": null, "name": null}}, {"type": "Feature", "geometry": {"type": "Polygon", "coordinates": [[[78.3749526, 17.4187895], [78.3749828, 17.4187855], [78.3749466, 17.4185353], [78.3749163, 17.4185393], [78.3749526, 17.4187895]]]}, "properties": {"osm_id": 416916076, "building_type": "yes", "osm_height": null, "osm_levels": null, "name": null}}, {"type": "Feature", "geometry": {"type": "Polygon", "coordinates": [[[78.3688351, 17.4167944], [78.3689786, 17.4167618], [78.3689582, 17.4166802], [78.3688147, 17.4167129], [78.3688351, 17.4167944]]]}, "properties": {"osm_id": 416916081, "building_type": "yes", "osm_height": null, "osm_levels": null, "name": null}}, {"type": "Feature", "geometry": {"type": "Polygon", "coordinates": [[[78.3819278, 17.4209549], [78.3819935, 17.4209063], [78.3819507, 17.4208536], [78.381885, 17.4209022], [78.3819278, 17.4209549]]]}, "properties": {"osm_id": 416916096, "building_type": "yes", "osm_height": null, "osm_levels": null, "name": null}}, {"type": "Feature", "geometry": {"type": "Polygon", "coordinates": [[[78.3824325, 17.419457], [78.3825492, 17.4194538], [78.3825457, 17.4193359], [78.382429, 17.4193391], [78.3824325, 17.419457]]]}, "properties": {"osm_id": 416916099, "building_type": "yes", "osm_height": null, "osm_levels": null, "name": null}}, {"type": "Feature", "geometry": {"type": "Polygon", "coordinates": [[[78.3801458, 17.420675], [78.3802289, 17.4206462], [78.3801973, 17.4205631], [78.3801142, 17.4205919], [78.3801458, 17.420675]]]}, "properties": {"osm_id": 416916103, "building_type": "yes", "osm_height": null, "osm_levels": null, "name": null}}, {"type": "Feature", "geometry": {"type": "Polygon", "coordinates": [[[78.3685135, 17.4167948], [78.3686507, 17.416764], [78.3686288, 17.4166752], [78.3684916, 17.416706], [78.3685135, 17.4167948]]]}, "properties": {"osm_id": 416916108, "building_type": "yes", "osm_height": null, "osm_levels": null, "name": null}}, {"type": "Feature", "geometry": {"type": "Polygon", "coordinates": [[[78.3711679, 17.4173201], [78.3712964, 17.4172578], [78.3712706, 17.4172091], [78.371142, 17.4172714], [78.3711679, 17.4173201]]]}, "properties": {"osm_id": 416916112, "building_type": "yes", "osm_height": null, "osm_levels": null, "name": null}}, {"type": "Feature", "geometry": {"type": "Polygon", "coordinates": [[[78.3838627, 17.4193148], [78.3839234, 17.4193047], [78.3839117, 17.4192404], [78.3838509, 17.4192505], [78.3838627, 17.4193148]]]}, "properties": {"osm_id": 416916117, "building_type": "yes", "osm_height": null, "osm_levels": null, "name": null}}, {"type": "Feature", "geometry": {"type": "Polygon", "coordinates": [[[78.3759642, 17.4153776], [78.3760377, 17.4154246], [78.3760627, 17.415389], [78.3759893, 17.415342], [78.3759642, 17.4153776]]]}, "properties": {"osm_id": 416916120, "building_type": "yes", "osm_height": null, "osm_levels": null, "name": null}}, {"type": "Feature", "geometry": {"type": "Polygon", "coordinates": [[[78.3822473, 17.4211337], [78.3823073, 17.4211932], [78.382368, 17.4211375], [78.3823079, 17.421078], [78.3822473, 17.4211337]]]}, "properties": {"osm_id": 416916125, "building_type": "yes", "osm_height": null, "osm_levels": null, "name": null}}, {"type": "Feature", "geometry": {"type": "Polygon", "coordinates": [[[78.3846911, 17.418552], [78.3847944, 17.4185213], [78.3847752, 17.4184625], [78.384672, 17.4184932], [78.3846911, 17.418552]]]}, "properties": {"osm_id": 416916137, "building_type": "yes", "osm_height": null, "osm_levels": null, "name": null}}, {"type": "Feature", "geometry": {"type": "Polygon", "coordinates": [[[78.3745458, 17.4189381], [78.3746472, 17.418923], [78.3745801, 17.4185135], [78.3744787, 17.4185287], [78.3745458, 17.4189381]]]}, "properties": {"osm_id": 416916142, "building_type": "yes", "osm_height": null, "osm_levels": null, "name": null}}, {"type": "Feature", "geometry": {"type": "Polygon", "coordinates": [[[78.3674316, 17.4169034], [78.3674843, 17.416882], [78.3674334, 17.4167675], [78.3673807, 17.4167888], [78.3674316, 17.4169034]]]}, "properties": {"osm_id": 416916147, "building_type": "yes", "osm_height": null, "osm_levels": null, "name": null}}, {"type": "Feature", "geometry": {"type": "Polygon", "coordinates": [[[78.3823077, 17.4208685], [78.3824203, 17.4208397], [78.382387, 17.4207212], [78.3822744, 17.42075], [78.3823077, 17.4208685]]]}, "properties": {"osm_id": 416916152, "building_type": "yes", "osm_height": null, "osm_levels": null, "name": null}}, {"type": "Feature", "geometry": {"type": "Polygon", "coordinates": [[[78.382312, 17.4213455], [78.3823824, 17.4212825], [78.3823022, 17.4212009], [78.3822318, 17.4212639], [78.382312, 17.4213455]]]}, "properties": {"osm_id": 416916161, "building_type": "yes", "osm_height": null, "osm_levels": null, "name": null}}, {"type": "Feature", "geometry": {"type": "Polygon", "coordinates": [[[78.3763213, 17.4151085], [78.3764031, 17.4150871], [78.3763916, 17.415047], [78.3763098, 17.4150685], [78.3763213, 17.4151085]]]}, "properties": {"osm_id": 416916165, "building_type": "yes", "osm_height": null, "osm_levels": null, "name": null}}, {"type": "Feature", "geometry": {"type": "Polygon", "coordinates": [[[78.3818314, 17.4190568], [78.3819628, 17.4190542], [78.3819607, 17.4189561], [78.3818293, 17.4189587], [78.3818314, 17.4190568]]]}, "properties": {"osm_id": 416916170, "building_type": "yes", "osm_height": null, "osm_levels": null, "name": null}}, {"type": "Feature", "geometry": {"type": "Polygon", "coordinates": [[[78.3845403, 17.4188824], [78.3846482, 17.418846], [78.3846194, 17.4187683], [78.3845114, 17.4188047], [78.3845403, 17.4188824]]]}, "properties": {"osm_id": 416916174, "building_type": "yes", "osm_height": null, "osm_levels": null, "name": null}}, {"type": "Feature", "geometry": {"type": "Polygon", "coordinates": [[[78.3804796, 17.4203662], [78.3805309, 17.4203], [78.3804327, 17.4202308], [78.3803814, 17.420297], [78.3804796, 17.4203662]]]}, "properties": {"osm_id": 416916178, "building_type": "yes", "osm_height": null, "osm_levels": null, "name": null}}, {"type": "Feature", "geometry": {"type": "Polygon", "coordinates": [[[78.3802445, 17.4191669], [78.3803787, 17.4191629], [78.380373, 17.4189889], [78.3802389, 17.4189929], [78.3802445, 17.4191669]]]}, "properties": {"osm_id": 416916189, "building_type": "yes", "osm_height": null, "osm_levels": null, "name": null}}, {"type": "Feature", "geometry": {"type": "Polygon", "coordinates": [[[78.3823576, 17.4205253], [78.3824776, 17.4205067], [78.3824658, 17.420437], [78.3823458, 17.4204556], [78.3823576, 17.4205253]]]}, "properties": {"osm_id": 416916193, "building_type": "yes", "osm_height": null, "osm_levels": null, "name": null}}, {"type": "Feature", "geometry": {"type": "Polygon", "coordinates": [[[78.3819315, 17.4209584], [78.3819828, 17.4210227], [78.3820095, 17.4210033], [78.3819582, 17.420939], [78.3819315, 17.4209584]]]}, "properties": {"osm_id": 416916204, "building_type": "yes", "osm_height": null, "osm_levels": null, "name": null}}, {"type": "Feature", "geometry": {"type": "Polygon", "coordinates": [[[78.3748628, 17.4188045], [78.3749338, 17.4187942], [78.3748943, 17.4185447], [78.3748232, 17.4185549], [78.3748628, 17.4188045]]]}, "properties": {"osm_id": 416916209, "building_type": "yes", "osm_height": null, "osm_levels": null, "name": null}}, {"type": "Feature", "geometry": {"type": "Polygon", "coordinates": [[[78.3821189, 17.4208583], [78.3821627, 17.4208478], [78.3821469, 17.4207877], [78.3821031, 17.4207981], [78.3821189, 17.4208583]]]}, "properties": {"osm_id": 416916219, "building_type": "yes", "osm_height": null, "osm_levels": null, "name": null}}, {"type": "Feature", "geometry": {"type": "Polygon", "coordinates": [[[78.3826874, 17.4194618], [78.3828547, 17.4194611], [78.3828541, 17.4193302], [78.3826868, 17.4193309], [78.3826874, 17.4194618]]]}, "properties": {"osm_id": 416916231, "building_type": "yes", "osm_height": null, "osm_levels": null, "name": null}}, {"type": "Feature", "geometry": {"type": "Polygon", "coordinates": [[[78.3670507, 17.4174293], [78.367157, 17.4173941], [78.3671318, 17.4173247], [78.3670394, 17.4173553], [78.3670255, 17.4173599], [78.3670507, 17.4174293]]]}, "properties": {"osm_id": 416916244, "building_type": "yes", "osm_height": null, "osm_levels": null, "name": null}}, {"type": "Feature", "geometry": {"type": "Polygon", "coordinates": [[[78.3763525, 17.4149502], [78.3764269, 17.4149297], [78.376412, 17.4148805], [78.3763376, 17.414901], [78.3763525, 17.4149502]]]}, "properties": {"osm_id": 416916250, "building_type": "yes", "osm_height": null, "osm_levels": null, "name": null}}, {"type": "Feature", "geometry": {"type": "Polygon", "coordinates": [[[78.3831138, 17.4191852], [78.3831517, 17.4191862], [78.3831541, 17.4191037], [78.3831162, 17.4191027], [78.3831138, 17.4191852]]]}, "properties": {"osm_id": 416916256, "building_type": "yes", "osm_height": null, "osm_levels": null, "name": null}}, {"type": "Feature", "geometry": {"type": "Polygon", "coordinates": [[[78.3774485, 17.4190208], [78.377538, 17.4189981], [78.3774931, 17.4188369], [78.3774036, 17.4188596], [78.3774485, 17.4190208]]]}, "properties": {"osm_id": 416916272, "building_type": "yes", "osm_height": null, "osm_levels": null, "name": null}}, {"type": "Feature", "geometry": {"type": "Polygon", "coordinates": [[[78.3675691, 17.4178069], [78.3677562, 17.4177871], [78.3677394, 17.4176427], [78.3675161, 17.4176689], [78.3675691, 17.4178069]]]}, "properties": {"osm_id": 416916278, "building_type": "yes", "osm_height": null, "osm_levels": null, "name": null}}, {"type": "Feature", "geometry": {"type": "Polygon", "coordinates": [[[78.383715, 17.4174582], [78.3838015, 17.4176195], [78.3838974, 17.4175726], [78.3838109, 17.4174114], [78.383715, 17.4174582]]]}, "properties": {"osm_id": 416916289, "building_type": "yes", "osm_height": null, "osm_levels": null, "name": null}}, {"type": "Feature", "geometry": {"type": "Polygon", "coordinates": [[[78.3845671, 17.4187538], [78.3846978, 17.4187161], [78.3846685, 17.4186236], [78.3845378, 17.4186614], [78.3845671, 17.4187538]]]}, "properties": {"osm_id": 416916309, "building_type": "yes", "osm_height": null, "osm_levels": null, "name": null}}, {"type": "Feature", "geometry": {"type": "Polygon", "coordinates": [[[78.3670065, 17.4177167], [78.3670802, 17.4176997], [78.3670118, 17.4174303], [78.3669381, 17.4174474], [78.3670065, 17.4177167]]]}, "properties": {"osm_id": 416916320, "building_type": "yes", "osm_height": null, "osm_levels": null, "name": null}}, {"type": "Feature", "geometry": {"type": "Polygon", "coordinates": [[[78.3836847, 17.4168311], [78.3837886, 17.416785], [78.3837506, 17.4167069], [78.3836467, 17.416753], [78.3836847, 17.4168311]]]}, "properties": {"osm_id": 416916326, "building_type": "yes", "osm_height": null, "osm_levels": null, "name": null}}, {"type": "Feature", "geometry": {"type": "Polygon", "coordinates": [[[78.3674407, 17.4296895], [78.367501, 17.4296342], [78.3673736, 17.4295078], [78.3673133, 17.4295631], [78.3674407, 17.4296895]]]}, "properties": {"osm_id": 416916336, "building_type": "yes", "osm_height": null, "osm_levels": null, "name": null}}, {"type": "Feature", "geometry": {"type": "Polygon", "coordinates": [[[78.3823187, 17.4213567], [78.3824029, 17.4214427], [78.3824661, 17.4213865], [78.3823819, 17.4213004], [78.3823187, 17.4213567]]]}, "properties": {"osm_id": 416916343, "building_type": "yes", "osm_height": null, "osm_levels": null, "name": null}}, {"type": "Feature", "geometry": {"type": "Polygon", "coordinates": [[[78.3761946, 17.4151789], [78.3763283, 17.415146], [78.3763073, 17.4150682], [78.3761735, 17.4151011], [78.3761946, 17.4151789]]]}, "properties": {"osm_id": 416916349, "building_type": "yes", "osm_height": null, "osm_levels": null, "name": null}}, {"type": "Feature", "geometry": {"type": "Polygon", "coordinates": [[[78.3840489, 17.4178856], [78.3841521, 17.4178438], [78.3840751, 17.4176706], [78.3839719, 17.4177125], [78.3840489, 17.4178856]]]}, "properties": {"osm_id": 416916353, "building_type": "yes", "osm_height": null, "osm_levels": null, "name": null}}, {"type": "Feature", "geometry": {"type": "Polygon", "coordinates": [[[78.38199, 17.4194519], [78.382167, 17.4194512], [78.3821665, 17.4193232], [78.3819895, 17.4193239], [78.38199, 17.4194519]]]}, "properties": {"osm_id": 416916365, "building_type": "yes", "osm_height": null, "osm_levels": null, "name": null}}, {"type": "Feature", "geometry": {"type": "Polygon", "coordinates": [[[78.3672046, 17.4294502], [78.3672655, 17.4293944], [78.3671349, 17.4292647], [78.367074, 17.4293205], [78.3672046, 17.4294502]]]}, "properties": {"osm_id": 416916375, "building_type": "yes", "osm_height": null, "osm_levels": null, "name": null}}, {"type": "Feature", "geometry": {"type": "Polygon", "coordinates": [[[78.3807225, 17.4190088], [78.3807664, 17.4190077], [78.3807644, 17.4189316], [78.3807205, 17.4189327], [78.3807225, 17.4190088]]]}, "properties": {"osm_id": 416916389, "building_type": "yes", "osm_height": null, "osm_levels": null, "name": null}}, {"type": "Feature", "geometry": {"type": "Polygon", "coordinates": [[[78.3824709, 17.4212067], [78.3825447, 17.4211544], [78.3825201, 17.4211227], [78.3824463, 17.421175], [78.3824709, 17.4212067]]]}, "properties": {"osm_id": 416916395, "building_type": "yes", "osm_height": null, "osm_levels": null, "name": null}}, {"type": "Feature", "geometry": {"type": "Polygon", "coordinates": [[[78.3814749, 17.4205835], [78.3816425, 17.4205573], [78.3816127, 17.4203839], [78.3814451, 17.4204101], [78.3814749, 17.4205835]]]}, "properties": {"osm_id": 416916399, "building_type": "yes", "osm_height": null, "osm_levels": null, "name": null}}, {"type": "Feature", "geometry": {"type": "Polygon", "coordinates": [[[78.3836913, 17.4185213], [78.3838027, 17.4185213], [78.3838027, 17.4183722], [78.3836913, 17.4183722], [78.3836913, 17.4185213]]]}, "properties": {"osm_id": 416916410, "building_type": "yes", "osm_height": null, "osm_levels": null, "name": null}}, {"type": "Feature", "geometry": {"type": "Polygon", "coordinates": [[[78.3838577, 17.416858], [78.3839526, 17.4168122], [78.3839158, 17.4167428], [78.383821, 17.4167886], [78.3838577, 17.416858]]]}, "properties": {"osm_id": 416916419, "building_type": "yes", "osm_height": null, "osm_levels": null, "name": null}}, {"type": "Feature", "geometry": {"type": "Polygon", "coordinates": [[[78.3687707, 17.4165833], [78.3688965, 17.4165569], [78.3688753, 17.4164649], [78.3687495, 17.4164913], [78.3687707, 17.4165833]]]}, "properties": {"osm_id": 416916429, "building_type": "yes", "osm_height": null, "osm_levels": null, "name": null}}, {"type": "Feature", "geometry": {"type": "Polygon", "coordinates": [[[78.3764115, 17.4150429], [78.3764648, 17.4150305], [78.3764407, 17.4149364], [78.3763874, 17.4149489], [78.3764115, 17.4150429]]]}, "properties": {"osm_id": 416916435, "building_type": "yes", "osm_height": null, "osm_levels": null, "name": null}}, {"type": "Feature", "geometry": {"type": "Polygon", "coordinates": [[[78.3818629, 17.4186297], [78.3819715, 17.4186265], [78.3819696, 17.418566], [78.381861, 17.4185692], [78.3818629, 17.4186297]]]}, "properties": {"osm_id": 416916438, "building_type": "yes", "osm_height": null, "osm_levels": null, "name": null}}, {"type": "Feature", "geometry": {"type": "Polygon", "coordinates": [[[78.368811, 17.4166844], [78.3689431, 17.4166562], [78.3689256, 17.4165818], [78.3687935, 17.4166099], [78.368811, 17.4166844]]]}, "properties": {"osm_id": 416916448, "building_type": "yes", "osm_height": null, "osm_levels": null, "name": null}}, {"type": "Feature", "geometry": {"type": "Polygon", "coordinates": [[[78.3756622, 17.4158226], [78.3757202, 17.41582], [78.3757178, 17.4157713], [78.3756598, 17.4157738], [78.3756622, 17.4158226]]]}, "properties": {"osm_id": 416916458, "building_type": "yes", "osm_height": null, "osm_levels": null, "name": null}}, {"type": "Feature", "geometry": {"type": "Polygon", "coordinates": [[[78.3821355, 17.4184867], [78.3822036, 17.4184867], [78.3822036, 17.4183504], [78.3821355, 17.4183504], [78.3821355, 17.4184867]]]}, "properties": {"osm_id": 416916469, "building_type": "yes", "osm_height": null, "osm_levels": null, "name": null}}, {"type": "Feature", "geometry": {"type": "Polygon", "coordinates": [[[78.3672865, 17.4298456], [78.3674223, 17.4297255], [78.3673714, 17.429673], [78.3672355, 17.4297931], [78.3672865, 17.4298456]]]}, "properties": {"osm_id": 416916473, "building_type": "yes", "osm_height": null, "osm_levels": null, "name": null}}, {"type": "Feature", "geometry": {"type": "Polygon", "coordinates": [[[78.3823757, 17.4206344], [78.3824961, 17.4206168], [78.3824794, 17.4205128], [78.382359, 17.4205304], [78.3823757, 17.4206344]]]}, "properties": {"osm_id": 416916475, "building_type": "yes", "osm_height": null, "osm_levels": null, "name": null}}, {"type": "Feature", "geometry": {"type": "Polygon", "coordinates": [[[78.3845403, 17.4186572], [78.384667, 17.4186169], [78.3846303, 17.4185117], [78.3845035, 17.418552], [78.3845403, 17.4186572]]]}, "properties": {"osm_id": 416916496, "building_type": "yes", "osm_height": null, "osm_levels": null, "name": null}}, {"type": "Feature", "geometry": {"type": "Polygon", "coordinates": [[[78.3669938, 17.4178111], [78.3671047, 17.4177733], [78.3670814, 17.417711], [78.3669705, 17.4177487], [78.3669938, 17.4178111]]]}, "properties": {"osm_id": 416916502, "building_type": "yes", "osm_height": null, "osm_levels": null, "name": null}}, {"type": "Feature", "geometry": {"type": "Polygon", "coordinates": [[[78.3755287, 17.4181085], [78.375699, 17.4180746], [78.3756786, 17.417981], [78.3755082, 17.4180149], [78.3755287, 17.4181085]]]}, "properties": {"osm_id": 416916518, "building_type": "yes", "osm_height": null, "osm_levels": null, "name": null}}, {"type": "Feature", "geometry": {"type": "Polygon", "coordinates": [[[78.3762519, 17.4150756], [78.3763988, 17.4150356], [78.3763756, 17.4149583], [78.3762288, 17.4149983], [78.3762519, 17.4150756]]]}, "properties": {"osm_id": 416916535, "building_type": "yes", "osm_height": null, "osm_levels": null, "name": null}}, {"type": "Feature", "geometry": {"type": "Polygon", "coordinates": [[[78.3670088, 17.4172114], [78.3671751, 17.4171654], [78.3671477, 17.4170752], [78.3669814, 17.4171213], [78.3670088, 17.4172114]]]}, "properties": {"osm_id": 416916547, "building_type": "yes", "osm_height": null, "osm_levels": null, "name": null}}, {"type": "Feature", "geometry": {"type": "Polygon", "coordinates": [[[78.3735704, 17.4185721], [78.3736344, 17.4185625], [78.373611, 17.4184206], [78.373547, 17.4184302], [78.3735704, 17.4185721]]]}, "properties": {"osm_id": 416916558, "building_type": "yes", "osm_height": null, "osm_levels": null, "name": null}}, {"type": "Feature", "geometry": {"type": "Polygon", "coordinates": [[[78.3760933, 17.4153033], [78.3761567, 17.4153587], [78.3762055, 17.4153078], [78.3761422, 17.4152524], [78.3760933, 17.4153033]]]}, "properties": {"osm_id": 416916563, "building_type": "yes", "osm_height": null, "osm_levels": null, "name": null}}, {"type": "Feature", "geometry": {"type": "Polygon", "coordinates": [[[78.3732986, 17.4187473], [78.373364, 17.4187447], [78.3733581, 17.4186079], [78.3732927, 17.4186104], [78.3732986, 17.4187473]]]}, "properties": {"osm_id": 416916579, "building_type": "yes", "osm_height": null, "osm_levels": null, "name": null}}, {"type": "Feature", "geometry": {"type": "Polygon", "coordinates": [[[78.3839886, 17.41736], [78.3842389, 17.4172642], [78.384088, 17.4170093], [78.3838811, 17.4171179], [78.3839886, 17.41736]]]}, "properties": {"osm_id": 416916586, "building_type": "yes", "osm_height": null, "osm_levels": null, "name": null}}, {"type": "Feature", "geometry": {"type": "Polygon", "coordinates": [[[78.3756652, 17.4159377], [78.3758469, 17.4159153], [78.3758326, 17.41581], [78.3756395, 17.4158382], [78.3756652, 17.4159377]]]}, "properties": {"osm_id": 416916598, "building_type": "yes", "osm_height": null, "osm_levels": null, "name": null}}, {"type": "Feature", "geometry": {"type": "Polygon", "coordinates": [[[78.381613, 17.4186327], [78.3817004, 17.4186326], [78.3817002, 17.4185088], [78.3816128, 17.418509], [78.381613, 17.4186327]]]}, "properties": {"osm_id": 416916608, "building_type": "yes", "osm_height": null, "osm_levels": null, "name": null}}, {"type": "Feature", "geometry": {"type": "Polygon", "coordinates": [[[78.3733877, 17.4187428], [78.3734469, 17.4187411], [78.3734432, 17.4186274], [78.373384, 17.4186292], [78.3733877, 17.4187428]]]}, "properties": {"osm_id": 416916614, "building_type": "yes", "osm_height": null, "osm_levels": null, "name": null}}, {"type": "Feature", "geometry": {"type": "Polygon", "coordinates": [[[78.3838154, 17.4167818], [78.3839002, 17.4167477], [78.383862, 17.4166613], [78.3837772, 17.4166954], [78.3838154, 17.4167818]]]}, "properties": {"osm_id": 416916620, "building_type": "yes", "osm_height": null, "osm_levels": null, "name": null}}, {"type": "Feature", "geometry": {"type": "Polygon", "coordinates": [[[78.3828678, 17.4194285], [78.3829841, 17.4194279], [78.3829837, 17.419342], [78.3828673, 17.4193425], [78.3828678, 17.4194285]]]}, "properties": {"osm_id": 416916637, "building_type": "yes", "osm_height": null, "osm_levels": null, "name": null}}, {"type": "Feature", "geometry": {"type": "Polygon", "coordinates": [[[78.3687305, 17.4164731], [78.3688745, 17.4164429], [78.3688528, 17.4163489], [78.3687089, 17.4163791], [78.3687305, 17.4164731]]]}, "properties": {"osm_id": 416916654, "building_type": "yes", "osm_height": null, "osm_levels": null, "name": null}}, {"type": "Feature", "geometry": {"type": "Polygon", "coordinates": [[[78.3815637, 17.4190443], [78.3816938, 17.4190414], [78.3816911, 17.4189291], [78.381561, 17.418932], [78.3815637, 17.4190443]]]}, "properties": {"osm_id": 416916665, "building_type": "yes", "osm_height": null, "osm_levels": null, "name": null}}, {"type": "Feature", "geometry": {"type": "Polygon", "coordinates": [[[78.37153, 17.4172795], [78.3715795, 17.4173843], [78.3717994, 17.4172897], [78.3717499, 17.4171849], [78.37153, 17.4172795]]]}, "properties": {"osm_id": 416916676, "building_type": "yes", "osm_height": null, "osm_levels": null, "name": null}}, {"type": "Feature", "geometry": {"type": "Polygon", "coordinates": [[[78.3761563, 17.4151056], [78.3762368, 17.4150781], [78.3762112, 17.41501], [78.3761308, 17.4150375], [78.3761563, 17.4151056]]]}, "properties": {"osm_id": 416916682, "building_type": "yes", "osm_height": null, "osm_levels": null, "name": null}}, {"type": "Feature", "geometry": {"type": "Polygon", "coordinates": [[[78.3692468, 17.4346758], [78.3693417, 17.434775], [78.3695402, 17.4346023], [78.3694453, 17.434503], [78.3692468, 17.4346758]]]}, "properties": {"osm_id": 416916687, "building_type": "yes", "osm_height": null, "osm_levels": null, "name": null}}, {"type": "Feature", "geometry": {"type": "Polygon", "coordinates": [[[78.368698, 17.4163248], [78.3688314, 17.4162947], [78.3688102, 17.4162091], [78.3686768, 17.4162392], [78.368698, 17.4163248]]]}, "properties": {"osm_id": 416916688, "building_type": "yes", "osm_height": null, "osm_levels": null, "name": null}}, {"type": "Feature", "geometry": {"type": "Polygon", "coordinates": [[[78.3840102, 17.4199098], [78.3840769, 17.4198698], [78.3840497, 17.4198285], [78.383983, 17.4198685], [78.3840102, 17.4199098]]]}, "properties": {"osm_id": 416916693, "building_type": "yes", "osm_height": null, "osm_levels": null, "name": null}}, {"type": "Feature", "geometry": {"type": "Polygon", "coordinates": [[[78.3736535, 17.4185597], [78.3737109, 17.4185481], [78.3736794, 17.418406], [78.373622, 17.4184176], [78.3736535, 17.4185597]]]}, "properties": {"osm_id": 416916710, "building_type": "yes", "osm_height": null, "osm_levels": null, "name": null}}, {"type": "Feature", "geometry": {"type": "Polygon", "coordinates": [[[78.3761403, 17.4152454], [78.3762076, 17.4153033], [78.3762453, 17.4152634], [78.3761779, 17.4152055], [78.3761403, 17.4152454]]]}, "properties": {"osm_id": 416916715, "building_type": "yes", "osm_height": null, "osm_levels": null, "name": null}}, {"type": "Feature", "geometry": {"type": "Polygon", "coordinates": [[[78.3818467, 17.4189355], [78.3820306, 17.4189315], [78.3820277, 17.4188103], [78.3818437, 17.4188143], [78.3818467, 17.4189355]]]}, "properties": {"osm_id": 416916721, "building_type": "yes", "osm_height": null, "osm_levels": null, "name": null}}, {"type": "Feature", "geometry": {"type": "Polygon", "coordinates": [[[78.3671431, 17.4168348], [78.3673452, 17.416735], [78.3673072, 17.4166648], [78.367105, 17.4167646], [78.3671431, 17.4168348]]]}, "properties": {"osm_id": 416916727, "building_type": "yes", "osm_height": null, "osm_levels": null, "name": null}}, {"type": "Feature", "geometry": {"type": "Polygon", "coordinates": [[[78.3756797, 17.4156831], [78.3757397, 17.4156849], [78.3757425, 17.4155995], [78.3756826, 17.4155977], [78.3756797, 17.4156831]]]}, "properties": {"osm_id": 416916733, "building_type": "yes", "osm_height": null, "osm_levels": null, "name": null}}, {"type": "Feature", "geometry": {"type": "Polygon", "coordinates": [[[78.3832511, 17.4178758], [78.3832935, 17.4178717], [78.3832838, 17.4177799], [78.3832413, 17.417784], [78.3832511, 17.4178758]]]}, "properties": {"osm_id": 416916738, "building_type": "yes", "osm_height": null, "osm_levels": null, "name": null}}, {"type": "Feature", "geometry": {"type": "Polygon", "coordinates": [[[78.3818658, 17.4185632], [78.3819776, 17.4185599], [78.3819761, 17.418512], [78.3818642, 17.4185153], [78.3818658, 17.4185632]]]}, "properties": {"osm_id": 416916749, "building_type": "yes", "osm_height": null, "osm_levels": null, "name": null}}, {"type": "Feature", "geometry": {"type": "Polygon", "coordinates": [[[78.3688148, 17.4169086], [78.3689982, 17.4168958], [78.3689954, 17.4168589], [78.368812, 17.4168717], [78.3688148, 17.4169086]]]}, "properties": {"osm_id": 416916755, "building_type": "yes", "osm_height": null, "osm_levels": null, "name": null}}, {"type": "Feature", "geometry": {"type": "Polygon", "coordinates": [[[78.3755726, 17.4160689], [78.3757269, 17.4160714], [78.375729, 17.4159566], [78.3755747, 17.415954], [78.3755726, 17.4160689]]]}, "properties": {"osm_id": 416916760, "building_type": "yes", "osm_height": null, "osm_levels": null, "name": "Ganesh temple", "amenity": "place_of_worship"}}, {"type": "Feature", "geometry": {"type": "Polygon", "coordinates": [[[78.3831122, 17.4190985], [78.3832117, 17.4190982], [78.3832115, 17.4190409], [78.383112, 17.4190412], [78.3831122, 17.4190985]]]}, "properties": {"osm_id": 416916766, "building_type": "yes", "osm_height": null, "osm_levels": null, "name": null}}, {"type": "Feature", "geometry": {"type": "Polygon", "coordinates": [[[78.3691382, 17.4345363], [78.3692441, 17.4346431], [78.3694426, 17.434464], [78.3693367, 17.4343572], [78.3691382, 17.4345363]]]}, "properties": {"osm_id": 416916771, "building_type": "yes", "osm_height": null, "osm_levels": null, "name": null}}, {"type": "Feature", "geometry": {"type": "Polygon", "coordinates": [[[78.3734639, 17.4187442], [78.3735251, 17.4187385], [78.3735132, 17.4186224], [78.373452, 17.4186281], [78.3734639, 17.4187442]]]}, "properties": {"osm_id": 416916772, "building_type": "yes", "osm_height": null, "osm_levels": null, "name": null}}, {"type": "Feature", "geometry": {"type": "Polygon", "coordinates": [[[78.3762496, 17.415422], [78.3763552, 17.4154809], [78.3764363, 17.4153485], [78.3763307, 17.4152896], [78.3762496, 17.415422]]]}, "properties": {"osm_id": 416916778, "building_type": "yes", "osm_height": null, "osm_levels": null, "name": null}}, {"type": "Feature", "geometry": {"type": "Polygon", "coordinates": [[[78.3817169, 17.4215189], [78.3817793, 17.4215969], [78.3818111, 17.4215737], [78.3817488, 17.4214957], [78.3817169, 17.4215189]]]}, "properties": {"osm_id": 416916783, "building_type": "yes", "osm_height": null, "osm_levels": null, "name": null}}, {"type": "Feature", "geometry": {"type": "Polygon", "coordinates": [[[78.371903, 17.4167237], [78.3720492, 17.4167045], [78.3720231, 17.4165235], [78.3718769, 17.4165427], [78.371903, 17.4167237]]]}, "properties": {"osm_id": 416916789, "building_type": "yes", "osm_height": null, "osm_levels": null, "name": null}}, {"type": "Feature", "geometry": {"type": "Polygon", "coordinates": [[[78.3832956, 17.4192777], [78.3834558, 17.4192802], [78.3834573, 17.4191937], [78.3832971, 17.4191912], [78.3832956, 17.4192777]]]}, "properties": {"osm_id": 416916801, "building_type": "yes", "osm_height": null, "osm_levels": null, "name": null}}, {"type": "Feature", "geometry": {"type": "Polygon", "coordinates": [[[78.3807211, 17.4192465], [78.3808311, 17.4192462], [78.3808309, 17.419186], [78.3807209, 17.4191863], [78.3807211, 17.4192465]]]}, "properties": {"osm_id": 416916812, "building_type": "yes", "osm_height": null, "osm_levels": null, "name": null}}, {"type": "Feature", "geometry": {"type": "Polygon", "coordinates": [[[78.3832224, 17.417651], [78.3832612, 17.4176491], [78.3832575, 17.4175806], [78.3832187, 17.4175825], [78.3832224, 17.417651]]]}, "properties": {"osm_id": 416916834, "building_type": "yes", "osm_height": null, "osm_levels": null, "name": null}}, {"type": "Feature", "geometry": {"type": "Polygon", "coordinates": [[[78.3817638, 17.4206398], [78.3818376, 17.4206347], [78.3818292, 17.4205248], [78.3817555, 17.4205299], [78.3817638, 17.4206398]]]}, "properties": {"osm_id": 416916840, "building_type": "yes", "osm_height": null, "osm_levels": null, "name": null}}, {"type": "Feature", "geometry": {"type": "Polygon", "coordinates": [[[78.3838987, 17.4174813], [78.3839457, 17.4174613], [78.3839021, 17.417368], [78.3838551, 17.417388], [78.3838987, 17.4174813]]]}, "properties": {"osm_id": 416916845, "building_type": "yes", "osm_height": null, "osm_levels": null, "name": null}}, {"type": "Feature", "geometry": {"type": "Polygon", "coordinates": [[[78.3845087, 17.4196369], [78.3845479, 17.4196172], [78.384511, 17.4195506], [78.3844719, 17.4195704], [78.3845087, 17.4196369]]]}, "properties": {"osm_id": 416916856, "building_type": "yes", "osm_height": null, "osm_levels": null, "name": null}}, {"type": "Feature", "geometry": {"type": "Polygon", "coordinates": [[[78.3833013, 17.4189824], [78.3833586, 17.4189815], [78.3833576, 17.41892], [78.3833002, 17.4189209], [78.3833013, 17.4189824]]]}, "properties": {"osm_id": 416916861, "building_type": "yes", "osm_height": null, "osm_levels": null, "name": null}}, {"type": "Feature", "geometry": {"type": "Polygon", "coordinates": [[[78.3671349, 17.4299825], [78.3672773, 17.4298625], [78.3672263, 17.4298075], [78.3670839, 17.4299275], [78.3671349, 17.4299825]]]}, "properties": {"osm_id": 416916869, "building_type": "yes", "osm_height": null, "osm_levels": null, "name": null}}, {"type": "Feature", "geometry": {"type": "Polygon", "coordinates": [[[78.3674538, 17.4175043], [78.367677, 17.4174326], [78.3676539, 17.417367], [78.3674306, 17.4174387], [78.3674538, 17.4175043]]]}, "properties": {"osm_id": 416916874, "building_type": "yes", "osm_height": null, "osm_levels": null, "name": null}}, {"type": "Feature", "geometry": {"type": "Polygon", "coordinates": [[[78.3754741, 17.4162976], [78.3755545, 17.4163018], [78.3755605, 17.4161959], [78.3754801, 17.4161917], [78.3754741, 17.4162976]]]}, "properties": {"osm_id": 416916885, "building_type": "yes", "osm_height": null, "osm_levels": null, "name": null}}, {"type": "Feature", "geometry": {"type": "Polygon", "coordinates": [[[78.3815717, 17.4191678], [78.3817088, 17.4191648], [78.3817065, 17.4190686], [78.3815694, 17.4190716], [78.3815717, 17.4191678]]]}, "properties": {"osm_id": 416916897, "building_type": "yes", "osm_height": null, "osm_levels": null, "name": null}}, {"type": "Feature", "geometry": {"type": "Polygon", "coordinates": [[[78.3760943, 17.4151731], [78.3761574, 17.4151184], [78.3761197, 17.415079], [78.3760567, 17.4151337], [78.3760943, 17.4151731]]]}, "properties": {"osm_id": 416916903, "building_type": "yes", "osm_height": null, "osm_levels": null, "name": null}}, {"type": "Feature", "geometry": {"type": "Polygon", "coordinates": [[[78.3803895, 17.4191591], [78.3804933, 17.419158], [78.3804913, 17.4189936], [78.3803875, 17.4189947], [78.3803895, 17.4191591]]]}, "properties": {"osm_id": 416916907, "building_type": "yes", "osm_height": null, "osm_levels": null, "name": null}}, {"type": "Feature", "geometry": {"type": "Polygon", "coordinates": [[[78.3736029, 17.4187199], [78.3736643, 17.4187142], [78.3736526, 17.4185997], [78.3735912, 17.4186054], [78.3736029, 17.4187199]]]}, "properties": {"osm_id": 416916914, "building_type": "yes", "osm_height": null, "osm_levels": null, "name": null}}, {"type": "Feature", "geometry": {"type": "Polygon", "coordinates": [[[78.3754964, 17.4161842], [78.3755721, 17.4161829], [78.3755708, 17.4161089], [78.375495, 17.4161101], [78.3754964, 17.4161842]]]}, "properties": {"osm_id": 416916949, "building_type": "yes", "osm_height": null, "osm_levels": null, "name": null}}, {"type": "Feature", "geometry": {"type": "Polygon", "coordinates": [[[78.3759914, 17.4153405], [78.3760625, 17.4153846], [78.3760918, 17.4153417], [78.3760207, 17.4152975], [78.3759914, 17.4153405]]]}, "properties": {"osm_id": 416916955, "building_type": "yes", "osm_height": null, "osm_levels": null, "name": null}}, {"type": "Feature", "geometry": {"type": "Polygon", "coordinates": [[[78.3683959, 17.4162704], [78.3685327, 17.4162397], [78.3685119, 17.4161553], [78.3683751, 17.416186], [78.3683959, 17.4162704]]]}, "properties": {"osm_id": 416916964, "building_type": "yes", "osm_height": null, "osm_levels": null, "name": null}}, {"type": "Feature", "geometry": {"type": "Polygon", "coordinates": [[[78.3841872, 17.4181892], [78.3843103, 17.4181348], [78.3842605, 17.4180322], [78.3841374, 17.4180866], [78.3841872, 17.4181892]]]}, "properties": {"osm_id": 416916969, "building_type": "yes", "osm_height": null, "osm_levels": null, "name": null}}, {"type": "Feature", "geometry": {"type": "Polygon", "coordinates": [[[78.382508, 17.4186431], [78.3826113, 17.4186431], [78.3826113, 17.4185101], [78.382508, 17.4185101], [78.382508, 17.4186431]]]}, "properties": {"osm_id": 416916974, "building_type": "yes", "osm_height": null, "osm_levels": null, "name": null}}, {"type": "Feature", "geometry": {"type": "Polygon", "coordinates": [[[78.3684646, 17.4165292], [78.3685991, 17.416499], [78.3685786, 17.416416], [78.3684441, 17.4164462], [78.3684646, 17.4165292]]]}, "properties": {"osm_id": 416916978, "building_type": "yes", "osm_height": null, "osm_levels": null, "name": null}}, {"type": "Feature", "geometry": {"type": "Polygon", "coordinates": [[[78.3756782, 17.4155359], [78.3757584, 17.4155733], [78.3758476, 17.4153993], [78.3757674, 17.4153619], [78.3756782, 17.4155359]]]}, "properties": {"osm_id": 416916988, "building_type": "yes", "osm_height": null, "osm_levels": null, "name": null}}, {"type": "Feature", "geometry": {"type": "Polygon", "coordinates": [[[78.3762509, 17.415653], [78.3763515, 17.4154994], [78.3762658, 17.4154483], [78.3761652, 17.4156019], [78.3762509, 17.415653]]]}, "properties": {"osm_id": 416917001, "building_type": "yes", "osm_height": null, "osm_levels": null, "name": null}}, {"type": "Feature", "geometry": {"type": "Polygon", "coordinates": [[[78.3837773, 17.4173744], [78.3839202, 17.4173136], [78.38383, 17.4171206], [78.3836871, 17.4171814], [78.3837773, 17.4173744]]]}, "properties": {"osm_id": 416917005, "building_type": "yes", "osm_height": null, "osm_levels": null, "name": null}}, {"type": "Feature", "geometry": {"type": "Polygon", "coordinates": [[[78.3815489, 17.4217191], [78.3815851, 17.4217697], [78.3816226, 17.4217453], [78.3815864, 17.4216947], [78.3815489, 17.4217191]]]}, "properties": {"osm_id": 416917010, "building_type": "yes", "osm_height": null, "osm_levels": null, "name": null}}, {"type": "Feature", "geometry": {"type": "Polygon", "coordinates": [[[78.3802145, 17.4204533], [78.3802675, 17.420374], [78.3802069, 17.4203371], [78.3801539, 17.4204164], [78.3802145, 17.4204533]]]}, "properties": {"osm_id": 416917019, "building_type": "yes", "osm_height": null, "osm_levels": null, "name": null}}, {"type": "Feature", "geometry": {"type": "Polygon", "coordinates": [[[78.3819784, 17.420723], [78.3820893, 17.4207073], [78.3820591, 17.4205134], [78.3819482, 17.4205291], [78.3819784, 17.420723]]]}, "properties": {"osm_id": 416917023, "building_type": "yes", "osm_height": null, "osm_levels": null, "name": null}}, {"type": "Feature", "geometry": {"type": "Polygon", "coordinates": [[[78.374743, 17.4188528], [78.3748402, 17.4188374], [78.374781, 17.4185615], [78.3746842, 17.4185765], [78.374743, 17.4188528]]]}, "properties": {"osm_id": 416917041, "building_type": "yes", "osm_height": null, "osm_levels": null, "name": null}}, {"type": "Feature", "geometry": {"type": "Polygon", "coordinates": [[[78.3819208, 17.4205035], [78.3820793, 17.420492], [78.3820721, 17.420401], [78.3819135, 17.4204125], [78.3819208, 17.4205035]]]}, "properties": {"osm_id": 416917046, "building_type": "yes", "osm_height": null, "osm_levels": null, "name": null}}, {"type": "Feature", "geometry": {"type": "Polygon", "coordinates": [[[78.3823804, 17.4209565], [78.3824696, 17.4208967], [78.3824277, 17.4208398], [78.3823124, 17.4208763], [78.3823804, 17.4209565]]]}, "properties": {"osm_id": 416917051, "building_type": "yes", "osm_height": null, "osm_levels": null, "name": null}}, {"type": "Feature", "geometry": {"type": "Polygon", "coordinates": [[[78.3723383, 17.4166186], [78.3723709, 17.4164711], [78.3722338, 17.4164457], [78.3722076, 17.4165918], [78.3723383, 17.4166186]]]}, "properties": {"osm_id": 416917056, "building_type": "apartments", "osm_height": null, "osm_levels": null, "name": null}}, {"type": "Feature", "geometry": {"type": "Polygon", "coordinates": [[[78.3734426, 17.4186105], [78.3735083, 17.4186018], [78.3734845, 17.4184387], [78.373463, 17.4184416], [78.3734593, 17.4184165], [78.3734151, 17.4184224], [78.3734426, 17.4186105]]]}, "properties": {"osm_id": 416917061, "building_type": "yes", "osm_height": null, "osm_levels": null, "name": null}}, {"type": "Feature", "geometry": {"type": "Polygon", "coordinates": [[[78.3831182, 17.4187745], [78.3831191, 17.4188582], [78.38316, 17.4188578], [78.3831604, 17.4188981], [78.3832463, 17.4188972], [78.3832449, 17.4187732], [78.3831182, 17.4187745]]]}, "properties": {"osm_id": 416917066, "building_type": "yes", "osm_height": null, "osm_levels": null, "name": null}}, {"type": "Feature", "geometry": {"type": "Polygon", "coordinates": [[[78.3815939, 17.4193181], [78.3817374, 17.4193194], [78.3817381, 17.4192479], [78.3816646, 17.4192473], [78.3816649, 17.4192141], [78.3815949, 17.4192134], [78.3815939, 17.4193181]]]}, "properties": {"osm_id": 416917070, "building_type": "yes", "osm_height": null, "osm_levels": null, "name": null}}, {"type": "Feature", "geometry": {"type": "Polygon", "coordinates": [[[78.3775459, 17.4190423], [78.3777639, 17.419153], [78.3778354, 17.4190248], [78.3776775, 17.4189446], [78.3776488, 17.418996], [78.3775888, 17.4189655], [78.3775459, 17.4190423]]]}, "properties": {"osm_id": 416917074, "building_type": "yes", "osm_height": null, "osm_levels": null, "name": null}}, {"type": "Feature", "geometry": {"type": "Polygon", "coordinates": [[[78.3833011, 17.4189955], [78.3833023, 17.4190711], [78.3833516, 17.4190703], [78.3833517, 17.4190783], [78.3834507, 17.4190768], [78.3834493, 17.4189933], [78.3833011, 17.4189955]]]}, "properties": {"osm_id": 416917079, "building_type": "yes", "osm_height": null, "osm_levels": null, "name": null}}, {"type": "Feature", "geometry": {"type": "Polygon", "coordinates": [[[78.3810037, 17.4189327], [78.3811244, 17.4189339], [78.3811202, 17.4188178], [78.3809837, 17.4188193], [78.3809845, 17.4188727], [78.3810029, 17.4188725], [78.3810037, 17.4189327]]]}, "properties": {"osm_id": 416917082, "building_type": "yes", "osm_height": null, "osm_levels": null, "name": null}}, {"type": "Feature", "geometry": {"type": "Polygon", "coordinates": [[[78.367031, 17.4172952], [78.3671277, 17.4172701], [78.3671899, 17.4174879], [78.3672702, 17.417467], [78.3671855, 17.4171703], [78.3670084, 17.4172164], [78.367031, 17.4172952]]]}, "properties": {"osm_id": 416917089, "building_type": "yes", "osm_height": null, "osm_levels": null, "name": null}}, {"type": "Feature", "geometry": {"type": "Polygon", "coordinates": [[[78.3823539, 17.4209501], [78.3822849, 17.4208647], [78.3822185, 17.4209136], [78.3822497, 17.4209521], [78.3822404, 17.4209589], [78.3822783, 17.4210058], [78.3823539, 17.4209501]]]}, "properties": {"osm_id": 416917094, "building_type": "yes", "osm_height": null, "osm_levels": null, "name": null}}, {"type": "Feature", "geometry": {"type": "Polygon", "coordinates": [[[78.3837604, 17.4188938], [78.3838831, 17.4188944], [78.3838837, 17.4187867], [78.3837434, 17.418786], [78.3837432, 17.418824], [78.3837608, 17.4188241], [78.3837604, 17.4188938]]]}, "properties": {"osm_id": 416917099, "building_type": "yes", "osm_height": null, "osm_levels": null, "name": null}}, {"type": "Feature", "geometry": {"type": "Polygon", "coordinates": [[[78.373678, 17.4187318], [78.373736, 17.4187286], [78.3737264, 17.4185667], [78.3736896, 17.4185687], [78.373691, 17.4185918], [78.3736697, 17.418593], [78.373678, 17.4187318]]]}, "properties": {"osm_id": 416917110, "building_type": "yes", "osm_height": null, "osm_levels": null, "name": null}}, {"type": "Feature", "geometry": {"type": "Polygon", "coordinates": [[[78.3727558, 17.4172172], [78.3729327, 17.4172624], [78.3729195, 17.4173094], [78.3729672, 17.4173216], [78.3729986, 17.4172096], [78.3727741, 17.4171523], [78.3727558, 17.4172172]]]}, "properties": {"osm_id": 416917120, "building_type": "yes", "osm_height": null, "osm_levels": null, "name": null}}, {"type": "Feature", "geometry": {"type": "Polygon", "coordinates": [[[78.37337, 17.4186166], [78.3734294, 17.4186087], [78.3734047, 17.4184397], [78.3733777, 17.4184433], [78.3733795, 17.4184555], [78.3733471, 17.4184599], [78.37337, 17.4186166]]]}, "properties": {"osm_id": 416917124, "building_type": "yes", "osm_height": null, "osm_levels": null, "name": null}}, {"type": "Feature", "geometry": {"type": "Polygon", "coordinates": [[[78.382863, 17.4192129], [78.3828637, 17.4192503], [78.3828751, 17.4192502], [78.3828761, 17.4193032], [78.3829206, 17.4193024], [78.382921, 17.4193278], [78.3830363, 17.419326], [78.3830342, 17.4192101], [78.382863, 17.4192129]]]}, "properties": {"osm_id": 416917143, "building_type": "yes", "osm_height": null, "osm_levels": null, "name": null}}, {"type": "Feature", "geometry": {"type": "Polygon", "coordinates": [[[78.3835506, 17.417746], [78.3836143, 17.4177376], [78.383611, 17.4177152], [78.3836632, 17.4177083], [78.3836378, 17.4175327], [78.3835031, 17.4175505], [78.3835134, 17.4176214], [78.3835322, 17.417619], [78.3835506, 17.417746]]]}, "properties": {"osm_id": 416917152, "building_type": "yes", "osm_height": null, "osm_levels": null, "name": null}}, {"type": "Feature", "geometry": {"type": "Polygon", "coordinates": [[[78.368991, 17.4166143], [78.3691338, 17.4165718], [78.3691117, 17.4165042], [78.3690482, 17.4165232], [78.3690549, 17.4165437], [78.3690362, 17.4165492], [78.3690295, 17.4165287], [78.3689689, 17.4165468], [78.368991, 17.4166143]]]}, "properties": {"osm_id": 416917158, "building_type": "yes", "osm_height": null, "osm_levels": null, "name": null}}, {"type": "Feature", "geometry": {"type": "Polygon", "coordinates": [[[78.3805879, 17.418914], [78.3806514, 17.4189148], [78.3806511, 17.4189322], [78.3806918, 17.4189327], [78.3806936, 17.4187967], [78.3806463, 17.4187961], [78.3806467, 17.418769], [78.3805899, 17.4187683], [78.3805879, 17.418914]]]}, "properties": {"osm_id": 416917163, "building_type": "yes", "osm_height": null, "osm_levels": null, "name": null}}, {"type": "Feature", "geometry": {"type": "Polygon", "coordinates": [[[78.3670023, 17.4160958], [78.367109, 17.4160678], [78.3670426, 17.4158369], [78.3669359, 17.4158648], [78.3670023, 17.4160958]]]}, "properties": {"osm_id": 416920947, "building_type": "yes", "osm_height": null, "osm_levels": null, "name": null}}, {"type": "Feature", "geometry": {"type": "Polygon", "coordinates": [[[78.3670249, 17.4137921], [78.3671882, 17.4137792], [78.3671846, 17.4137374], [78.3670213, 17.4137503], [78.3670249, 17.4137921]]]}, "properties": {"osm_id": 416920954, "building_type": "yes", "osm_height": null, "osm_levels": null, "name": null}}, {"type": "Feature", "geometry": {"type": "Polygon", "coordinates": [[[78.367093, 17.4142705], [78.3672289, 17.4142598], [78.3672172, 17.4141258], [78.3670813, 17.4141366], [78.367093, 17.4142705]]]}, "properties": {"osm_id": 416921010, "building_type": "yes", "osm_height": null, "osm_levels": null, "name": null}}, {"type": "Feature", "geometry": {"type": "Polygon", "coordinates": [[[78.3670746, 17.4138868], [78.3671827, 17.4138782], [78.3671795, 17.413841], [78.3670713, 17.4138496], [78.3670746, 17.4138868]]]}, "properties": {"osm_id": 416921021, "building_type": "yes", "osm_height": null, "osm_levels": null, "name": null}}, {"type": "Feature", "geometry": {"type": "Polygon", "coordinates": [[[78.3670326, 17.413851], [78.3670942, 17.4138461], [78.367091, 17.4138091], [78.3670294, 17.4138139], [78.3670326, 17.413851]]]}, "properties": {"osm_id": 416921044, "building_type": "yes", "osm_height": null, "osm_levels": null, "name": null}}, {"type": "Feature", "geometry": {"type": "Polygon", "coordinates": [[[78.3673258, 17.4147675], [78.3676115, 17.4147163], [78.3675898, 17.4146058], [78.3675745, 17.4146086], [78.3675544, 17.4145066], [78.3675416, 17.4145089], [78.3675373, 17.4144872], [78.3674562, 17.4145017], [78.3674432, 17.4144356], [78.3673747, 17.4144479], [78.3673762, 17.4144556], [78.3673414, 17.4144618], [78.3673441, 17.4144759], [78.3672922, 17.4144852], [78.3672309, 17.4144961], [78.3672463, 17.4145744], [78.3672636, 17.4145713], [78.3672933, 17.414722], [78.367316, 17.4147179], [78.3673258, 17.4147675]]]}, "properties": {"osm_id": 416934423, "building_type": "yes", "osm_height": null, "osm_levels": null, "name": null}}, {"type": "Feature", "geometry": {"type": "Polygon", "coordinates": [[[78.3695698, 17.4131906], [78.3697035, 17.4131806], [78.3696971, 17.4131026], [78.3695634, 17.4131126], [78.3695698, 17.4131906]]]}, "properties": {"osm_id": 416934434, "building_type": "yes", "osm_height": null, "osm_levels": null, "name": null}}, {"type": "Feature", "geometry": {"type": "Polygon", "coordinates": [[[78.3672481, 17.4158485], [78.3674425, 17.415812], [78.3674339, 17.4157702], [78.3672395, 17.4158067], [78.3672481, 17.4158485]]]}, "properties": {"osm_id": 416934478, "building_type": "yes", "osm_height": null, "osm_levels": null, "name": null}}, {"type": "Feature", "geometry": {"type": "Polygon", "coordinates": [[[78.3672953, 17.4160094], [78.3674469, 17.4159803], [78.3674311, 17.4159053], [78.3672795, 17.4159345], [78.3672953, 17.4160094]]]}, "properties": {"osm_id": 416934504, "building_type": "yes", "osm_height": null, "osm_levels": null, "name": null}}, {"type": "Feature", "geometry": {"type": "Polygon", "coordinates": [[[78.3672769, 17.4159294], [78.3674603, 17.4158949], [78.3674455, 17.4158233], [78.3672621, 17.4158578], [78.3672769, 17.4159294]]]}, "properties": {"osm_id": 416934550, "building_type": "yes", "osm_height": null, "osm_levels": null, "name": null}}, {"type": "Feature", "geometry": {"type": "Polygon", "coordinates": [[[78.3726109, 17.4160281], [78.372773, 17.4160669], [78.3728235, 17.4158845], [78.3726551, 17.4158474], [78.3726109, 17.4160281]]]}, "properties": {"osm_id": 416934567, "building_type": "apartments", "osm_height": null, "osm_levels": null, "name": null}}, {"type": "Feature", "geometry": {"type": "Polygon", "coordinates": [[[78.3674707, 17.4159745], [78.3675706, 17.415948], [78.3675502, 17.4158779], [78.3674502, 17.4159045], [78.3674707, 17.4159745]]]}, "properties": {"osm_id": 416934580, "building_type": "yes", "osm_height": null, "osm_levels": null, "name": null}}, {"type": "Feature", "geometry": {"type": "Polygon", "coordinates": [[[78.3679052, 17.416169], [78.3680339, 17.4161434], [78.3680129, 17.4160471], [78.3678842, 17.4160727], [78.3679052, 17.416169]]]}, "properties": {"osm_id": 416934685, "building_type": "yes", "osm_height": null, "osm_levels": null, "name": null}}, {"type": "Feature", "geometry": {"type": "Polygon", "coordinates": [[[78.3678737, 17.4160199], [78.3680118, 17.4159886], [78.3679903, 17.4159024], [78.3678522, 17.4159337], [78.3678737, 17.4160199]]]}, "properties": {"osm_id": 416934767, "building_type": "yes", "osm_height": null, "osm_levels": null, "name": null}}, {"type": "Feature", "geometry": {"type": "Polygon", "coordinates": [[[78.3683618, 17.4160855], [78.3684992, 17.4160568], [78.3684779, 17.415964], [78.3683405, 17.4159927], [78.3683618, 17.4160855]]]}, "properties": {"osm_id": 416934792, "building_type": "yes", "osm_height": null, "osm_levels": null, "name": null}}, {"type": "Feature", "geometry": {"type": "Polygon", "coordinates": [[[78.3723353, 17.4156605], [78.3723754, 17.4156697], [78.3723726, 17.4156807], [78.3725248, 17.4157157], [78.3725747, 17.4155178], [78.3723825, 17.4154736], [78.3723353, 17.4156605]]]}, "properties": {"osm_id": 416934818, "building_type": "apartments", "osm_height": null, "osm_levels": null, "name": null}}, {"type": "Feature", "geometry": {"type": "Polygon", "coordinates": [[[78.3764628, 17.4141434], [78.376515, 17.414203], [78.3766936, 17.4140609], [78.376739, 17.4141128], [78.3769057, 17.4139802], [78.3768081, 17.4138685], [78.3764628, 17.4141434]]]}, "properties": {"osm_id": 416934827, "building_type": "yes", "osm_height": null, "osm_levels": null, "name": null}}, {"type": "Feature", "geometry": {"type": "Polygon", "coordinates": [[[78.3681801, 17.4161127], [78.368333, 17.4160807], [78.3683096, 17.4159789], [78.368253, 17.4159908], [78.3682562, 17.4160047], [78.3682149, 17.4160133], [78.3682117, 17.4159994], [78.3681567, 17.4160109], [78.3681801, 17.4161127]]]}, "properties": {"osm_id": 416934862, "building_type": "yes", "osm_height": null, "osm_levels": null, "name": null}}, {"type": "Feature", "geometry": {"type": "Polygon", "coordinates": [[[78.3828003, 17.4148873], [78.3828557, 17.4148897], [78.3828565, 17.4148715], [78.3828773, 17.4148724], [78.3828765, 17.4148906], [78.3829399, 17.4148934], [78.382945, 17.4147872], [78.3828884, 17.4147847], [78.3828892, 17.4147678], [78.3829458, 17.4147702], [78.3829513, 17.4146547], [78.3828117, 17.4146487], [78.3828065, 17.4147588], [78.3828649, 17.4147613], [78.382864, 17.4147801], [78.3828056, 17.4147776], [78.3828003, 17.4148873]]]}, "properties": {"osm_id": 416950367, "building_type": "yes", "osm_height": null, "osm_levels": null, "name": null}}, {"type": "Feature", "geometry": {"type": "Polygon", "coordinates": [[[78.3828261, 17.4145856], [78.3828868, 17.4145892], [78.3828877, 17.4145755], [78.3829074, 17.4145767], [78.3829065, 17.4145904], [78.3829687, 17.4145941], [78.3829758, 17.4144867], [78.3829188, 17.4144833], [78.3829198, 17.4144682], [78.3829768, 17.4144716], [78.382984, 17.4143617], [78.3829287, 17.4143583], [78.3829297, 17.4143446], [78.3829849, 17.4143479], [78.3829919, 17.4142427], [78.3829365, 17.4142394], [78.3829342, 17.4142737], [78.3829217, 17.4142729], [78.382924, 17.4142387], [78.3828492, 17.4142342], [78.3828423, 17.4143387], [78.3829033, 17.4143423], [78.3829023, 17.414357], [78.3828414, 17.4143533], [78.3828343, 17.4144613], [78.3828946, 17.4144649], [78.3828935, 17.4144814], [78.3828332, 17.4144778], [78.3828261, 17.4145856]]]}, "properties": {"osm_id": 416950375, "building_type": "yes", "osm_height": null, "osm_levels": null, "name": null}}, {"type": "Feature", "geometry": {"type": "Polygon", "coordinates": [[[78.3826101, 17.4148604], [78.3827479, 17.414869], [78.3827638, 17.4146363], [78.382626, 17.4146277], [78.3826101, 17.4148604]]]}, "properties": {"osm_id": 416950403, "building_type": "yes", "osm_height": null, "osm_levels": null, "name": null}}, {"type": "Feature", "geometry": {"type": "Polygon", "coordinates": [[[78.3842606, 17.4143602], [78.384394, 17.4143676], [78.3844009, 17.4142529], [78.3843537, 17.4142503], [78.3843546, 17.4142358], [78.3844018, 17.4142384], [78.3844085, 17.4141274], [78.3842752, 17.4141201], [78.3842685, 17.414231], [78.3843229, 17.414234], [78.3843221, 17.4142472], [78.3842677, 17.4142442], [78.3842606, 17.4143602]]]}, "properties": {"osm_id": 416967499, "building_type": "yes", "osm_height": null, "osm_levels": null, "name": null}}, {"type": "Feature", "geometry": {"type": "Polygon", "coordinates": [[[78.3821259, 17.4105378], [78.3822522, 17.4105334], [78.3822411, 17.4102403], [78.3821149, 17.4102447], [78.3821181, 17.4103292], [78.3821857, 17.4103268], [78.3821861, 17.410338], [78.3821185, 17.4103403], [78.3821219, 17.4104319], [78.3822113, 17.4104288], [78.3822117, 17.4104403], [78.3821224, 17.4104434], [78.3821259, 17.4105378]]]}, "properties": {"osm_id": 416967505, "building_type": "yes", "osm_height": null, "osm_levels": null, "name": null}}, {"type": "Feature", "geometry": {"type": "Polygon", "coordinates": [[[78.3840529, 17.4140447], [78.3841836, 17.4140562], [78.3841943, 17.413946], [78.3841413, 17.4139413], [78.3841426, 17.4139285], [78.3841956, 17.4139332], [78.3842063, 17.4138226], [78.384158, 17.4138183], [78.3841589, 17.4138081], [78.3842073, 17.4138124], [78.3842172, 17.4137107], [78.3840865, 17.4136992], [78.3840529, 17.4140447]]]}, "properties": {"osm_id": 416967513, "building_type": "yes", "osm_height": null, "osm_levels": null, "name": null}}, {"type": "Feature", "geometry": {"type": "Polygon", "coordinates": [[[78.3826339, 17.414573], [78.3827787, 17.4145811], [78.3827852, 17.4144749], [78.3827238, 17.4144715], [78.3827245, 17.4144596], [78.382786, 17.4144631], [78.3827928, 17.4143523], [78.3827593, 17.4143505], [78.3827601, 17.4143375], [78.3827936, 17.4143394], [78.3828002, 17.4142326], [78.3826554, 17.4142245], [78.3826488, 17.4143314], [78.3827059, 17.4143346], [78.382705, 17.4143483], [78.3826479, 17.4143451], [78.3826412, 17.4144543], [78.3826922, 17.4144572], [78.3826915, 17.4144688], [78.3826405, 17.414466], [78.3826339, 17.414573]]]}, "properties": {"osm_id": 416967519, "building_type": "yes", "osm_height": null, "osm_levels": null, "name": null}}, {"type": "Feature", "geometry": {"type": "Polygon", "coordinates": [[[78.3824168, 17.4145556], [78.3825575, 17.4145635], [78.3825642, 17.4144549], [78.3825061, 17.4144516], [78.3825071, 17.4144357], [78.3825652, 17.4144389], [78.3825715, 17.4143355], [78.3825108, 17.4143321], [78.382512, 17.4143126], [78.3825727, 17.414316], [78.3825791, 17.4142126], [78.3824385, 17.4142047], [78.3824323, 17.4143042], [78.3824832, 17.414307], [78.3824824, 17.4143214], [78.3824314, 17.4143185], [78.3824246, 17.4144298], [78.3824861, 17.4144333], [78.3824852, 17.4144474], [78.3824237, 17.4144439], [78.3824168, 17.4145556]]]}, "properties": {"osm_id": 416967527, "building_type": "yes", "osm_height": null, "osm_levels": null, "name": null}}, {"type": "Feature", "geometry": {"type": "Polygon", "coordinates": [[[78.3834609, 17.4140337], [78.3835971, 17.4140457], [78.3836076, 17.4139371], [78.3835624, 17.4139331], [78.3835639, 17.4139178], [78.3836091, 17.4139218], [78.383619, 17.4138191], [78.3835846, 17.4138161], [78.3835863, 17.4137988], [78.3836207, 17.4138019], [78.3836312, 17.4136933], [78.383495, 17.4136813], [78.3834845, 17.4137901], [78.3835416, 17.4137952], [78.3835406, 17.4138062], [78.3834834, 17.4138012], [78.3834727, 17.4139115], [78.3835243, 17.4139161], [78.3835231, 17.4139282], [78.3834715, 17.4139237], [78.3834609, 17.4140337]]]}, "properties": {"osm_id": 416967535, "building_type": "yes", "osm_height": null, "osm_levels": null, "name": null}}, {"type": "Feature", "geometry": {"type": "Polygon", "coordinates": [[[78.3840154, 17.414524], [78.3841475, 17.4145367], [78.384159, 17.4144274], [78.3841057, 17.4144223], [78.3841076, 17.4144048], [78.3841609, 17.4144099], [78.3841721, 17.4143035], [78.3841237, 17.4142989], [78.3841253, 17.414283], [78.3841738, 17.4142877], [78.3841845, 17.4141858], [78.3840524, 17.4141731], [78.3840416, 17.4142755], [78.3840912, 17.4142802], [78.3840898, 17.4142933], [78.3840403, 17.4142886], [78.3840285, 17.4143995], [78.3840821, 17.4144046], [78.3840805, 17.4144193], [78.384027, 17.4144141], [78.3840154, 17.414524]]]}, "properties": {"osm_id": 416967544, "building_type": "yes", "osm_height": null, "osm_levels": null, "name": null}}, {"type": "Feature", "geometry": {"type": "Polygon", "coordinates": [[[78.3814316, 17.4108014], [78.3815057, 17.4107972], [78.3815064, 17.4108084], [78.3814297, 17.4108128], [78.3814388, 17.4109578], [78.3815138, 17.4109535], [78.3815143, 17.4109617], [78.3814338, 17.4109663], [78.3814427, 17.4111078], [78.3816258, 17.4110973], [78.381617, 17.4109565], [78.3815418, 17.4109608], [78.3815412, 17.4109519], [78.381611, 17.4109479], [78.381602, 17.4108046], [78.3815522, 17.4108075], [78.3815513, 17.4107945], [78.3816106, 17.4107912], [78.3816021, 17.4106562], [78.3814231, 17.4106665], [78.3814316, 17.4108014]]]}, "properties": {"osm_id": 416967551, "building_type": "yes", "osm_height": null, "osm_levels": null, "name": null}}, {"type": "Feature", "geometry": {"type": "Polygon", "coordinates": [[[78.3836615, 17.4140435], [78.3837984, 17.4140556], [78.3838088, 17.413948], [78.3837507, 17.4139429], [78.3837522, 17.4139271], [78.3838104, 17.4139323], [78.3838205, 17.4138271], [78.3837709, 17.4138227], [78.3837726, 17.4138057], [78.3838222, 17.4138101], [78.3838318, 17.4137108], [78.3836948, 17.4136988], [78.383685, 17.4138007], [78.3837437, 17.4138059], [78.3837423, 17.4138198], [78.3836836, 17.4138146], [78.3836732, 17.4139227], [78.3837241, 17.4139272], [78.3837229, 17.4139394], [78.383672, 17.4139349], [78.3836615, 17.4140435]]]}, "properties": {"osm_id": 416967560, "building_type": "yes", "osm_height": null, "osm_levels": null, "name": null}}, {"type": "Feature", "geometry": {"type": "Polygon", "coordinates": [[[78.3836249, 17.4144974], [78.3837595, 17.4145089], [78.3837698, 17.414399], [78.3837186, 17.4143947], [78.38372, 17.4143801], [78.3837711, 17.4143845], [78.3837809, 17.4142802], [78.3837263, 17.4142755], [78.3837277, 17.4142605], [78.3837823, 17.4142652], [78.3837924, 17.4141568], [78.3836577, 17.4141454], [78.3836477, 17.4142523], [78.3836949, 17.4142563], [78.3836939, 17.4142669], [78.3836468, 17.4142629], [78.3836362, 17.4143761], [78.3836807, 17.4143799], [78.3836798, 17.414389], [78.3836353, 17.4143852], [78.3836249, 17.4144974]]]}, "properties": {"osm_id": 416967567, "building_type": "yes", "osm_height": null, "osm_levels": null, "name": null}}, {"type": "Feature", "geometry": {"type": "Polygon", "coordinates": [[[78.3832483, 17.414457], [78.3833842, 17.4144651], [78.3833912, 17.4143573], [78.3833411, 17.4143543], [78.3833422, 17.4143376], [78.3833923, 17.4143406], [78.3833995, 17.4142313], [78.3833537, 17.4142286], [78.3833548, 17.4142127], [78.3834005, 17.4142154], [78.383407, 17.4141158], [78.3832711, 17.4141077], [78.3832645, 17.4142082], [78.3833232, 17.4142117], [78.3833224, 17.4142247], [78.3832637, 17.4142212], [78.3832565, 17.4143313], [78.383314, 17.4143347], [78.383313, 17.41435], [78.3832555, 17.4143466], [78.3832483, 17.414457]]]}, "properties": {"osm_id": 416967575, "building_type": "yes", "osm_height": null, "osm_levels": null, "name": null}}, {"type": "Feature", "geometry": {"type": "Polygon", "coordinates": [[[78.3832742, 17.4140189], [78.3833329, 17.4140241], [78.3833344, 17.4140082], [78.3833525, 17.4140098], [78.383351, 17.4140257], [78.3834099, 17.4140309], [78.3834203, 17.4139233], [78.3833703, 17.4139189], [78.3833719, 17.4139023], [78.3834219, 17.4139067], [78.3834324, 17.4137976], [78.3833868, 17.4137936], [78.3833883, 17.4137777], [78.383434, 17.4137817], [78.3834436, 17.4136823], [78.383308, 17.4136704], [78.3832983, 17.4137706], [78.3833568, 17.4137758], [78.3833556, 17.4137888], [78.383297, 17.4137836], [78.3832864, 17.4138935], [78.3833437, 17.4138985], [78.3833423, 17.4139138], [78.3832849, 17.4139088], [78.3832742, 17.4140189]]]}, "properties": {"osm_id": 416967584, "building_type": "yes", "osm_height": null, "osm_levels": null, "name": null}}, {"type": "Feature", "geometry": {"type": "Polygon", "coordinates": [[[78.3832164, 17.4148817], [78.3832719, 17.4148853], [78.3832733, 17.4148668], [78.3832907, 17.414868], [78.3832894, 17.4148865], [78.3833549, 17.4148907], [78.3833628, 17.4147806], [78.3833063, 17.4147769], [78.3833075, 17.4147598], [78.383364, 17.4147635], [78.3833716, 17.4146572], [78.3833131, 17.4146534], [78.3833144, 17.4146348], [78.383373, 17.4146386], [78.3833804, 17.414535], [78.3832419, 17.414526], [78.3832345, 17.414629], [78.383289, 17.4146326], [78.3832878, 17.4146489], [78.3832334, 17.4146453], [78.3832256, 17.4147536], [78.3832773, 17.414757], [78.3832761, 17.4147739], [78.3832244, 17.4147705], [78.3832164, 17.4148817]]]}, "properties": {"osm_id": 416967593, "building_type": "yes", "osm_height": null, "osm_levels": null, "name": null}}, {"type": "Feature", "geometry": {"type": "Polygon", "coordinates": [[[78.3827653, 17.4141306], [78.382867, 17.4141363], [78.3828786, 17.4139469], [78.382777, 17.4139412], [78.3827653, 17.4141306]]]}, "properties": {"osm_id": 416967606, "building_type": "yes", "osm_height": null, "osm_levels": null, "name": null}}, {"type": "Feature", "geometry": {"type": "Polygon", "coordinates": [[[78.3812422, 17.4106011], [78.3814028, 17.4105919], [78.3813957, 17.4104783], [78.381235, 17.4104875], [78.3812422, 17.4106011]]]}, "properties": {"osm_id": 416967619, "building_type": "yes", "osm_height": null, "osm_levels": null, "name": null}}, {"type": "Feature", "geometry": {"type": "Polygon", "coordinates": [[[78.3807718, 17.4119515], [78.3809428, 17.4119444], [78.3809376, 17.4118294], [78.3807666, 17.4118365], [78.3807718, 17.4119515]]]}, "properties": {"osm_id": 416967629, "building_type": "yes", "osm_height": null, "osm_levels": null, "name": null}}, {"type": "Feature", "geometry": {"type": "Polygon", "coordinates": [[[78.3832633, 17.4129114], [78.3833277, 17.41296], [78.3833653, 17.4129147], [78.3833009, 17.4128661], [78.3832633, 17.4129114]]]}, "properties": {"osm_id": 416967633, "building_type": "yes", "osm_height": null, "osm_levels": null, "name": null}}, {"type": "Feature", "geometry": {"type": "Polygon", "coordinates": [[[78.3829621, 17.4104773], [78.3832246, 17.4104645], [78.3832202, 17.4103812], [78.3829577, 17.410394], [78.3829621, 17.4104773]]]}, "properties": {"osm_id": 416967640, "building_type": "yes", "osm_height": null, "osm_levels": null, "name": null}}, {"type": "Feature", "geometry": {"type": "Polygon", "coordinates": [[[78.3834315, 17.4128562], [78.3836722, 17.412956], [78.3836969, 17.4129018], [78.3834562, 17.412802], [78.3834315, 17.4128562]]]}, "properties": {"osm_id": 416967644, "building_type": "yes", "osm_height": null, "osm_levels": null, "name": null}}, {"type": "Feature", "geometry": {"type": "Polygon", "coordinates": [[[78.381562, 17.4115893], [78.3816907, 17.4115837], [78.3816814, 17.4113904], [78.3815526, 17.411396], [78.381562, 17.4115893]]]}, "properties": {"osm_id": 416967648, "building_type": "yes", "osm_height": null, "osm_levels": null, "name": null}}, {"type": "Feature", "geometry": {"type": "Polygon", "coordinates": [[[78.3803151, 17.4120436], [78.3805069, 17.4120385], [78.3804998, 17.411797], [78.380308, 17.4118021], [78.3803151, 17.4120436]]]}, "properties": {"osm_id": 416967671, "building_type": "yes", "osm_height": null, "osm_levels": null, "name": null}}, {"type": "Feature", "geometry": {"type": "Polygon", "coordinates": [[[78.3838704, 17.4129589], [78.3839506, 17.4129869], [78.3839724, 17.4129299], [78.3838922, 17.4129019], [78.3838704, 17.4129589]]]}, "properties": {"osm_id": 416967674, "building_type": "yes", "osm_height": null, "osm_levels": null, "name": null}}, {"type": "Feature", "geometry": {"type": "Polygon", "coordinates": [[[78.3812036, 17.4119093], [78.3813264, 17.4119074], [78.381325, 17.4118197], [78.3812021, 17.4118215], [78.3812036, 17.4119093]]]}, "properties": {"osm_id": 416967686, "building_type": "yes", "osm_height": null, "osm_levels": null, "name": null}}, {"type": "Feature", "geometry": {"type": "Polygon", "coordinates": [[[78.3838582, 17.4140616], [78.3839756, 17.4140713], [78.3840091, 17.4137015], [78.3838918, 17.4136918], [78.3838582, 17.4140616]]]}, "properties": {"osm_id": 416967715, "building_type": "yes", "osm_height": null, "osm_levels": null, "name": null}}, {"type": "Feature", "geometry": {"type": "Polygon", "coordinates": [[[78.3834087, 17.4127762], [78.3838627, 17.4129567], [78.3838853, 17.4129048], [78.3834313, 17.4127244], [78.3834087, 17.4127762]]]}, "properties": {"osm_id": 416967744, "building_type": "yes", "osm_height": null, "osm_levels": null, "name": null}}, {"type": "Feature", "geometry": {"type": "Polygon", "coordinates": [[[78.3817209, 17.4115951], [78.3818503, 17.4115894], [78.381841, 17.4113961], [78.3817116, 17.4114018], [78.3817209, 17.4115951]]]}, "properties": {"osm_id": 416967755, "building_type": "yes", "osm_height": null, "osm_levels": null, "name": null}}, {"type": "Feature", "geometry": {"type": "Polygon", "coordinates": [[[78.381208, 17.4120075], [78.3813308, 17.4120056], [78.3813293, 17.4119147], [78.3812065, 17.4119165], [78.381208, 17.4120075]]]}, "properties": {"osm_id": 416967760, "building_type": "yes", "osm_height": null, "osm_levels": null, "name": null}}, {"type": "Feature", "geometry": {"type": "Polygon", "coordinates": [[[78.3826205, 17.4141222], [78.3827213, 17.4141283], [78.382734, 17.4139364], [78.3826332, 17.4139303], [78.3826205, 17.4141222]]]}, "properties": {"osm_id": 416967770, "building_type": "yes", "osm_height": null, "osm_levels": null, "name": null}}, {"type": "Feature", "geometry": {"type": "Polygon", "coordinates": [[[78.3822031, 17.4115612], [78.3823257, 17.4115558], [78.382317, 17.4113769], [78.3821944, 17.4113823], [78.3822031, 17.4115612]]]}, "properties": {"osm_id": 416967787, "building_type": "yes", "osm_height": null, "osm_levels": null, "name": null}}, {"type": "Feature", "geometry": {"type": "Polygon", "coordinates": [[[78.3831428, 17.4106418], [78.3832611, 17.4106373], [78.3832558, 17.4105065], [78.3831375, 17.4105109], [78.3831428, 17.4106418]]]}, "properties": {"osm_id": 416967802, "building_type": "yes", "osm_height": null, "osm_levels": null, "name": null}}, {"type": "Feature", "geometry": {"type": "Polygon", "coordinates": [[[78.3819187, 17.411359], [78.3820363, 17.4113538], [78.382028, 17.4111843], [78.3819105, 17.4111895], [78.3819187, 17.411359]]]}, "properties": {"osm_id": 416967808, "building_type": "yes", "osm_height": null, "osm_levels": null, "name": null}}, {"type": "Feature", "geometry": {"type": "Polygon", "coordinates": [[[78.3817169, 17.4109614], [78.3818556, 17.4109552], [78.3818497, 17.4108327], [78.381711, 17.4108389], [78.3817169, 17.4109614]]]}, "properties": {"osm_id": 416967813, "building_type": "yes", "osm_height": null, "osm_levels": null, "name": null}}, {"type": "Feature", "geometry": {"type": "Polygon", "coordinates": [[[78.3829309, 17.4139156], [78.3830335, 17.4139213], [78.3830452, 17.4137325], [78.3829426, 17.4137268], [78.3829309, 17.4139156]]]}, "properties": {"osm_id": 416967860, "building_type": "yes", "osm_height": null, "osm_levels": null, "name": null}}, {"type": "Feature", "geometry": {"type": "Polygon", "coordinates": [[[78.383501, 17.4107041], [78.3836166, 17.4106984], [78.3836099, 17.4105749], [78.3834942, 17.4105807], [78.383501, 17.4107041]]]}, "properties": {"osm_id": 416967878, "building_type": "yes", "osm_height": null, "osm_levels": null, "name": null}}, {"type": "Feature", "geometry": {"type": "Polygon", "coordinates": [[[78.3824797, 17.4141043], [78.3825822, 17.4141113], [78.3825963, 17.4139225], [78.3824937, 17.4139156], [78.3824797, 17.4141043]]]}, "properties": {"osm_id": 416967888, "building_type": "yes", "osm_height": null, "osm_levels": null, "name": null}}, {"type": "Feature", "geometry": {"type": "Polygon", "coordinates": [[[78.3823385, 17.4115439], [78.3824752, 17.4115379], [78.3824666, 17.4113609], [78.3823299, 17.411367], [78.3823385, 17.4115439]]]}, "properties": {"osm_id": 416967905, "building_type": "yes", "osm_height": null, "osm_levels": null, "name": null}}, {"type": "Feature", "geometry": {"type": "Polygon", "coordinates": [[[78.3829081, 17.4141382], [78.383001, 17.4141435], [78.3830127, 17.4139527], [78.3829199, 17.4139475], [78.3829081, 17.4141382]]]}, "properties": {"osm_id": 416967919, "building_type": "yes", "osm_height": null, "osm_levels": null, "name": null}}, {"type": "Feature", "geometry": {"type": "Polygon", "coordinates": [[[78.3812106, 17.412105], [78.3813384, 17.4121031], [78.3813369, 17.4120131], [78.3812092, 17.412015], [78.3812106, 17.412105]]]}, "properties": {"osm_id": 416967929, "building_type": "yes", "osm_height": null, "osm_levels": null, "name": null}}, {"type": "Feature", "geometry": {"type": "Polygon", "coordinates": [[[78.3827834, 17.4138983], [78.382885, 17.413904], [78.3828961, 17.4137243], [78.3827945, 17.4137186], [78.3827834, 17.4138983]]]}, "properties": {"osm_id": 416967932, "building_type": "yes", "osm_height": null, "osm_levels": null, "name": null}}, {"type": "Feature", "geometry": {"type": "Polygon", "coordinates": [[[78.3833913, 17.4130427], [78.3834523, 17.4130888], [78.3834902, 17.413043], [78.3834292, 17.4129969], [78.3833913, 17.4130427]]]}, "properties": {"osm_id": 416967949, "building_type": "yes", "osm_height": null, "osm_levels": null, "name": null}}, {"type": "Feature", "geometry": {"type": "Polygon", "coordinates": [[[78.3842806, 17.4140525], [78.3844111, 17.414064], [78.3844455, 17.4137096], [78.384315, 17.413698], [78.3842806, 17.4140525]]]}, "properties": {"osm_id": 416967964, "building_type": "yes", "osm_height": null, "osm_levels": null, "name": null}}, {"type": "Feature", "geometry": {"type": "Polygon", "coordinates": [[[78.3815861, 17.4119003], [78.3817084, 17.4118949], [78.3816997, 17.4117151], [78.3815774, 17.4117205], [78.3815861, 17.4119003]]]}, "properties": {"osm_id": 416967970, "building_type": "yes", "osm_height": null, "osm_levels": null, "name": null}}, {"type": "Feature", "geometry": {"type": "Polygon", "coordinates": [[[78.3826466, 17.4138849], [78.382748, 17.4138906], [78.3827593, 17.4137076], [78.3826579, 17.413702], [78.3826466, 17.4138849]]]}, "properties": {"osm_id": 416967974, "building_type": "yes", "osm_height": null, "osm_levels": null, "name": null}}, {"type": "Feature", "geometry": {"type": "Polygon", "coordinates": [[[78.3813642, 17.4121978], [78.3814881, 17.4121965], [78.3814861, 17.4120193], [78.3813622, 17.4120206], [78.3813642, 17.4121978]]]}, "properties": {"osm_id": 416967988, "building_type": "yes", "osm_height": null, "osm_levels": null, "name": null}}, {"type": "Feature", "geometry": {"type": "Polygon", "coordinates": [[[78.3812431, 17.4110826], [78.3812901, 17.4110817], [78.3812908, 17.4111178], [78.3814344, 17.4111152], [78.3814318, 17.4109886], [78.3812413, 17.4109921], [78.3812431, 17.4110826]]]}, "properties": {"osm_id": 416967993, "building_type": "yes", "osm_height": null, "osm_levels": null, "name": null}}, {"type": "Feature", "geometry": {"type": "Polygon", "coordinates": [[[78.3812014, 17.411802], [78.3812369, 17.4118015], [78.3812371, 17.4118147], [78.3813283, 17.4118133], [78.381327, 17.4117301], [78.3812002, 17.411732], [78.3812014, 17.411802]]]}, "properties": {"osm_id": 416968008, "building_type": "yes", "osm_height": null, "osm_levels": null, "name": null}}, {"type": "Feature", "geometry": {"type": "Polygon", "coordinates": [[[78.3918232, 17.4106289], [78.3919266, 17.4106154], [78.3919248, 17.4106031], [78.3920085, 17.4105922], [78.3919721, 17.4103371], [78.391785, 17.4103615], [78.3917984, 17.4104552], [78.3918177, 17.4104527], [78.3918227, 17.4104874], [78.3918034, 17.4104899], [78.3918232, 17.4106289]]]}, "properties": {"osm_id": 416979580, "building_type": "yes", "osm_height": null, "osm_levels": null, "name": null}}, {"type": "Feature", "geometry": {"type": "Polygon", "coordinates": [[[78.3867598, 17.4134322], [78.3870065, 17.413418], [78.3869994, 17.4133062], [78.3868933, 17.4133123], [78.3868923, 17.4132956], [78.3869984, 17.4132895], [78.3869918, 17.4131852], [78.3867451, 17.4131994], [78.3867514, 17.4132995], [78.3868406, 17.4132944], [78.3868415, 17.4133091], [78.3867523, 17.4133142], [78.3867598, 17.4134322]]]}, "properties": {"osm_id": 416979585, "building_type": "yes", "osm_height": null, "osm_levels": null, "name": null}}, {"type": "Feature", "geometry": {"type": "Polygon", "coordinates": [[[78.3864969, 17.4134546], [78.3867496, 17.4134401], [78.3867424, 17.413326], [78.3866499, 17.4133314], [78.386649, 17.413317], [78.3867415, 17.4133117], [78.3867343, 17.4131974], [78.3864816, 17.4132119], [78.3864886, 17.4133223], [78.3866155, 17.413315], [78.3866165, 17.4133307], [78.3864896, 17.413338], [78.3864969, 17.4134546]]]}, "properties": {"osm_id": 416979597, "building_type": "yes", "osm_height": null, "osm_levels": null, "name": null}}, {"type": "Feature", "geometry": {"type": "Polygon", "coordinates": [[[78.3864976, 17.4131632], [78.3865964, 17.4131575], [78.3865938, 17.4131168], [78.3866139, 17.4131156], [78.3866165, 17.4131563], [78.3867195, 17.4131504], [78.3867112, 17.4130188], [78.3866164, 17.413022], [78.3866158, 17.4130089], [78.3867104, 17.4130054], [78.3867021, 17.4128746], [78.3866078, 17.41288], [78.3866114, 17.4129382], [78.3866005, 17.4129388], [78.3865981, 17.4128997], [78.3865906, 17.4129001], [78.3865894, 17.4128811], [78.3864802, 17.4128874], [78.386488, 17.4130105], [78.3865891, 17.4130094], [78.3865881, 17.4130238], [78.3864889, 17.4130258], [78.3864976, 17.4131632]]]}, "properties": {"osm_id": 416979605, "building_type": "yes", "osm_height": null, "osm_levels": null, "name": null}}, {"type": "Feature", "geometry": {"type": "Polygon", "coordinates": [[[78.3867591, 17.4131603], [78.3868593, 17.4131545], [78.3868564, 17.413109], [78.3868758, 17.4131079], [78.3868787, 17.4131534], [78.3869817, 17.4131475], [78.3869735, 17.4130176], [78.386877, 17.4130185], [78.3868766, 17.4130025], [78.3869725, 17.4130003], [78.3869638, 17.412863], [78.3868721, 17.4128683], [78.3868706, 17.4129347], [78.3868596, 17.4129345], [78.3868603, 17.4128952], [78.3868491, 17.4128959], [78.3868474, 17.4128697], [78.3867412, 17.4128758], [78.3867494, 17.4130069], [78.3868492, 17.4130041], [78.3868484, 17.4130172], [78.3867502, 17.4130197], [78.3867591, 17.4131603]]]}, "properties": {"osm_id": 416979613, "building_type": "yes", "osm_height": null, "osm_levels": null, "name": null}}, {"type": "Feature", "geometry": {"type": "Polygon", "coordinates": [[[78.3863141, 17.4124303], [78.3862874, 17.4119512], [78.3861481, 17.4119583], [78.386151, 17.4120108], [78.3861834, 17.4120091], [78.3861853, 17.4120434], [78.3862659, 17.4120393], [78.3862667, 17.412054], [78.3861563, 17.4120596], [78.386159, 17.412108], [78.3861939, 17.4121062], [78.3861959, 17.4121435], [78.3861611, 17.4121453], [78.3861644, 17.4122045], [78.3862048, 17.4122024], [78.3862068, 17.4122386], [78.3861757, 17.4122401], [78.386179, 17.4122983], [78.3862068, 17.4122969], [78.3862087, 17.4123324], [78.3861778, 17.412334], [78.3861818, 17.4124044], [78.3862128, 17.4124028], [78.3862146, 17.4124354], [78.3863141, 17.4124303]]]}, "properties": {"osm_id": 416979619, "building_type": "yes", "osm_height": null, "osm_levels": null, "name": null}}, {"type": "Feature", "geometry": {"type": "Polygon", "coordinates": [[[78.3899339, 17.410808], [78.3900349, 17.410808], [78.3900349, 17.4107159], [78.3899339, 17.4107159], [78.3899339, 17.410808]]]}, "properties": {"osm_id": 416979625, "building_type": "yes", "osm_height": null, "osm_levels": null, "name": null}}, {"type": "Feature", "geometry": {"type": "Polygon", "coordinates": [[[78.391264, 17.4108164], [78.3913466, 17.4107819], [78.3912621, 17.4105976], [78.3911795, 17.4106321], [78.391264, 17.4108164]]]}, "properties": {"osm_id": 416979632, "building_type": "yes", "osm_height": null, "osm_levels": null, "name": null}}, {"type": "Feature", "geometry": {"type": "Polygon", "coordinates": [[[78.3851033, 17.4116234], [78.3852314, 17.4116201], [78.3852264, 17.4114455], [78.3850984, 17.4114488], [78.3851033, 17.4116234]]]}, "properties": {"osm_id": 416979645, "building_type": "yes", "osm_height": null, "osm_levels": null, "name": null}}, {"type": "Feature", "geometry": {"type": "Polygon", "coordinates": [[[78.3853045, 17.4107583], [78.3854753, 17.4107482], [78.3854702, 17.4106695], [78.3852993, 17.4106796], [78.3853045, 17.4107583]]]}, "properties": {"osm_id": 416979649, "building_type": "yes", "osm_height": null, "osm_levels": null, "name": null}}, {"type": "Feature", "geometry": {"type": "Polygon", "coordinates": [[[78.3896811, 17.4106126], [78.3898468, 17.4106023], [78.3898407, 17.4105132], [78.3896751, 17.4105235], [78.3896811, 17.4106126]]]}, "properties": {"osm_id": 416979657, "building_type": "yes", "osm_height": null, "osm_levels": null, "name": null}}, {"type": "Feature", "geometry": {"type": "Polygon", "coordinates": [[[78.3845453, 17.4107836], [78.3846711, 17.4107761], [78.38466, 17.410607], [78.3845342, 17.4106146], [78.3845453, 17.4107836]]]}, "properties": {"osm_id": 416979662, "building_type": "yes", "osm_height": null, "osm_levels": null, "name": null}}, {"type": "Feature", "geometry": {"type": "Polygon", "coordinates": [[[78.3857872, 17.4123893], [78.3859195, 17.4123841], [78.3859156, 17.412293], [78.3857832, 17.4122982], [78.3857872, 17.4123893]]]}, "properties": {"osm_id": 416979667, "building_type": "yes", "osm_height": null, "osm_levels": null, "name": null}}, {"type": "Feature", "geometry": {"type": "Polygon", "coordinates": [[[78.3849808, 17.4119433], [78.3852519, 17.4119323], [78.3852437, 17.4117482], [78.3849726, 17.4117593], [78.3849808, 17.4119433]]]}, "properties": {"osm_id": 416979671, "building_type": "yes", "osm_height": null, "osm_levels": null, "name": null}}, {"type": "Feature", "geometry": {"type": "Polygon", "coordinates": [[[78.3841731, 17.4108003], [78.3843082, 17.4107922], [78.3842912, 17.4105335], [78.3841561, 17.4105416], [78.3841731, 17.4108003]]]}, "properties": {"osm_id": 416979674, "building_type": "yes", "osm_height": null, "osm_levels": null, "name": null}}, {"type": "Feature", "geometry": {"type": "Polygon", "coordinates": [[[78.3898085, 17.4107175], [78.3899158, 17.4107188], [78.3899166, 17.4106616], [78.3898093, 17.4106604], [78.3898085, 17.4107175]]]}, "properties": {"osm_id": 416979677, "building_type": "yes", "osm_height": null, "osm_levels": null, "name": null}}, {"type": "Feature", "geometry": {"type": "Polygon", "coordinates": [[[78.384608, 17.4119593], [78.3847384, 17.411954], [78.38473, 17.4117674], [78.3845996, 17.4117727], [78.384608, 17.4119593]]]}, "properties": {"osm_id": 416979686, "building_type": "yes", "osm_height": null, "osm_levels": null, "name": null}}, {"type": "Feature", "geometry": {"type": "Polygon", "coordinates": [[[78.3860999, 17.41057], [78.3863401, 17.4105546], [78.3863318, 17.4104364], [78.3860915, 17.4104518], [78.3860999, 17.41057]]]}, "properties": {"osm_id": 416979694, "building_type": "yes", "osm_height": null, "osm_levels": null, "name": null}}, {"type": "Feature", "geometry": {"type": "Polygon", "coordinates": [[[78.3849067, 17.4105834], [78.3851763, 17.4105661], [78.3851708, 17.4104875], [78.3849012, 17.4105048], [78.3849067, 17.4105834]]]}, "properties": {"osm_id": 416979700, "building_type": "yes", "osm_height": null, "osm_levels": null, "name": null}}, {"type": "Feature", "geometry": {"type": "Polygon", "coordinates": [[[78.3854814, 17.4107379], [78.3855774, 17.4107317], [78.3855726, 17.4106637], [78.3854766, 17.4106698], [78.3854814, 17.4107379]]]}, "properties": {"osm_id": 416979703, "building_type": "yes", "osm_height": null, "osm_levels": null, "name": null}}, {"type": "Feature", "geometry": {"type": "Polygon", "coordinates": [[[78.3898897, 17.4104366], [78.3900305, 17.4104462], [78.3900397, 17.4103226], [78.3898989, 17.410313], [78.3898897, 17.4104366]]]}, "properties": {"osm_id": 416979707, "building_type": "yes", "osm_height": null, "osm_levels": null, "name": null}}, {"type": "Feature", "geometry": {"type": "Polygon", "coordinates": [[[78.3847035, 17.4108668], [78.3848408, 17.4108586], [78.384835, 17.4107702], [78.3846977, 17.4107784], [78.3847035, 17.4108668]]]}, "properties": {"osm_id": 416979717, "building_type": "yes", "osm_height": null, "osm_levels": null, "name": null}}, {"type": "Feature", "geometry": {"type": "Polygon", "coordinates": [[[78.384328, 17.4104292], [78.3844776, 17.4104202], [78.3844727, 17.4103456], [78.3843231, 17.4103546], [78.384328, 17.4104292]]]}, "properties": {"osm_id": 416979721, "building_type": "yes", "osm_height": null, "osm_levels": null, "name": null}}, {"type": "Feature", "geometry": {"type": "Polygon", "coordinates": [[[78.3865095, 17.4118458], [78.3867785, 17.4118284], [78.3867585, 17.4115454], [78.3864895, 17.4115627], [78.3865095, 17.4118458]]]}, "properties": {"osm_id": 416979727, "building_type": "yes", "osm_height": null, "osm_levels": null, "name": null}}, {"type": "Feature", "geometry": {"type": "Polygon", "coordinates": [[[78.3858542, 17.4135273], [78.3860152, 17.4135256], [78.3860132, 17.4133579], [78.3858522, 17.4133597], [78.3858542, 17.4135273]]]}, "properties": {"osm_id": 416979729, "building_type": "yes", "osm_height": null, "osm_levels": null, "name": null}}, {"type": "Feature", "geometry": {"type": "Polygon", "coordinates": [[[78.3900452, 17.4104571], [78.3901113, 17.4104571], [78.3901113, 17.410388], [78.3900452, 17.410388], [78.3900452, 17.4104571]]]}, "properties": {"osm_id": 416979733, "building_type": "yes", "osm_height": null, "osm_levels": null, "name": null}}, {"type": "Feature", "geometry": {"type": "Polygon", "coordinates": [[[78.3855536, 17.4128851], [78.3856822, 17.4128772], [78.3856702, 17.4127007], [78.3855416, 17.4127087], [78.3855536, 17.4128851]]]}, "properties": {"osm_id": 416979737, "building_type": "yes", "osm_height": null, "osm_levels": null, "name": null}}, {"type": "Feature", "geometry": {"type": "Polygon", "coordinates": [[[78.3914175, 17.410769], [78.3915865, 17.4107172], [78.3915553, 17.4106246], [78.3913863, 17.4106764], [78.3914175, 17.410769]]]}, "properties": {"osm_id": 416979745, "building_type": "yes", "osm_height": null, "osm_levels": null, "name": null}}, {"type": "Feature", "geometry": {"type": "Polygon", "coordinates": [[[78.3847222, 17.411561], [78.3848454, 17.4115559], [78.3848371, 17.4113698], [78.3847139, 17.4113748], [78.3847222, 17.411561]]]}, "properties": {"osm_id": 416979751, "building_type": "yes", "osm_height": null, "osm_levels": null, "name": null}}, {"type": "Feature", "geometry": {"type": "Polygon", "coordinates": [[[78.3849594, 17.4117434], [78.3851021, 17.4117397], [78.3850995, 17.4116468], [78.3849567, 17.4116504], [78.3849594, 17.4117434]]]}, "properties": {"osm_id": 416979757, "building_type": "yes", "osm_height": null, "osm_levels": null, "name": null}}, {"type": "Feature", "geometry": {"type": "Polygon", "coordinates": [[[78.3854291, 17.4106282], [78.3855624, 17.4106196], [78.3855511, 17.4104592], [78.3854178, 17.4104678], [78.3854291, 17.4106282]]]}, "properties": {"osm_id": 416979772, "building_type": "yes", "osm_height": null, "osm_levels": null, "name": null}}, {"type": "Feature", "geometry": {"type": "Polygon", "coordinates": [[[78.3898465, 17.4108481], [78.3899324, 17.4108486], [78.3899329, 17.4107835], [78.389847, 17.410783], [78.3898465, 17.4108481]]]}, "properties": {"osm_id": 416979774, "building_type": "yes", "osm_height": null, "osm_levels": null, "name": null}}, {"type": "Feature", "geometry": {"type": "Polygon", "coordinates": [[[78.3901019, 17.4107169], [78.3901381, 17.4105851], [78.3900564, 17.4105646], [78.3900202, 17.4106964], [78.3901019, 17.4107169]]]}, "properties": {"osm_id": 416979776, "building_type": "yes", "osm_height": null, "osm_levels": null, "name": null}}, {"type": "Feature", "geometry": {"type": "Polygon", "coordinates": [[[78.3862072, 17.4127085], [78.3863409, 17.4127017], [78.3863309, 17.4125217], [78.3861972, 17.4125285], [78.3862072, 17.4127085]]]}, "properties": {"osm_id": 416979778, "building_type": "yes", "osm_height": null, "osm_levels": null, "name": null}}, {"type": "Feature", "geometry": {"type": "Polygon", "coordinates": [[[78.3857726, 17.4121949], [78.3858998, 17.4121899], [78.3858919, 17.412006], [78.3857647, 17.412011], [78.3857726, 17.4121949]]]}, "properties": {"osm_id": 416979780, "building_type": "yes", "osm_height": null, "osm_levels": null, "name": null}}, {"type": "Feature", "geometry": {"type": "Polygon", "coordinates": [[[78.3911848, 17.4108343], [78.3912511, 17.4108055], [78.3911767, 17.4106494], [78.3911104, 17.4106781], [78.3911848, 17.4108343]]]}, "properties": {"osm_id": 416979782, "building_type": "yes", "osm_height": null, "osm_levels": null, "name": null}}, {"type": "Feature", "geometry": {"type": "Polygon", "coordinates": [[[78.3852863, 17.4106474], [78.3854174, 17.410639], [78.3854056, 17.4104714], [78.3852745, 17.4104798], [78.3852863, 17.4106474]]]}, "properties": {"osm_id": 416979790, "building_type": "yes", "osm_height": null, "osm_levels": null, "name": null}}, {"type": "Feature", "geometry": {"type": "Polygon", "coordinates": [[[78.3852114, 17.4132513], [78.3852463, 17.4132497], [78.3852482, 17.4132883], [78.3853408, 17.4132841], [78.3853312, 17.4130908], [78.3852038, 17.4130966], [78.3852114, 17.4132513]]]}, "properties": {"osm_id": 416979795, "building_type": "yes", "osm_height": null, "osm_levels": null, "name": null}}, {"type": "Feature", "geometry": {"type": "Polygon", "coordinates": [[[78.3857235, 17.41141], [78.3857337, 17.4115982], [78.3858354, 17.4115932], [78.3858337, 17.4115625], [78.3858592, 17.4115613], [78.3858611, 17.4115964], [78.3860062, 17.4115892], [78.3859957, 17.4113965], [78.3857235, 17.41141]]]}, "properties": {"osm_id": 416979800, "building_type": "yes", "osm_height": null, "osm_levels": null, "name": null}}, {"type": "Feature", "geometry": {"type": "Polygon", "coordinates": [[[78.3865657, 17.4124731], [78.3866942, 17.4124648], [78.3866736, 17.4121738], [78.3866605, 17.4121747], [78.3866535, 17.4120765], [78.3866312, 17.412078], [78.3866226, 17.4119565], [78.3865295, 17.4119625], [78.3865657, 17.4124731]]]}, "properties": {"osm_id": 416979802, "building_type": "yes", "osm_height": null, "osm_levels": null, "name": null}}, {"type": "Feature", "geometry": {"type": "Polygon", "coordinates": [[[78.3859404, 17.4126638], [78.3860771, 17.4126584], [78.3860651, 17.412381], [78.3859284, 17.4123864], [78.385932, 17.4124699], [78.3859807, 17.412468], [78.3859812, 17.4124782], [78.3859324, 17.4124801], [78.3859404, 17.4126638]]]}, "properties": {"osm_id": 416979805, "building_type": "yes", "osm_height": null, "osm_levels": null, "name": null}}, {"type": "Feature", "geometry": {"type": "Polygon", "coordinates": [[[78.3924584, 17.4128379], [78.3924253, 17.4127046], [78.3923808, 17.4127188], [78.392385, 17.4127314], [78.3923255, 17.4127504], [78.3923315, 17.4127685], [78.3923168, 17.4127732], [78.3923376, 17.4128354], [78.3923791, 17.4128227], [78.3923911, 17.4128585], [78.3924584, 17.4128379]]]}, "properties": {"osm_id": 416986631, "building_type": "yes", "osm_height": null, "osm_levels": null, "name": null}}, {"type": "Feature", "geometry": {"type": "Polygon", "coordinates": [[[78.3902001, 17.4109603], [78.3902813, 17.4109603], [78.3902813, 17.4107792], [78.3902001, 17.4107792], [78.3902001, 17.4109603]]]}, "properties": {"osm_id": 416986637, "building_type": "yes", "osm_height": null, "osm_levels": null, "name": null}}, {"type": "Feature", "geometry": {"type": "Polygon", "coordinates": [[[78.3913022, 17.4125956], [78.3913796, 17.4125546], [78.3913566, 17.4125149], [78.3912791, 17.4125559], [78.3913022, 17.4125956]]]}, "properties": {"osm_id": 416986642, "building_type": "yes", "osm_height": null, "osm_levels": null, "name": null}}, {"type": "Feature", "geometry": {"type": "Polygon", "coordinates": [[[78.3921144, 17.4116804], [78.3922183, 17.4116472], [78.3921821, 17.4115442], [78.3920782, 17.4115774], [78.3921144, 17.4116804]]]}, "properties": {"osm_id": 416986647, "building_type": "yes", "osm_height": null, "osm_levels": null, "name": null}}, {"type": "Feature", "geometry": {"type": "Polygon", "coordinates": [[[78.3911245, 17.4122142], [78.3912532, 17.4121704], [78.3912136, 17.4120645], [78.3910849, 17.4121083], [78.3911245, 17.4122142]]]}, "properties": {"osm_id": 416986652, "building_type": "yes", "osm_height": null, "osm_levels": null, "name": null}}, {"type": "Feature", "geometry": {"type": "Polygon", "coordinates": [[[78.3903654, 17.411565], [78.3904969, 17.41154], [78.3904812, 17.411465], [78.3903498, 17.4114899], [78.3903654, 17.411565]]]}, "properties": {"osm_id": 416986659, "building_type": "yes", "osm_height": null, "osm_levels": null, "name": null}}, {"type": "Feature", "geometry": {"type": "Polygon", "coordinates": [[[78.3909502, 17.4124765], [78.3910155, 17.4124503], [78.3909756, 17.4123597], [78.3909102, 17.4123859], [78.3909502, 17.4124765]]]}, "properties": {"osm_id": 416986663, "building_type": "yes", "osm_height": null, "osm_levels": null, "name": null}}, {"type": "Feature", "geometry": {"type": "Polygon", "coordinates": [[[78.3911268, 17.4111561], [78.3912546, 17.4111491], [78.3912517, 17.4111011], [78.3911239, 17.4111082], [78.3911268, 17.4111561]]]}, "properties": {"osm_id": 416986670, "building_type": "yes", "osm_height": null, "osm_levels": null, "name": null}}, {"type": "Feature", "geometry": {"type": "Polygon", "coordinates": [[[78.3916973, 17.4111471], [78.3917641, 17.4111353], [78.3917521, 17.4110736], [78.3916853, 17.4110854], [78.3916973, 17.4111471]]]}, "properties": {"osm_id": 416986675, "building_type": "yes", "osm_height": null, "osm_levels": null, "name": null}}, {"type": "Feature", "geometry": {"type": "Polygon", "coordinates": [[[78.3923615, 17.411698], [78.392465, 17.4116649], [78.3924379, 17.411588], [78.3923345, 17.4116211], [78.3923615, 17.411698]]]}, "properties": {"osm_id": 416986680, "building_type": "yes", "osm_height": null, "osm_levels": null, "name": null}}, {"type": "Feature", "geometry": {"type": "Polygon", "coordinates": [[[78.3904241, 17.4126032], [78.3905694, 17.4125648], [78.3905418, 17.4124698], [78.3903966, 17.4125082], [78.3904241, 17.4126032]]]}, "properties": {"osm_id": 416986692, "building_type": "yes", "osm_height": null, "osm_levels": null, "name": null}}, {"type": "Feature", "geometry": {"type": "Polygon", "coordinates": [[[78.3925513, 17.4114194], [78.3926634, 17.4113835], [78.3926291, 17.4112857], [78.3925169, 17.4113216], [78.3925513, 17.4114194]]]}, "properties": {"osm_id": 416986698, "building_type": "yes", "osm_height": null, "osm_levels": null, "name": null}}, {"type": "Feature", "geometry": {"type": "Polygon", "coordinates": [[[78.3913166, 17.4125153], [78.3913912, 17.4124805], [78.3913426, 17.4123855], [78.391268, 17.4124202], [78.3913166, 17.4125153]]]}, "properties": {"osm_id": 416986703, "building_type": "yes", "osm_height": null, "osm_levels": null, "name": null}}, {"type": "Feature", "geometry": {"type": "Polygon", "coordinates": [[[78.3933266, 17.4130493], [78.3934146, 17.4130289], [78.3933858, 17.4129157], [78.3932978, 17.4129361], [78.3933266, 17.4130493]]]}, "properties": {"osm_id": 416986706, "building_type": "yes", "osm_height": null, "osm_levels": null, "name": null}}, {"type": "Feature", "geometry": {"type": "Polygon", "coordinates": [[[78.392539, 17.4123326], [78.3926768, 17.4122875], [78.3926393, 17.4121831], [78.3925015, 17.4122283], [78.392539, 17.4123326]]]}, "properties": {"osm_id": 416986712, "building_type": "yes", "osm_height": null, "osm_levels": null, "name": null}}, {"type": "Feature", "geometry": {"type": "Polygon", "coordinates": [[[78.3920314, 17.412457], [78.392127, 17.4124266], [78.3920996, 17.4123483], [78.3920041, 17.4123787], [78.3920314, 17.412457]]]}, "properties": {"osm_id": 416986717, "building_type": "yes", "osm_height": null, "osm_levels": null, "name": null}}, {"type": "Feature", "geometry": {"type": "Polygon", "coordinates": [[[78.3919774, 17.4108586], [78.3920398, 17.4108371], [78.3920079, 17.4107525], [78.3919455, 17.410774], [78.3919774, 17.4108586]]]}, "properties": {"osm_id": 416986722, "building_type": "yes", "osm_height": null, "osm_levels": null, "name": null}}, {"type": "Feature", "geometry": {"type": "Polygon", "coordinates": [[[78.3916943, 17.4118066], [78.3918075, 17.4117519], [78.3917818, 17.4117036], [78.3916687, 17.4117583], [78.3916943, 17.4118066]]]}, "properties": {"osm_id": 416986727, "building_type": "yes", "osm_height": null, "osm_levels": null, "name": null}}, {"type": "Feature", "geometry": {"type": "Polygon", "coordinates": [[[78.3907071, 17.4117959], [78.390788, 17.4117855], [78.3907759, 17.4117001], [78.390695, 17.4117105], [78.3907071, 17.4117959]]]}, "properties": {"osm_id": 416986730, "building_type": "yes", "osm_height": null, "osm_levels": null, "name": null}}, {"type": "Feature", "geometry": {"type": "Polygon", "coordinates": [[[78.3911112, 17.4125432], [78.3911879, 17.4125108], [78.3911556, 17.4124413], [78.3910789, 17.4124737], [78.3911112, 17.4125432]]]}, "properties": {"osm_id": 416986734, "building_type": "yes", "osm_height": null, "osm_levels": null, "name": null}}, {"type": "Feature", "geometry": {"type": "Polygon", "coordinates": [[[78.392505, 17.4116779], [78.3925926, 17.4116498], [78.392562, 17.4115627], [78.3924744, 17.4115907], [78.392505, 17.4116779]]]}, "properties": {"osm_id": 416986737, "building_type": "yes", "osm_height": null, "osm_levels": null, "name": null}}, {"type": "Feature", "geometry": {"type": "Polygon", "coordinates": [[[78.3921323, 17.4123825], [78.3922267, 17.4123565], [78.3921919, 17.4122413], [78.3920975, 17.4122673], [78.3921323, 17.4123825]]]}, "properties": {"osm_id": 416986740, "building_type": "yes", "osm_height": null, "osm_levels": null, "name": null}}, {"type": "Feature", "geometry": {"type": "Polygon", "coordinates": [[[78.3920106, 17.4110774], [78.3921159, 17.4110493], [78.392083, 17.410937], [78.3919777, 17.4109651], [78.3920106, 17.4110774]]]}, "properties": {"osm_id": 416986744, "building_type": "yes", "osm_height": null, "osm_levels": null, "name": null}}, {"type": "Feature", "geometry": {"type": "Polygon", "coordinates": [[[78.3925781, 17.4115461], [78.3927065, 17.411505], [78.3926713, 17.4114047], [78.3925428, 17.4114458], [78.3925781, 17.4115461]]]}, "properties": {"osm_id": 416986747, "building_type": "yes", "osm_height": null, "osm_levels": null, "name": null}}, {"type": "Feature", "geometry": {"type": "Polygon", "coordinates": [[[78.3927025, 17.4125804], [78.3927732, 17.4125613], [78.3927414, 17.4124537], [78.3926706, 17.4124727], [78.3927025, 17.4125804]]]}, "properties": {"osm_id": 416986750, "building_type": "yes", "osm_height": null, "osm_levels": null, "name": null}}, {"type": "Feature", "geometry": {"type": "Polygon", "coordinates": [[[78.3903047, 17.4109661], [78.3903718, 17.4109654], [78.3903705, 17.4108413], [78.3903034, 17.4108419], [78.3903047, 17.4109661]]]}, "properties": {"osm_id": 416986753, "building_type": "yes", "osm_height": null, "osm_levels": null, "name": null}}, {"type": "Feature", "geometry": {"type": "Polygon", "coordinates": [[[78.3923473, 17.4123994], [78.3924834, 17.4123598], [78.3924487, 17.4122514], [78.3923126, 17.4122911], [78.3923473, 17.4123994]]]}, "properties": {"osm_id": 416986757, "building_type": "yes", "osm_height": null, "osm_levels": null, "name": null}}, {"type": "Feature", "geometry": {"type": "Polygon", "coordinates": [[[78.3927883, 17.4125708], [78.3928581, 17.412552], [78.3928125, 17.4123978], [78.3927427, 17.4124166], [78.3927883, 17.4125708]]]}, "properties": {"osm_id": 416986761, "building_type": "yes", "osm_height": null, "osm_levels": null, "name": null}}, {"type": "Feature", "geometry": {"type": "Polygon", "coordinates": [[[78.3910229, 17.4124414], [78.3911403, 17.4123905], [78.3911065, 17.4123196], [78.3909892, 17.4123705], [78.3910229, 17.4124414]]]}, "properties": {"osm_id": 416986765, "building_type": "yes", "osm_height": null, "osm_levels": null, "name": null}}, {"type": "Feature", "geometry": {"type": "Polygon", "coordinates": [[[78.3923229, 17.4116139], [78.3924357, 17.4115778], [78.3924014, 17.4114802], [78.3922886, 17.4115163], [78.3923229, 17.4116139]]]}, "properties": {"osm_id": 416986768, "building_type": "yes", "osm_height": null, "osm_levels": null, "name": null}}, {"type": "Feature", "geometry": {"type": "Polygon", "coordinates": [[[78.3905015, 17.4113473], [78.3906782, 17.4113226], [78.3906658, 17.4112418], [78.3904891, 17.4112665], [78.3905015, 17.4113473]]]}, "properties": {"osm_id": 416986772, "building_type": "yes", "osm_height": null, "osm_levels": null, "name": null}}, {"type": "Feature", "geometry": {"type": "Polygon", "coordinates": [[[78.3926582, 17.4126917], [78.3927237, 17.4126741], [78.3927092, 17.4126251], [78.3926438, 17.4126428], [78.3926582, 17.4126917]]]}, "properties": {"osm_id": 416986776, "building_type": "yes", "osm_height": null, "osm_levels": null, "name": null}}, {"type": "Feature", "geometry": {"type": "Polygon", "coordinates": [[[78.3925612, 17.4124026], [78.3926809, 17.4123665], [78.3926599, 17.4123032], [78.3925402, 17.4123393], [78.3925612, 17.4124026]]]}, "properties": {"osm_id": 416986781, "building_type": "yes", "osm_height": null, "osm_levels": null, "name": null}}, {"type": "Feature", "geometry": {"type": "Polygon", "coordinates": [[[78.3926052, 17.4125903], [78.3926835, 17.4125692], [78.3926653, 17.4125074], [78.392587, 17.4125285], [78.3926052, 17.4125903]]]}, "properties": {"osm_id": 416986784, "building_type": "yes", "osm_height": null, "osm_levels": null, "name": null}}, {"type": "Feature", "geometry": {"type": "Polygon", "coordinates": [[[78.3924198, 17.4119901], [78.3925577, 17.411946], [78.3925338, 17.4118781], [78.392396, 17.4119222], [78.3924198, 17.4119901]]]}, "properties": {"osm_id": 416986788, "building_type": "yes", "osm_height": null, "osm_levels": null, "name": null}}, {"type": "Feature", "geometry": {"type": "Polygon", "coordinates": [[[78.3924978, 17.4122261], [78.3926386, 17.4121765], [78.3926148, 17.4121149], [78.392474, 17.4121645], [78.3924978, 17.4122261]]]}, "properties": {"osm_id": 416986792, "building_type": "yes", "osm_height": null, "osm_levels": null, "name": null}}, {"type": "Feature", "geometry": {"type": "Polygon", "coordinates": [[[78.3912771, 17.4119839], [78.3913897, 17.4119468], [78.3913714, 17.4118961], [78.3912587, 17.4119332], [78.3912771, 17.4119839]]]}, "properties": {"osm_id": 416986795, "building_type": "yes", "osm_height": null, "osm_levels": null, "name": null}}, {"type": "Feature", "geometry": {"type": "Polygon", "coordinates": [[[78.3920465, 17.4108304], [78.3921411, 17.4107994], [78.3921109, 17.4107158], [78.3920164, 17.4107469], [78.3920465, 17.4108304]]]}, "properties": {"osm_id": 416986800, "building_type": "yes", "osm_height": null, "osm_levels": null, "name": null}}, {"type": "Feature", "geometry": {"type": "Polygon", "coordinates": [[[78.3923757, 17.4118224], [78.3924971, 17.4117835], [78.3924713, 17.4117102], [78.3923499, 17.411749], [78.3923757, 17.4118224]]]}, "properties": {"osm_id": 416986803, "building_type": "yes", "osm_height": null, "osm_levels": null, "name": null}}, {"type": "Feature", "geometry": {"type": "Polygon", "coordinates": [[[78.3909589, 17.4121154], [78.3910581, 17.4120907], [78.3910402, 17.4120251], [78.390941, 17.4120497], [78.3909589, 17.4121154]]]}, "properties": {"osm_id": 416986806, "building_type": "yes", "osm_height": null, "osm_levels": null, "name": null}}, {"type": "Feature", "geometry": {"type": "Polygon", "coordinates": [[[78.3903839, 17.4116452], [78.390512, 17.4116197], [78.3904959, 17.4115465], [78.3903678, 17.4115721], [78.3903839, 17.4116452]]]}, "properties": {"osm_id": 416986810, "building_type": "yes", "osm_height": null, "osm_levels": null, "name": null}}, {"type": "Feature", "geometry": {"type": "Polygon", "coordinates": [[[78.3921773, 17.4122062], [78.3921287, 17.412107], [78.3920682, 17.412134], [78.3921168, 17.4122332], [78.3921773, 17.4122062]]]}, "properties": {"osm_id": 416986813, "building_type": "yes", "osm_height": null, "osm_levels": null, "name": null}}, {"type": "Feature", "geometry": {"type": "Polygon", "coordinates": [[[78.3909857, 17.4125652], [78.391089, 17.412521], [78.3910507, 17.4124395], [78.3909474, 17.4124836], [78.3909857, 17.4125652]]]}, "properties": {"osm_id": 416986817, "building_type": "yes", "osm_height": null, "osm_levels": null, "name": null}}, {"type": "Feature", "geometry": {"type": "Polygon", "coordinates": [[[78.3922244, 17.4116427], [78.3923152, 17.4116136], [78.3922814, 17.4115173], [78.3921905, 17.4115464], [78.3922244, 17.4116427]]]}, "properties": {"osm_id": 416986822, "building_type": "yes", "osm_height": null, "osm_levels": null, "name": null}}, {"type": "Feature", "geometry": {"type": "Polygon", "coordinates": [[[78.3924076, 17.4130917], [78.3926017, 17.4130323], [78.392571, 17.4129408], [78.3923769, 17.4130002], [78.3924076, 17.4130917]]]}, "properties": {"osm_id": 416986826, "building_type": "yes", "osm_height": null, "osm_levels": null, "name": null}}, {"type": "Feature", "geometry": {"type": "Polygon", "coordinates": [[[78.391376, 17.4126538], [78.391443, 17.412625], [78.3914125, 17.4125603], [78.3913454, 17.412589], [78.391376, 17.4126538]]]}, "properties": {"osm_id": 416986832, "building_type": "yes", "osm_height": null, "osm_levels": null, "name": null}}, {"type": "Feature", "geometry": {"type": "Polygon", "coordinates": [[[78.3931417, 17.4131186], [78.39323, 17.4130988], [78.3932001, 17.4129777], [78.3931118, 17.4129975], [78.3931417, 17.4131186]]]}, "properties": {"osm_id": 416986836, "building_type": "yes", "osm_height": null, "osm_levels": null, "name": null}}, {"type": "Feature", "geometry": {"type": "Polygon", "coordinates": [[[78.392387, 17.4109792], [78.3925307, 17.4109332], [78.3924949, 17.4108314], [78.3923512, 17.4108774], [78.392387, 17.4109792]]]}, "properties": {"osm_id": 416986839, "building_type": "yes", "osm_height": null, "osm_levels": null, "name": null}}, {"type": "Feature", "geometry": {"type": "Polygon", "coordinates": [[[78.3901794, 17.4106858], [78.3902451, 17.4106856], [78.3902447, 17.410603], [78.390179, 17.4106033], [78.3901794, 17.4106858]]]}, "properties": {"osm_id": 416986844, "building_type": "yes", "osm_height": null, "osm_levels": null, "name": null}}, {"type": "Feature", "geometry": {"type": "Polygon", "coordinates": [[[78.3918083, 17.4112847], [78.3919183, 17.4112491], [78.3918807, 17.4111433], [78.3917707, 17.4111789], [78.3918083, 17.4112847]]]}, "properties": {"osm_id": 416986850, "building_type": "yes", "osm_height": null, "osm_levels": null, "name": null}}, {"type": "Feature", "geometry": {"type": "Polygon", "coordinates": [[[78.391563, 17.4111763], [78.391634, 17.4111637], [78.3916214, 17.4110985], [78.3915504, 17.4111111], [78.391563, 17.4111763]]]}, "properties": {"osm_id": 416986857, "building_type": "yes", "osm_height": null, "osm_levels": null, "name": null}}, {"type": "Feature", "geometry": {"type": "Polygon", "coordinates": [[[78.3905274, 17.411237], [78.3906344, 17.4112331], [78.3906314, 17.4111589], [78.3905244, 17.4111628], [78.3905274, 17.411237]]]}, "properties": {"osm_id": 416986862, "building_type": "yes", "osm_height": null, "osm_levels": null, "name": null}}, {"type": "Feature", "geometry": {"type": "Polygon", "coordinates": [[[78.3920711, 17.4109023], [78.3921739, 17.4108707], [78.3921518, 17.4108052], [78.392049, 17.4108367], [78.3920711, 17.4109023]]]}, "properties": {"osm_id": 416986868, "building_type": "yes", "osm_height": null, "osm_levels": null, "name": null}}, {"type": "Feature", "geometry": {"type": "Polygon", "coordinates": [[[78.3930812, 17.4128731], [78.3931643, 17.412854], [78.3931388, 17.4127528], [78.3930557, 17.4127719], [78.3930812, 17.4128731]]]}, "properties": {"osm_id": 416986875, "building_type": "yes", "osm_height": null, "osm_levels": null, "name": null}}, {"type": "Feature", "geometry": {"type": "Polygon", "coordinates": [[[78.3922921, 17.4121416], [78.392398, 17.4121064], [78.3923726, 17.4120367], [78.3922667, 17.4120719], [78.3922921, 17.4121416]]]}, "properties": {"osm_id": 416986881, "building_type": "yes", "osm_height": null, "osm_levels": null, "name": null}}, {"type": "Feature", "geometry": {"type": "Polygon", "coordinates": [[[78.3926203, 17.4126453], [78.3927046, 17.4126226], [78.3926901, 17.4125736], [78.3926058, 17.4125963], [78.3926203, 17.4126453]]]}, "properties": {"osm_id": 416986888, "building_type": "yes", "osm_height": null, "osm_levels": null, "name": null}}, {"type": "Feature", "geometry": {"type": "Polygon", "coordinates": [[[78.3925315, 17.412741], [78.3926176, 17.4127178], [78.3925811, 17.4125944], [78.392495, 17.4126176], [78.3925315, 17.412741]]]}, "properties": {"osm_id": 416986894, "building_type": "yes", "osm_height": null, "osm_levels": null, "name": null}}, {"type": "Feature", "geometry": {"type": "Polygon", "coordinates": [[[78.3924069, 17.4118861], [78.3925204, 17.4118498], [78.3924975, 17.4117846], [78.392384, 17.4118209], [78.3924069, 17.4118861]]]}, "properties": {"osm_id": 416986900, "building_type": "yes", "osm_height": null, "osm_levels": null, "name": null}}, {"type": "Feature", "geometry": {"type": "Polygon", "coordinates": [[[78.390335, 17.4114702], [78.3904682, 17.4114619], [78.3904634, 17.411393], [78.3903303, 17.4114013], [78.390335, 17.4114702]]]}, "properties": {"osm_id": 416986906, "building_type": "yes", "osm_height": null, "osm_levels": null, "name": null}}, {"type": "Feature", "geometry": {"type": "Polygon", "coordinates": [[[78.3907929, 17.4119744], [78.3908603, 17.4119632], [78.3908435, 17.4118714], [78.3907761, 17.4118826], [78.3907929, 17.4119744]]]}, "properties": {"osm_id": 416986910, "building_type": "yes", "osm_height": null, "osm_levels": null, "name": null}}, {"type": "Feature", "geometry": {"type": "Polygon", "coordinates": [[[78.3906692, 17.4125005], [78.3907768, 17.4124628], [78.3907541, 17.4124037], [78.3906464, 17.4124415], [78.3906692, 17.4125005]]]}, "properties": {"osm_id": 416986915, "building_type": "yes", "osm_height": null, "osm_levels": null, "name": null}}, {"type": "Feature", "geometry": {"type": "Polygon", "coordinates": [[[78.3905223, 17.4105438], [78.3906353, 17.4105316], [78.390627, 17.4104609], [78.390514, 17.4104731], [78.3905223, 17.4105438]]]}, "properties": {"osm_id": 416986921, "building_type": "yes", "osm_height": null, "osm_levels": null, "name": null}}, {"type": "Feature", "geometry": {"type": "Polygon", "coordinates": [[[78.3911922, 17.4112121], [78.3912626, 17.4112079], [78.3912592, 17.4111544], [78.3911888, 17.4111586], [78.3911922, 17.4112121]]]}, "properties": {"osm_id": 416986926, "building_type": "yes", "osm_height": null, "osm_levels": null, "name": null}}, {"type": "Feature", "geometry": {"type": "Polygon", "coordinates": [[[78.3928688, 17.4125484], [78.3929419, 17.4125287], [78.3929185, 17.4124496], [78.3928454, 17.4124693], [78.3928688, 17.4125484]]]}, "properties": {"osm_id": 416986932, "building_type": "yes", "osm_height": null, "osm_levels": null, "name": null}}, {"type": "Feature", "geometry": {"type": "Polygon", "coordinates": [[[78.390431, 17.4105654], [78.3904875, 17.4105595], [78.3904733, 17.410436], [78.3904168, 17.410442], [78.390431, 17.4105654]]]}, "properties": {"osm_id": 416986940, "building_type": "yes", "osm_height": null, "osm_levels": null, "name": null}}, {"type": "Feature", "geometry": {"type": "Polygon", "coordinates": [[[78.392456, 17.4120886], [78.3925891, 17.4120461], [78.3925633, 17.4119728], [78.3924303, 17.4120154], [78.392456, 17.4120886]]]}, "properties": {"osm_id": 416986945, "building_type": "yes", "osm_height": null, "osm_levels": null, "name": null}}, {"type": "Feature", "geometry": {"type": "Polygon", "coordinates": [[[78.391227, 17.4118406], [78.3913109, 17.4118027], [78.3912614, 17.411703], [78.3911775, 17.4117409], [78.391227, 17.4118406]]]}, "properties": {"osm_id": 416986949, "building_type": "yes", "osm_height": null, "osm_levels": null, "name": null}}, {"type": "Feature", "geometry": {"type": "Polygon", "coordinates": [[[78.390806, 17.4120314], [78.3908592, 17.4120236], [78.3908508, 17.4119715], [78.3907976, 17.4119792], [78.390806, 17.4120314]]]}, "properties": {"osm_id": 416986953, "building_type": "yes", "osm_height": null, "osm_levels": null, "name": null}}, {"type": "Feature", "geometry": {"type": "Polygon", "coordinates": [[[78.3931915, 17.4129243], [78.3933056, 17.4128981], [78.393266, 17.412741], [78.3931519, 17.4127672], [78.3931915, 17.4129243]]]}, "properties": {"osm_id": 416986958, "building_type": "yes", "osm_height": null, "osm_levels": null, "name": null}}, {"type": "Feature", "geometry": {"type": "Polygon", "coordinates": [[[78.3920706, 17.4112144], [78.3921704, 17.4111855], [78.3921351, 17.4110745], [78.3920353, 17.4111034], [78.3920706, 17.4112144]]]}, "properties": {"osm_id": 416986966, "building_type": "yes", "osm_height": null, "osm_levels": null, "name": null}}, {"type": "Feature", "geometry": {"type": "Polygon", "coordinates": [[[78.390902, 17.412047], [78.391039, 17.4120163], [78.3910249, 17.411959], [78.3908879, 17.4119898], [78.390902, 17.412047]]]}, "properties": {"osm_id": 416986971, "building_type": "yes", "osm_height": null, "osm_levels": null, "name": null}}, {"type": "Feature", "geometry": {"type": "Polygon", "coordinates": [[[78.3912589, 17.4119273], [78.3913669, 17.4118917], [78.3913367, 17.4118082], [78.3912288, 17.4118438], [78.3912589, 17.4119273]]]}, "properties": {"osm_id": 416986975, "building_type": "yes", "osm_height": null, "osm_levels": null, "name": null}}, {"type": "Feature", "geometry": {"type": "Polygon", "coordinates": [[[78.3927539, 17.4130455], [78.3928468, 17.4130242], [78.3928184, 17.4129117], [78.3927256, 17.412933], [78.3927539, 17.4130455]]]}, "properties": {"osm_id": 416986980, "building_type": "yes", "osm_height": null, "osm_levels": null, "name": null}}, {"type": "Feature", "geometry": {"type": "Polygon", "coordinates": [[[78.3917431, 17.4125767], [78.3918514, 17.4125069], [78.391815, 17.4124555], [78.3917067, 17.4125252], [78.3917431, 17.4125767]]]}, "properties": {"osm_id": 416986984, "building_type": "yes", "osm_height": null, "osm_levels": null, "name": null}}, {"type": "Feature", "geometry": {"type": "Polygon", "coordinates": [[[78.391815, 17.41191], [78.3919042, 17.4118693], [78.3918662, 17.4117934], [78.391777, 17.411834], [78.391815, 17.41191]]]}, "properties": {"osm_id": 416986988, "building_type": "yes", "osm_height": null, "osm_levels": null, "name": null}}, {"type": "Feature", "geometry": {"type": "Polygon", "coordinates": [[[78.3907708, 17.4118753], [78.3908285, 17.4118636], [78.3908138, 17.4117973], [78.390756, 17.411809], [78.3907708, 17.4118753]]]}, "properties": {"osm_id": 416986992, "building_type": "yes", "osm_height": null, "osm_levels": null, "name": null}}, {"type": "Feature", "geometry": {"type": "Polygon", "coordinates": [[[78.3915368, 17.4110194], [78.3916251, 17.4110012], [78.3916003, 17.4108919], [78.391512, 17.4109102], [78.3915368, 17.4110194]]]}, "properties": {"osm_id": 416986998, "building_type": "yes", "osm_height": null, "osm_levels": null, "name": null}}, {"type": "Feature", "geometry": {"type": "Polygon", "coordinates": [[[78.3903279, 17.4113791], [78.3904895, 17.4113727], [78.3904856, 17.411284], [78.390324, 17.4112904], [78.3903279, 17.4113791]]]}, "properties": {"osm_id": 416987003, "building_type": "yes", "osm_height": null, "osm_levels": null, "name": null}}, {"type": "Feature", "geometry": {"type": "Polygon", "coordinates": [[[78.3921447, 17.4114209], [78.3921915, 17.4114065], [78.3921567, 17.4113039], [78.39211, 17.4113183], [78.3921447, 17.4114209]]]}, "properties": {"osm_id": 416987009, "building_type": "yes", "osm_height": null, "osm_levels": null, "name": null}}, {"type": "Feature", "geometry": {"type": "Polygon", "coordinates": [[[78.3930996, 17.4129521], [78.3931651, 17.4129388], [78.3931519, 17.4128798], [78.3930865, 17.4128931], [78.3930996, 17.4129521]]]}, "properties": {"osm_id": 416987014, "building_type": "yes", "osm_height": null, "osm_levels": null, "name": null}}, {"type": "Feature", "geometry": {"type": "Polygon", "coordinates": [[[78.3922148, 17.4112857], [78.3923027, 17.4112622], [78.3922792, 17.411182], [78.3921913, 17.4112055], [78.3922148, 17.4112857]]]}, "properties": {"osm_id": 416987019, "building_type": "yes", "osm_height": null, "osm_levels": null, "name": null}}, {"type": "Feature", "geometry": {"type": "Polygon", "coordinates": [[[78.3922611, 17.4120704], [78.3923843, 17.4120267], [78.3923343, 17.4118981], [78.3922111, 17.4119417], [78.3922611, 17.4120704]]]}, "properties": {"osm_id": 416987023, "building_type": "yes", "osm_height": null, "osm_levels": null, "name": null}}, {"type": "Feature", "geometry": {"type": "Polygon", "coordinates": [[[78.3910357, 17.411917], [78.3911374, 17.4118901], [78.3911165, 17.4118178], [78.3910147, 17.4118447], [78.3910357, 17.411917]]]}, "properties": {"osm_id": 416987027, "building_type": "yes", "osm_height": null, "osm_levels": null, "name": null}}, {"type": "Feature", "geometry": {"type": "Polygon", "coordinates": [[[78.390295, 17.4105972], [78.390358, 17.410598], [78.3903597, 17.4104806], [78.3902967, 17.4104798], [78.390295, 17.4105972]]]}, "properties": {"osm_id": 416987032, "building_type": "yes", "osm_height": null, "osm_levels": null, "name": null}}, {"type": "Feature", "geometry": {"type": "Polygon", "coordinates": [[[78.3907245, 17.4110998], [78.390869, 17.4110912], [78.3908627, 17.4109946], [78.3907182, 17.4110032], [78.3907245, 17.4110998]]]}, "properties": {"osm_id": 416987037, "building_type": "yes", "osm_height": null, "osm_levels": null, "name": null}}, {"type": "Feature", "geometry": {"type": "Polygon", "coordinates": [[[78.390745, 17.4123307], [78.3908117, 17.412306], [78.3907786, 17.4122243], [78.3907118, 17.412249], [78.390745, 17.4123307]]]}, "properties": {"osm_id": 416987043, "building_type": "yes", "osm_height": null, "osm_levels": null, "name": null}}, {"type": "Feature", "geometry": {"type": "Polygon", "coordinates": [[[78.3905156, 17.4111315], [78.3906457, 17.4111273], [78.3906411, 17.4109966], [78.390511, 17.4110007], [78.3905156, 17.4111315]]]}, "properties": {"osm_id": 416987050, "building_type": "yes", "osm_height": null, "osm_levels": null, "name": null}}, {"type": "Feature", "geometry": {"type": "Polygon", "coordinates": [[[78.390512, 17.4104664], [78.3906266, 17.4104481], [78.3906178, 17.4103976], [78.3905031, 17.4104158], [78.390512, 17.4104664]]]}, "properties": {"osm_id": 416987054, "building_type": "yes", "osm_height": null, "osm_levels": null, "name": null}}, {"type": "Feature", "geometry": {"type": "Polygon", "coordinates": [[[78.3921814, 17.4111834], [78.3922787, 17.4111538], [78.3922408, 17.4110406], [78.3921435, 17.4110702], [78.3921814, 17.4111834]]]}, "properties": {"osm_id": 416987058, "building_type": "yes", "osm_height": null, "osm_levels": null, "name": null}}, {"type": "Feature", "geometry": {"type": "Polygon", "coordinates": [[[78.3915595, 17.4112463], [78.391596, 17.411349], [78.3917958, 17.4112844], [78.3917593, 17.4111817], [78.3915595, 17.4112463]]]}, "properties": {"osm_id": 416987063, "building_type": "yes", "osm_height": null, "osm_levels": null, "name": null}}, {"type": "Feature", "geometry": {"type": "Polygon", "coordinates": [[[78.3923803, 17.4129796], [78.3925591, 17.4129249], [78.3925271, 17.4128299], [78.3923484, 17.4128845], [78.3923803, 17.4129796]]]}, "properties": {"osm_id": 416987067, "building_type": "yes", "osm_height": null, "osm_levels": null, "name": null}}, {"type": "Feature", "geometry": {"type": "Polygon", "coordinates": [[[78.3909445, 17.4122689], [78.3910048, 17.412253], [78.3909773, 17.4121582], [78.390917, 17.4121742], [78.3909445, 17.4122689]]]}, "properties": {"osm_id": 416987071, "building_type": "yes", "osm_height": null, "osm_levels": null, "name": null}}, {"type": "Feature", "geometry": {"type": "Polygon", "coordinates": [[[78.3903848, 17.4109525], [78.3904946, 17.4109501], [78.3904918, 17.4108325], [78.390382, 17.4108349], [78.3903848, 17.4109525]]]}, "properties": {"osm_id": 416987076, "building_type": "yes", "osm_height": null, "osm_levels": null, "name": null}}, {"type": "Feature", "geometry": {"type": "Polygon", "coordinates": [[[78.3928956, 17.4126655], [78.3929517, 17.4126504], [78.3929201, 17.4125436], [78.392864, 17.4125587], [78.3928956, 17.4126655]]]}, "properties": {"osm_id": 416987079, "building_type": "yes", "osm_height": null, "osm_levels": null, "name": null}}, {"type": "Feature", "geometry": {"type": "Polygon", "coordinates": [[[78.3920425, 17.411468], [78.392132, 17.4114441], [78.3921028, 17.4113445], [78.3920133, 17.4113684], [78.3920425, 17.411468]]]}, "properties": {"osm_id": 416987084, "building_type": "yes", "osm_height": null, "osm_levels": null, "name": null}}, {"type": "Feature", "geometry": {"type": "Polygon", "coordinates": [[[78.3919929, 17.4113528], [78.3920928, 17.4113262], [78.3920613, 17.4112185], [78.3919613, 17.4112452], [78.3919929, 17.4113528]]]}, "properties": {"osm_id": 416987089, "building_type": "yes", "osm_height": null, "osm_levels": null, "name": null}}, {"type": "Feature", "geometry": {"type": "Polygon", "coordinates": [[[78.3920433, 17.4119132], [78.3921432, 17.4118649], [78.3920567, 17.411702], [78.3919568, 17.4117503], [78.3920433, 17.4119132]]]}, "properties": {"osm_id": 416987096, "building_type": "yes", "osm_height": null, "osm_levels": null, "name": null}}, {"type": "Feature", "geometry": {"type": "Polygon", "coordinates": [[[78.3908838, 17.4118943], [78.3909995, 17.4118637], [78.3909813, 17.4118012], [78.3908656, 17.4118318], [78.3908838, 17.4118943]]]}, "properties": {"osm_id": 416987099, "building_type": "yes", "osm_height": null, "osm_levels": null, "name": null}}, {"type": "Feature", "geometry": {"type": "Polygon", "coordinates": [[[78.392269, 17.411008], [78.3923803, 17.4109723], [78.3923622, 17.4109206], [78.3922508, 17.4109563], [78.392269, 17.411008]]]}, "properties": {"osm_id": 416987105, "building_type": "yes", "osm_height": null, "osm_levels": null, "name": null}}, {"type": "Feature", "geometry": {"type": "Polygon", "coordinates": [[[78.390695, 17.4124196], [78.3908308, 17.4123729], [78.3908107, 17.4123197], [78.3906749, 17.4123664], [78.390695, 17.4124196]]]}, "properties": {"osm_id": 416987111, "building_type": "yes", "osm_height": null, "osm_levels": null, "name": null}}, {"type": "Feature", "geometry": {"type": "Polygon", "coordinates": [[[78.3905441, 17.4115643], [78.390748, 17.4115368], [78.3907365, 17.4114595], [78.3905327, 17.411487], [78.3905441, 17.4115643]]]}, "properties": {"osm_id": 416987115, "building_type": "yes", "osm_height": null, "osm_levels": null, "name": null}}, {"type": "Feature", "geometry": {"type": "Polygon", "coordinates": [[[78.3915096, 17.4109075], [78.3916112, 17.4108855], [78.3915987, 17.4108331], [78.3914971, 17.4108552], [78.3915096, 17.4109075]]]}, "properties": {"osm_id": 416987121, "building_type": "yes", "osm_height": null, "osm_levels": null, "name": null}}, {"type": "Feature", "geometry": {"type": "Polygon", "coordinates": [[[78.3909321, 17.4112326], [78.3910702, 17.4112249], [78.3910663, 17.4111608], [78.3909281, 17.4111685], [78.3909321, 17.4112326]]]}, "properties": {"osm_id": 416987127, "building_type": "yes", "osm_height": null, "osm_levels": null, "name": null}}, {"type": "Feature", "geometry": {"type": "Polygon", "coordinates": [[[78.3916029, 17.4110889], [78.3916497, 17.4110793], [78.3916323, 17.4110025], [78.3915855, 17.4110121], [78.3916029, 17.4110889]]]}, "properties": {"osm_id": 416987132, "building_type": "yes", "osm_height": null, "osm_levels": null, "name": null}}, {"type": "Feature", "geometry": {"type": "Polygon", "coordinates": [[[78.3917733, 17.4119619], [78.3918267, 17.4119361], [78.391775, 17.4118388], [78.3917216, 17.4118646], [78.3917733, 17.4119619]]]}, "properties": {"osm_id": 416987138, "building_type": "yes", "osm_height": null, "osm_levels": null, "name": null}}, {"type": "Feature", "geometry": {"type": "Polygon", "coordinates": [[[78.3906176, 17.4122772], [78.3907022, 17.4122479], [78.3906819, 17.4121947], [78.3905973, 17.4122241], [78.3906176, 17.4122772]]]}, "properties": {"osm_id": 416987144, "building_type": "yes", "osm_height": null, "osm_levels": null, "name": null}}, {"type": "Feature", "geometry": {"type": "Polygon", "coordinates": [[[78.392393, 17.4113656], [78.3925137, 17.411327], [78.3924721, 17.4112089], [78.3923515, 17.4112475], [78.392393, 17.4113656]]]}, "properties": {"osm_id": 416987149, "building_type": "yes", "osm_height": null, "osm_levels": null, "name": null}}, {"type": "Feature", "geometry": {"type": "Polygon", "coordinates": [[[78.3903236, 17.411285], [78.3904749, 17.4112817], [78.3904727, 17.4111878], [78.3903213, 17.4111911], [78.3903236, 17.411285]]]}, "properties": {"osm_id": 416987155, "building_type": "yes", "osm_height": null, "osm_levels": null, "name": null}}, {"type": "Feature", "geometry": {"type": "Polygon", "coordinates": [[[78.3917588, 17.4110857], [78.3918336, 17.4110758], [78.3918225, 17.4109995], [78.3917477, 17.4110095], [78.3917588, 17.4110857]]]}, "properties": {"osm_id": 416987159, "building_type": "yes", "osm_height": null, "osm_levels": null, "name": null}}, {"type": "Feature", "geometry": {"type": "Polygon", "coordinates": [[[78.3911765, 17.4123748], [78.3913253, 17.4123108], [78.3912757, 17.4122057], [78.3911268, 17.4122696], [78.3911765, 17.4123748]]]}, "properties": {"osm_id": 416987165, "building_type": "yes", "osm_height": null, "osm_levels": null, "name": null}}, {"type": "Feature", "geometry": {"type": "Polygon", "coordinates": [[[78.3910095, 17.4118335], [78.3910863, 17.4118132], [78.3910698, 17.4117564], [78.390993, 17.4117767], [78.3910095, 17.4118335]]]}, "properties": {"osm_id": 416987170, "building_type": "yes", "osm_height": null, "osm_levels": null, "name": null}}, {"type": "Feature", "geometry": {"type": "Polygon", "coordinates": [[[78.3924292, 17.4110944], [78.3925505, 17.4110556], [78.392513, 17.4109491], [78.3923918, 17.4109879], [78.3924292, 17.4110944]]]}, "properties": {"osm_id": 416987175, "building_type": "yes", "osm_height": null, "osm_levels": null, "name": null}}, {"type": "Feature", "geometry": {"type": "Polygon", "coordinates": [[[78.3923112, 17.411127], [78.3924203, 17.4110921], [78.3924054, 17.4110499], [78.3922964, 17.4110848], [78.3923112, 17.411127]]]}, "properties": {"osm_id": 416987181, "building_type": "yes", "osm_height": null, "osm_levels": null, "name": null}}, {"type": "Feature", "geometry": {"type": "Polygon", "coordinates": [[[78.3903859, 17.4108295], [78.3904855, 17.4108279], [78.3904835, 17.4107151], [78.3903839, 17.4107167], [78.3903859, 17.4108295]]]}, "properties": {"osm_id": 416987187, "building_type": "yes", "osm_height": null, "osm_levels": null, "name": null}}, {"type": "Feature", "geometry": {"type": "Polygon", "coordinates": [[[78.3921206, 17.4110406], [78.39222, 17.4110141], [78.3921885, 17.4109066], [78.3920891, 17.4109331], [78.3921206, 17.4110406]]]}, "properties": {"osm_id": 416987192, "building_type": "yes", "osm_height": null, "osm_levels": null, "name": null}}, {"type": "Feature", "geometry": {"type": "Polygon", "coordinates": [[[78.3906573, 17.4123639], [78.3907393, 17.4123355], [78.3907079, 17.4122531], [78.3906259, 17.4122816], [78.3906573, 17.4123639]]]}, "properties": {"osm_id": 416987198, "building_type": "yes", "osm_height": null, "osm_levels": null, "name": null}}, {"type": "Feature", "geometry": {"type": "Polygon", "coordinates": [[[78.3917268, 17.4118543], [78.3918218, 17.4118084], [78.3917976, 17.4117628], [78.3917026, 17.4118087], [78.3917268, 17.4118543]]]}, "properties": {"osm_id": 416987203, "building_type": "yes", "osm_height": null, "osm_levels": null, "name": null}}, {"type": "Feature", "geometry": {"type": "Polygon", "coordinates": [[[78.3916442, 17.4109849], [78.3917783, 17.4109574], [78.3917471, 17.410819], [78.391613, 17.4108465], [78.3916442, 17.4109849]]]}, "properties": {"osm_id": 416987211, "building_type": "yes", "osm_height": null, "osm_levels": null, "name": null}}, {"type": "Feature", "geometry": {"type": "Polygon", "coordinates": [[[78.3909913, 17.4116846], [78.3910983, 17.411656], [78.3910648, 17.4115419], [78.3909577, 17.4115705], [78.3909913, 17.4116846]]]}, "properties": {"osm_id": 416987217, "building_type": "yes", "osm_height": null, "osm_levels": null, "name": null}}, {"type": "Feature", "geometry": {"type": "Polygon", "coordinates": [[[78.3908824, 17.4119041], [78.3909041, 17.4119789], [78.3910289, 17.4119459], [78.3910072, 17.4118712], [78.3908824, 17.4119041]]]}, "properties": {"osm_id": 416987225, "building_type": "yes", "osm_height": null, "osm_levels": null, "name": null}}, {"type": "Feature", "geometry": {"type": "Polygon", "coordinates": [[[78.3917401, 17.4124877], [78.3918199, 17.4124426], [78.3917608, 17.4123475], [78.391681, 17.4123926], [78.3917401, 17.4124877]]]}, "properties": {"osm_id": 416987231, "building_type": "yes", "osm_height": null, "osm_levels": null, "name": null}}, {"type": "Feature", "geometry": {"type": "Polygon", "coordinates": [[[78.3924306, 17.4114635], [78.3925363, 17.4114297], [78.392511, 17.411358], [78.3924054, 17.4113918], [78.3924306, 17.4114635]]]}, "properties": {"osm_id": 416987237, "building_type": "yes", "osm_height": null, "osm_levels": null, "name": null}}, {"type": "Feature", "geometry": {"type": "Polygon", "coordinates": [[[78.3922488, 17.4109517], [78.3923615, 17.4109156], [78.3923397, 17.4108535], [78.392227, 17.4108895], [78.3922488, 17.4109517]]]}, "properties": {"osm_id": 416987244, "building_type": "yes", "osm_height": null, "osm_levels": null, "name": null}}, {"type": "Feature", "geometry": {"type": "Polygon", "coordinates": [[[78.3910102, 17.4122459], [78.3910763, 17.4122284], [78.3910494, 17.4121358], [78.3909833, 17.4121533], [78.3910102, 17.4122459]]]}, "properties": {"osm_id": 416987249, "building_type": "yes", "osm_height": null, "osm_levels": null, "name": null}}, {"type": "Feature", "geometry": {"type": "Polygon", "coordinates": [[[78.392356, 17.4122686], [78.3924539, 17.4122401], [78.3924194, 17.4121323], [78.3923215, 17.4121607], [78.392356, 17.4122686]]]}, "properties": {"osm_id": 416987255, "building_type": "yes", "osm_height": null, "osm_levels": null, "name": null}}, {"type": "Feature", "geometry": {"type": "Polygon", "coordinates": [[[78.3905773, 17.411667], [78.390757, 17.4116376], [78.3907418, 17.4115529], [78.3905621, 17.4115824], [78.3905773, 17.411667]]]}, "properties": {"osm_id": 416987262, "building_type": "yes", "osm_height": null, "osm_levels": null, "name": null}}, {"type": "Feature", "geometry": {"type": "Polygon", "coordinates": [[[78.3920036, 17.412371], [78.3920938, 17.4123412], [78.3920705, 17.412277], [78.3919803, 17.4123068], [78.3920036, 17.412371]]]}, "properties": {"osm_id": 416987269, "building_type": "yes", "osm_height": null, "osm_levels": null, "name": null}}, {"type": "Feature", "geometry": {"type": "Polygon", "coordinates": [[[78.3918864, 17.4117692], [78.3919705, 17.4117285], [78.3919193, 17.411632], [78.3918352, 17.4116726], [78.3918864, 17.4117692]]]}, "properties": {"osm_id": 416987278, "building_type": "yes", "osm_height": null, "osm_levels": null, "name": null}}, {"type": "Feature", "geometry": {"type": "Polygon", "coordinates": [[[78.3925767, 17.4129478], [78.3926855, 17.4129157], [78.3926465, 17.4127958], [78.3925378, 17.4128279], [78.3925767, 17.4129478]]]}, "properties": {"osm_id": 416987285, "building_type": "yes", "osm_height": null, "osm_levels": null, "name": null}}, {"type": "Feature", "geometry": {"type": "Polygon", "coordinates": [[[78.3922257, 17.4108845], [78.3923397, 17.410848], [78.392297, 17.4107266], [78.392183, 17.410763], [78.3922257, 17.4108845]]]}, "properties": {"osm_id": 416987292, "building_type": "yes", "osm_height": null, "osm_levels": null, "name": null}}, {"type": "Feature", "geometry": {"type": "Polygon", "coordinates": [[[78.3916586, 17.4110806], [78.3917464, 17.411071], [78.3917392, 17.4110107], [78.3916514, 17.4110203], [78.3916586, 17.4110806]]]}, "properties": {"osm_id": 416987299, "building_type": "yes", "osm_height": null, "osm_levels": null, "name": null}}, {"type": "Feature", "geometry": {"type": "Polygon", "coordinates": [[[78.3924634, 17.4115838], [78.3925698, 17.4115498], [78.3925352, 17.4114514], [78.3924288, 17.4114854], [78.3924634, 17.4115838]]]}, "properties": {"osm_id": 416987307, "building_type": "yes", "osm_height": null, "osm_levels": null, "name": null}}, {"type": "Feature", "geometry": {"type": "Polygon", "coordinates": [[[78.3928532, 17.4129719], [78.3929612, 17.4129471], [78.3929229, 17.4127955], [78.392815, 17.4128203], [78.3928532, 17.4129719]]]}, "properties": {"osm_id": 416987314, "building_type": "yes", "osm_height": null, "osm_levels": null, "name": null}}, {"type": "Feature", "geometry": {"type": "Polygon", "coordinates": [[[78.3924641, 17.4112066], [78.3925341, 17.4111842], [78.3924986, 17.4110832], [78.3924286, 17.4111056], [78.3924641, 17.4112066]]]}, "properties": {"osm_id": 416987320, "building_type": "yes", "osm_height": null, "osm_levels": null, "name": null}}, {"type": "Feature", "geometry": {"type": "Polygon", "coordinates": [[[78.3926096, 17.4116561], [78.3927298, 17.4116177], [78.3926954, 17.4115198], [78.3925752, 17.4115583], [78.3926096, 17.4116561]]]}, "properties": {"osm_id": 416987326, "building_type": "yes", "osm_height": null, "osm_levels": null, "name": null}}, {"type": "Feature", "geometry": {"type": "Polygon", "coordinates": [[[78.3919126, 17.411121], [78.3920067, 17.4110959], [78.391967, 17.4109606], [78.3918729, 17.4109858], [78.3919126, 17.411121]]]}, "properties": {"osm_id": 416987333, "building_type": "yes", "osm_height": null, "osm_levels": null, "name": null}}, {"type": "Feature", "geometry": {"type": "Polygon", "coordinates": [[[78.3922941, 17.4110825], [78.3923958, 17.41105], [78.3923729, 17.4109849], [78.3922713, 17.4110175], [78.3922941, 17.4110825]]]}, "properties": {"osm_id": 416987338, "building_type": "yes", "osm_height": null, "osm_levels": null, "name": null}}, {"type": "Feature", "geometry": {"type": "Polygon", "coordinates": [[[78.3905666, 17.4124215], [78.390657, 17.4123916], [78.3906181, 17.4122847], [78.3905133, 17.4123194], [78.3905299, 17.4123649], [78.3905443, 17.4123602], [78.3905666, 17.4124215]]]}, "properties": {"osm_id": 416987344, "building_type": "yes", "osm_height": null, "osm_levels": null, "name": null}}, {"type": "Feature", "geometry": {"type": "Polygon", "coordinates": [[[78.3906385, 17.4104973], [78.3906822, 17.4104927], [78.3906855, 17.4105213], [78.3907098, 17.4105188], [78.3906999, 17.410432], [78.3906318, 17.4104391], [78.3906385, 17.4104973]]]}, "properties": {"osm_id": 416987352, "building_type": "yes", "osm_height": null, "osm_levels": null, "name": null}}, {"type": "Feature", "geometry": {"type": "Polygon", "coordinates": [[[78.3907537, 17.4112332], [78.3909237, 17.4112189], [78.3909138, 17.4111112], [78.3908537, 17.4111163], [78.3908559, 17.4111411], [78.390746, 17.4111503], [78.3907537, 17.4112332]]]}, "properties": {"osm_id": 416987360, "building_type": "yes", "osm_height": null, "osm_levels": null, "name": null}}, {"type": "Feature", "geometry": {"type": "Polygon", "coordinates": [[[78.3907976, 17.4122085], [78.3908966, 17.4121741], [78.390867, 17.4120965], [78.3907506, 17.4121369], [78.3907652, 17.4121753], [78.3907826, 17.4121692], [78.3907976, 17.4122085]]]}, "properties": {"osm_id": 416987368, "building_type": "yes", "osm_height": null, "osm_levels": null, "name": null}}, {"type": "Feature", "geometry": {"type": "Polygon", "coordinates": [[[78.3910756, 17.4112319], [78.3911889, 17.4112223], [78.3911834, 17.4111633], [78.3911222, 17.4111685], [78.3911205, 17.4111497], [78.3910683, 17.4111541], [78.3910756, 17.4112319]]]}, "properties": {"osm_id": 416987374, "building_type": "yes", "osm_height": null, "osm_levels": null, "name": null}}, {"type": "Feature", "geometry": {"type": "Polygon", "coordinates": [[[78.3928518, 17.4131677], [78.3929993, 17.4131353], [78.3929719, 17.4130218], [78.3928244, 17.4130543], [78.3928518, 17.4131677]]]}, "properties": {"osm_id": 416988874, "building_type": "yes", "osm_height": null, "osm_levels": null, "name": null}}, {"type": "Feature", "geometry": {"type": "Polygon", "coordinates": [[[78.392634, 17.4130586], [78.3927277, 17.4130379], [78.3927035, 17.4129378], [78.3926098, 17.4129584], [78.392634, 17.4130586]]]}, "properties": {"osm_id": 416988876, "building_type": "yes", "osm_height": null, "osm_levels": null, "name": null}}, {"type": "Feature", "geometry": {"type": "Polygon", "coordinates": [[[78.393087, 17.413321], [78.393166, 17.4133067], [78.3931311, 17.4131304], [78.3930382, 17.4131471], [78.3930495, 17.4132042], [78.3930634, 17.4132017], [78.393087, 17.413321]]]}, "properties": {"osm_id": 416988882, "building_type": "yes", "osm_height": null, "osm_levels": null, "name": null}}, {"type": "Feature", "geometry": {"type": "Polygon", "coordinates": [[[78.3926944, 17.4131718], [78.392728, 17.4131644], [78.3927326, 17.4131834], [78.3928405, 17.4131596], [78.3928163, 17.4130596], [78.3926748, 17.4130907], [78.3926944, 17.4131718]]]}, "properties": {"osm_id": 416988888, "building_type": "yes", "osm_height": null, "osm_levels": null, "name": null}}, {"type": "Feature", "geometry": {"type": "Polygon", "coordinates": [[[78.3889336, 17.4112444], [78.3890386, 17.4112424], [78.3890373, 17.4111802], [78.3891073, 17.4111788], [78.3891086, 17.4112411], [78.3891447, 17.4112404], [78.3891424, 17.4111323], [78.389062, 17.4111338], [78.3890624, 17.4111531], [78.3889318, 17.4111556], [78.3889336, 17.4112444]]]}, "properties": {"osm_id": 417143606, "building_type": "yes", "osm_height": null, "osm_levels": null, "name": null}}, {"type": "Feature", "geometry": {"type": "Polygon", "coordinates": [[[78.3842452, 17.4120831], [78.3842502, 17.4121768], [78.3843784, 17.4121706], [78.3843794, 17.4121892], [78.3842512, 17.4121955], [78.3842551, 17.412269], [78.3843893, 17.4122625], [78.384394, 17.41235], [78.3845239, 17.4123437], [78.3845201, 17.4122715], [78.3844118, 17.4122768], [78.3844112, 17.412265], [78.3845195, 17.4122598], [78.3845153, 17.4121806], [78.3844229, 17.4121851], [78.3844222, 17.4121707], [78.3845145, 17.4121663], [78.3845094, 17.4120703], [78.3842452, 17.4120831]]]}, "properties": {"osm_id": 417143607, "building_type": "yes", "osm_height": null, "osm_levels": null, "name": null}}, {"type": "Feature", "geometry": {"type": "Polygon", "coordinates": [[[78.3829608, 17.4120862], [78.3829418, 17.4116705], [78.3828932, 17.4116725], [78.3828946, 17.4117045], [78.3828196, 17.4117076], [78.3828226, 17.411773], [78.3829139, 17.4117692], [78.3829142, 17.4117766], [78.3828229, 17.4117803], [78.3828274, 17.4118768], [78.3829037, 17.4118736], [78.3829043, 17.411887], [78.382828, 17.4118901], [78.3828322, 17.411983], [78.3829396, 17.4119785], [78.3829399, 17.4119857], [78.3828325, 17.4119902], [78.3828372, 17.4120913], [78.3829608, 17.4120862]]]}, "properties": {"osm_id": 417143608, "building_type": "yes", "osm_height": null, "osm_levels": null, "name": null}}, {"type": "Feature", "geometry": {"type": "Polygon", "coordinates": [[[78.3825561, 17.4119611], [78.3826477, 17.411961], [78.3826477, 17.4119425], [78.3826686, 17.4119425], [78.3826686, 17.411961], [78.3828066, 17.411961], [78.3828065, 17.4118848], [78.3826705, 17.4118849], [78.3826705, 17.4118756], [78.3828065, 17.4118755], [78.3828065, 17.411789], [78.3826762, 17.411789], [78.3826762, 17.4117772], [78.3828065, 17.4117771], [78.3828064, 17.4116838], [78.3827513, 17.4116839], [78.3827513, 17.4116973], [78.3826809, 17.4116973], [78.3826809, 17.4117151], [78.3826549, 17.4117151], [78.3826549, 17.4116974], [78.3825967, 17.4116974], [78.3825967, 17.4116839], [78.382556, 17.4116839], [78.382556, 17.4117653], [78.3826522, 17.4117653], [78.3826522, 17.4117787], [78.382556, 17.4117787], [78.382556, 17.41186], [78.3826507, 17.41186], [78.3826507, 17.4118715], [78.382556, 17.4118715], [78.3825561, 17.4119611]]]}, "properties": {"osm_id": 417143609, "building_type": "yes", "osm_height": null, "osm_levels": null, "name": null}}, {"type": "Feature", "geometry": {"type": "Polygon", "coordinates": [[[78.3899488, 17.4157476], [78.3900669, 17.4157054], [78.3900098, 17.4155602], [78.3898918, 17.4156024], [78.3899488, 17.4157476]]]}, "properties": {"osm_id": 417143610, "building_type": "yes", "osm_height": null, "osm_levels": null, "name": null}}, {"type": "Feature", "geometry": {"type": "Polygon", "coordinates": [[[78.3905751, 17.4156305], [78.3906918, 17.4156069], [78.3906745, 17.4155292], [78.3905578, 17.4155529], [78.3905751, 17.4156305]]]}, "properties": {"osm_id": 417143611, "building_type": "yes", "osm_height": null, "osm_levels": null, "name": null}}, {"type": "Feature", "geometry": {"type": "Polygon", "coordinates": [[[78.3896766, 17.4158401], [78.3897638, 17.4158084], [78.3897318, 17.4157283], [78.3896446, 17.4157599], [78.3896766, 17.4158401]]]}, "properties": {"osm_id": 417143612, "building_type": "yes", "osm_height": null, "osm_levels": null, "name": null}}, {"type": "Feature", "geometry": {"type": "Polygon", "coordinates": [[[78.3912743, 17.415377], [78.3913518, 17.4153414], [78.3913008, 17.4152406], [78.3912234, 17.4152762], [78.3912743, 17.415377]]]}, "properties": {"osm_id": 417143613, "building_type": "yes", "osm_height": null, "osm_levels": null, "name": null}}, {"type": "Feature", "geometry": {"type": "Polygon", "coordinates": [[[78.3901621, 17.4154376], [78.3902848, 17.4153919], [78.3902492, 17.4153049], [78.3901265, 17.4153506], [78.3901621, 17.4154376]]]}, "properties": {"osm_id": 417143614, "building_type": "yes", "osm_height": null, "osm_levels": null, "name": null}}, {"type": "Feature", "geometry": {"type": "Polygon", "coordinates": [[[78.3915191, 17.4149343], [78.3914604, 17.4147922], [78.391404, 17.4148134], [78.3914627, 17.4149555], [78.3915191, 17.4149343]]]}, "properties": {"osm_id": 417143615, "building_type": "yes", "osm_height": null, "osm_levels": null, "name": null}}, {"type": "Feature", "geometry": {"type": "Polygon", "coordinates": [[[78.3910755, 17.415306], [78.3911956, 17.4152391], [78.3911404, 17.415149], [78.3910204, 17.4152159], [78.3910755, 17.415306]]]}, "properties": {"osm_id": 417143617, "building_type": "yes", "osm_height": null, "osm_levels": null, "name": null}}, {"type": "Feature", "geometry": {"type": "Polygon", "coordinates": [[[78.390236, 17.4151368], [78.3903503, 17.415092], [78.3903234, 17.4150293], [78.390209, 17.4150741], [78.390236, 17.4151368]]]}, "properties": {"osm_id": 417143618, "building_type": "yes", "osm_height": null, "osm_levels": null, "name": null}}, {"type": "Feature", "geometry": {"type": "Polygon", "coordinates": [[[78.3883871, 17.412176], [78.3884594, 17.4121758], [78.3884591, 17.4120549], [78.3883867, 17.4120551], [78.3883871, 17.412176]]]}, "properties": {"osm_id": 417143619, "building_type": "yes", "osm_height": null, "osm_levels": null, "name": null}}, {"type": "Feature", "geometry": {"type": "Polygon", "coordinates": [[[78.3905066, 17.4149931], [78.3906335, 17.4149468], [78.3905812, 17.4148163], [78.3904543, 17.4148626], [78.3905066, 17.4149931]]]}, "properties": {"osm_id": 417143620, "building_type": "yes", "osm_height": null, "osm_levels": null, "name": null}}, {"type": "Feature", "geometry": {"type": "Polygon", "coordinates": [[[78.391308, 17.4161346], [78.3914222, 17.4161178], [78.3913995, 17.415978], [78.3912854, 17.4159948], [78.391308, 17.4161346]]]}, "properties": {"osm_id": 417143622, "building_type": "yes", "osm_height": null, "osm_levels": null, "name": null}}, {"type": "Feature", "geometry": {"type": "Polygon", "coordinates": [[[78.3886892, 17.4113445], [78.3887738, 17.4113426], [78.3887712, 17.4112351], [78.3886865, 17.4112371], [78.3886892, 17.4113445]]]}, "properties": {"osm_id": 417143623, "building_type": "yes", "osm_height": null, "osm_levels": null, "name": null}}, {"type": "Feature", "geometry": {"type": "Polygon", "coordinates": [[[78.3907983, 17.4147074], [78.3908965, 17.4146828], [78.3908778, 17.414615], [78.3907796, 17.4146397], [78.3907983, 17.4147074]]]}, "properties": {"osm_id": 417143624, "building_type": "yes", "osm_height": null, "osm_levels": null, "name": null}}, {"type": "Feature", "geometry": {"type": "Polygon", "coordinates": [[[78.3883252, 17.4106992], [78.3884492, 17.4106947], [78.3884475, 17.410652], [78.3883235, 17.4106564], [78.3883252, 17.4106992]]]}, "properties": {"osm_id": 417143625, "building_type": "yes", "osm_height": null, "osm_levels": null, "name": null}}, {"type": "Feature", "geometry": {"type": "Polygon", "coordinates": [[[78.3882276, 17.411912], [78.3883309, 17.4119091], [78.3883281, 17.4118172], [78.3882248, 17.4118201], [78.3882276, 17.411912]]]}, "properties": {"osm_id": 417143626, "building_type": "yes", "osm_height": null, "osm_levels": null, "name": null}}, {"type": "Feature", "geometry": {"type": "Polygon", "coordinates": [[[78.3907354, 17.415676], [78.3908071, 17.4156475], [78.3907768, 17.4155778], [78.390705, 17.4156063], [78.3907354, 17.415676]]]}, "properties": {"osm_id": 417143627, "building_type": "yes", "osm_height": null, "osm_levels": null, "name": null}}, {"type": "Feature", "geometry": {"type": "Polygon", "coordinates": [[[78.3905342, 17.4155486], [78.3906484, 17.4155061], [78.3906066, 17.415404], [78.3904925, 17.4154466], [78.3905342, 17.4155486]]]}, "properties": {"osm_id": 417143628, "building_type": "yes", "osm_height": null, "osm_levels": null, "name": null}}, {"type": "Feature", "geometry": {"type": "Polygon", "coordinates": [[[78.3885387, 17.4110498], [78.3886109, 17.4110467], [78.3886056, 17.4109331], [78.3885334, 17.4109363], [78.3885387, 17.4110498]]]}, "properties": {"osm_id": 417143629, "building_type": "yes", "osm_height": null, "osm_levels": null, "name": null}}, {"type": "Feature", "geometry": {"type": "Polygon", "coordinates": [[[78.3907327, 17.4150146], [78.3908262, 17.4149672], [78.3907904, 17.4149029], [78.3906969, 17.4149502], [78.3907327, 17.4150146]]]}, "properties": {"osm_id": 417143630, "building_type": "yes", "osm_height": null, "osm_levels": null, "name": null}}, {"type": "Feature", "geometry": {"type": "Polygon", "coordinates": [[[78.3888153, 17.4125068], [78.3889185, 17.4125076], [78.3889189, 17.4124495], [78.3888157, 17.4124487], [78.3888153, 17.4125068]]]}, "properties": {"osm_id": 417143631, "building_type": "yes", "osm_height": null, "osm_levels": null, "name": null}}, {"type": "Feature", "geometry": {"type": "Polygon", "coordinates": [[[78.3823718, 17.4118548], [78.3825249, 17.4118521], [78.3825216, 17.4116757], [78.3823684, 17.4116784], [78.3823718, 17.4118548]]]}, "properties": {"osm_id": 417143632, "building_type": "yes", "osm_height": null, "osm_levels": null, "name": null}}, {"type": "Feature", "geometry": {"type": "Polygon", "coordinates": [[[78.3885176, 17.411299], [78.3885584, 17.4112999], [78.3885615, 17.4111729], [78.3885206, 17.411172], [78.3885176, 17.411299]]]}, "properties": {"osm_id": 417143633, "building_type": "yes", "osm_height": null, "osm_levels": null, "name": null}}, {"type": "Feature", "geometry": {"type": "Polygon", "coordinates": [[[78.3901636, 17.4149707], [78.3902437, 17.4149391], [78.3902123, 17.4148667], [78.3901322, 17.4148984], [78.3901636, 17.4149707]]]}, "properties": {"osm_id": 417143634, "building_type": "yes", "osm_height": null, "osm_levels": null, "name": null}}, {"type": "Feature", "geometry": {"type": "Polygon", "coordinates": [[[78.3915149, 17.415778], [78.3915943, 17.4157617], [78.3915658, 17.4156354], [78.3914864, 17.4156517], [78.3915149, 17.415778]]]}, "properties": {"osm_id": 417143635, "building_type": "yes", "osm_height": null, "osm_levels": null, "name": null}}, {"type": "Feature", "geometry": {"type": "Polygon", "coordinates": [[[78.388361, 17.411323], [78.3885055, 17.4113211], [78.3885049, 17.4112788], [78.3883604, 17.4112807], [78.388361, 17.411323]]]}, "properties": {"osm_id": 417143636, "building_type": "yes", "osm_height": null, "osm_levels": null, "name": null}}, {"type": "Feature", "geometry": {"type": "Polygon", "coordinates": [[[78.3900829, 17.416445], [78.3901708, 17.4164121], [78.3901178, 17.4162832], [78.39003, 17.4163161], [78.3900829, 17.416445]]]}, "properties": {"osm_id": 417143637, "building_type": "yes", "osm_height": null, "osm_levels": null, "name": null}}, {"type": "Feature", "geometry": {"type": "Polygon", "coordinates": [[[78.3914346, 17.4151438], [78.3915211, 17.4150919], [78.3914517, 17.4149866], [78.3913652, 17.4150386], [78.3914346, 17.4151438]]]}, "properties": {"osm_id": 417143638, "building_type": "yes", "osm_height": null, "osm_levels": null, "name": null}}, {"type": "Feature", "geometry": {"type": "Polygon", "coordinates": [[[78.3896233, 17.4121079], [78.3897235, 17.4120899], [78.3897023, 17.4119817], [78.389602, 17.4119996], [78.3896233, 17.4121079]]]}, "properties": {"osm_id": 417143639, "building_type": "yes", "osm_height": null, "osm_levels": null, "name": null}}, {"type": "Feature", "geometry": {"type": "Polygon", "coordinates": [[[78.3912061, 17.4162854], [78.3912859, 17.4162713], [78.3912645, 17.4161608], [78.3911847, 17.4161748], [78.3912061, 17.4162854]]]}, "properties": {"osm_id": 417143640, "building_type": "yes", "osm_height": null, "osm_levels": null, "name": null}}, {"type": "Feature", "geometry": {"type": "Polygon", "coordinates": [[[78.3890027, 17.4117078], [78.3890549, 17.4117054], [78.3890482, 17.4115748], [78.388996, 17.4115773], [78.3890027, 17.4117078]]]}, "properties": {"osm_id": 417143641, "building_type": "yes", "osm_height": null, "osm_levels": null, "name": null}}, {"type": "Feature", "geometry": {"type": "Polygon", "coordinates": [[[78.3842698, 17.4125699], [78.3845466, 17.4125566], [78.3845372, 17.4123774], [78.3842604, 17.4123906], [78.3842698, 17.4125699]]]}, "properties": {"osm_id": 417143642, "building_type": "yes", "osm_height": null, "osm_levels": null, "name": null}}, {"type": "Feature", "geometry": {"type": "Polygon", "coordinates": [[[78.3915229, 17.4159146], [78.3916222, 17.4158938], [78.3915928, 17.415766], [78.3914935, 17.4157867], [78.3915229, 17.4159146]]]}, "properties": {"osm_id": 417143643, "building_type": "yes", "osm_height": null, "osm_levels": null, "name": null}}, {"type": "Feature", "geometry": {"type": "Polygon", "coordinates": [[[78.3904553, 17.414852], [78.3905134, 17.4148296], [78.3904648, 17.4147148], [78.3904066, 17.4147372], [78.3904553, 17.414852]]]}, "properties": {"osm_id": 417143644, "building_type": "yes", "osm_height": null, "osm_levels": null, "name": null}}, {"type": "Feature", "geometry": {"type": "Polygon", "coordinates": [[[78.3899337, 17.4155099], [78.3900256, 17.4154747], [78.3900039, 17.4154231], [78.389912, 17.4154583], [78.3899337, 17.4155099]]]}, "properties": {"osm_id": 417143645, "building_type": "yes", "osm_height": null, "osm_levels": null, "name": null}}, {"type": "Feature", "geometry": {"type": "Polygon", "coordinates": [[[78.3910673, 17.4157593], [78.3912457, 17.4157241], [78.3912245, 17.4156264], [78.3910461, 17.4156616], [78.3910673, 17.4157593]]]}, "properties": {"osm_id": 417143646, "building_type": "yes", "osm_height": null, "osm_levels": null, "name": null}}, {"type": "Feature", "geometry": {"type": "Polygon", "coordinates": [[[78.3898311, 17.4159325], [78.3899317, 17.415889], [78.3899036, 17.4158298], [78.389803, 17.4158733], [78.3898311, 17.4159325]]]}, "properties": {"osm_id": 417143647, "building_type": "yes", "osm_height": null, "osm_levels": null, "name": null}}, {"type": "Feature", "geometry": {"type": "Polygon", "coordinates": [[[78.389174, 17.4175929], [78.3892078, 17.4175727], [78.3891368, 17.4174648], [78.389103, 17.417485], [78.389174, 17.4175929]]]}, "properties": {"osm_id": 417143648, "building_type": "yes", "osm_height": null, "osm_levels": null, "name": null}}, {"type": "Feature", "geometry": {"type": "Polygon", "coordinates": [[[78.3903292, 17.4152334], [78.3904201, 17.4152043], [78.3903914, 17.4151228], [78.3903005, 17.415152], [78.3903292, 17.4152334]]]}, "properties": {"osm_id": 417143649, "building_type": "yes", "osm_height": null, "osm_levels": null, "name": null}}, {"type": "Feature", "geometry": {"type": "Polygon", "coordinates": [[[78.3910267, 17.416517], [78.391195, 17.4164293], [78.3911493, 17.4163493], [78.390981, 17.416437], [78.3910267, 17.416517]]]}, "properties": {"osm_id": 417143651, "building_type": "yes", "osm_height": null, "osm_levels": null, "name": null}}, {"type": "Feature", "geometry": {"type": "Polygon", "coordinates": [[[78.389234, 17.411298], [78.389463, 17.4112871], [78.3894597, 17.4112227], [78.3892307, 17.4112335], [78.389234, 17.411298]]]}, "properties": {"osm_id": 417143652, "building_type": "yes", "osm_height": null, "osm_levels": null, "name": null}}, {"type": "Feature", "geometry": {"type": "Polygon", "coordinates": [[[78.389913, 17.4122038], [78.3899525, 17.4121962], [78.389935, 17.4121143], [78.3898955, 17.4121219], [78.389913, 17.4122038]]]}, "properties": {"osm_id": 417143653, "building_type": "yes", "osm_height": null, "osm_levels": null, "name": null}}, {"type": "Feature", "geometry": {"type": "Polygon", "coordinates": [[[78.3883312, 17.4107593], [78.3884452, 17.4107542], [78.3884429, 17.4107068], [78.3883289, 17.4107119], [78.3883312, 17.4107593]]]}, "properties": {"osm_id": 417143655, "building_type": "yes", "osm_height": null, "osm_levels": null, "name": null}}, {"type": "Feature", "geometry": {"type": "Polygon", "coordinates": [[[78.3892622, 17.4175237], [78.3894051, 17.4174498], [78.3893666, 17.417382], [78.3892236, 17.4174559], [78.3892622, 17.4175237]]]}, "properties": {"osm_id": 417143656, "building_type": "yes", "osm_height": null, "osm_levels": null, "name": null}}, {"type": "Feature", "geometry": {"type": "Polygon", "coordinates": [[[78.3907887, 17.4157895], [78.3909791, 17.4157262], [78.3909417, 17.4156237], [78.3907512, 17.415687], [78.3907887, 17.4157895]]]}, "properties": {"osm_id": 417143658, "building_type": "yes", "osm_height": null, "osm_levels": null, "name": null}}, {"type": "Feature", "geometry": {"type": "Polygon", "coordinates": [[[78.3898724, 17.4111494], [78.3900088, 17.4111468], [78.3900063, 17.4110216], [78.3898698, 17.4110241], [78.3898724, 17.4111494]]]}, "properties": {"osm_id": 417143659, "building_type": "yes", "osm_height": null, "osm_levels": null, "name": null}}, {"type": "Feature", "geometry": {"type": "Polygon", "coordinates": [[[78.3912509, 17.415036], [78.3913605, 17.4149925], [78.3913124, 17.4148822], [78.3912028, 17.4149257], [78.3912509, 17.415036]]]}, "properties": {"osm_id": 417143660, "building_type": "yes", "osm_height": null, "osm_levels": null, "name": null}}, {"type": "Feature", "geometry": {"type": "Polygon", "coordinates": [[[78.3884935, 17.4111631], [78.3885733, 17.4111638], [78.3885743, 17.4110627], [78.3884945, 17.411062], [78.3884935, 17.4111631]]]}, "properties": {"osm_id": 417143661, "building_type": "yes", "osm_height": null, "osm_levels": null, "name": null}}, {"type": "Feature", "geometry": {"type": "Polygon", "coordinates": [[[78.3900407, 17.4156138], [78.3901625, 17.4155628], [78.3901308, 17.4154941], [78.3900091, 17.4155451], [78.3900407, 17.4156138]]]}, "properties": {"osm_id": 417143662, "building_type": "yes", "osm_height": null, "osm_levels": null, "name": null}}, {"type": "Feature", "geometry": {"type": "Polygon", "coordinates": [[[78.3900658, 17.4167483], [78.3901406, 17.416713], [78.3900661, 17.4165696], [78.3899914, 17.416605], [78.3900658, 17.4167483]]]}, "properties": {"osm_id": 417143663, "building_type": "yes", "osm_height": null, "osm_levels": null, "name": null}}, {"type": "Feature", "geometry": {"type": "Polygon", "coordinates": [[[78.3911567, 17.4154288], [78.3912639, 17.4153722], [78.3912042, 17.4152691], [78.3910969, 17.4153258], [78.3911567, 17.4154288]]]}, "properties": {"osm_id": 417143664, "building_type": "yes", "osm_height": null, "osm_levels": null, "name": null}}, {"type": "Feature", "geometry": {"type": "Polygon", "coordinates": [[[78.3911432, 17.4145865], [78.3911806, 17.4145757], [78.3911571, 17.4145021], [78.3911198, 17.4145129], [78.3911432, 17.4145865]]]}, "properties": {"osm_id": 417143666, "building_type": "yes", "osm_height": null, "osm_levels": null, "name": null}}, {"type": "Feature", "geometry": {"type": "Polygon", "coordinates": [[[78.3903203, 17.4153743], [78.3904453, 17.4153277], [78.3904115, 17.4152451], [78.3902865, 17.4152916], [78.3903203, 17.4153743]]]}, "properties": {"osm_id": 417143667, "building_type": "yes", "osm_height": null, "osm_levels": null, "name": null}}, {"type": "Feature", "geometry": {"type": "Polygon", "coordinates": [[[78.383806, 17.4120006], [78.3839515, 17.4119922], [78.3839401, 17.4118118], [78.3837946, 17.4118202], [78.383806, 17.4120006]]]}, "properties": {"osm_id": 417143669, "building_type": "yes", "osm_height": null, "osm_levels": null, "name": null}}, {"type": "Feature", "geometry": {"type": "Polygon", "coordinates": [[[78.3913437, 17.4153059], [78.3914078, 17.415299], [78.3913954, 17.4151945], [78.3913313, 17.4152014], [78.3913437, 17.4153059]]]}, "properties": {"osm_id": 417143670, "building_type": "yes", "osm_height": null, "osm_levels": null, "name": null}}, {"type": "Feature", "geometry": {"type": "Polygon", "coordinates": [[[78.3890697, 17.4117033], [78.3891876, 17.4116994], [78.3891835, 17.4115881], [78.3890657, 17.411592], [78.3890697, 17.4117033]]]}, "properties": {"osm_id": 417143672, "building_type": "yes", "osm_height": null, "osm_levels": null, "name": null}}, {"type": "Feature", "geometry": {"type": "Polygon", "coordinates": [[[78.3910578, 17.4149762], [78.3911486, 17.4149432], [78.3910973, 17.4148143], [78.3910064, 17.4148473], [78.3910578, 17.4149762]]]}, "properties": {"osm_id": 417143673, "building_type": "yes", "osm_height": null, "osm_levels": null, "name": null}}, {"type": "Feature", "geometry": {"type": "Polygon", "coordinates": [[[78.389225, 17.4119954], [78.3893402, 17.4119941], [78.3893383, 17.4118476], [78.3892231, 17.4118489], [78.389225, 17.4119954]]]}, "properties": {"osm_id": 417143674, "building_type": "yes", "osm_height": null, "osm_levels": null, "name": null}}, {"type": "Feature", "geometry": {"type": "Polygon", "coordinates": [[[78.3904269, 17.4168095], [78.390573, 17.4167527], [78.3904903, 17.416559], [78.3903442, 17.4166158], [78.3904269, 17.4168095]]]}, "properties": {"osm_id": 417143675, "building_type": "yes", "osm_height": null, "osm_levels": null, "name": null}}, {"type": "Feature", "geometry": {"type": "Polygon", "coordinates": [[[78.3906407, 17.4148447], [78.3908019, 17.4147907], [78.3907395, 17.4146209], [78.3905782, 17.4146749], [78.3906407, 17.4148447]]]}, "properties": {"osm_id": 417143676, "building_type": "yes", "osm_height": null, "osm_levels": null, "name": null}}, {"type": "Feature", "geometry": {"type": "Polygon", "coordinates": [[[78.3880902, 17.4117574], [78.3881994, 17.4117562], [78.3881989, 17.4117102], [78.3880896, 17.4117114], [78.3880902, 17.4117574]]]}, "properties": {"osm_id": 417143677, "building_type": "yes", "osm_height": null, "osm_levels": null, "name": null}}, {"type": "Feature", "geometry": {"type": "Polygon", "coordinates": [[[78.3850133, 17.412421], [78.3851432, 17.4124153], [78.3851344, 17.4122348], [78.3850046, 17.4122405], [78.3850133, 17.412421]]]}, "properties": {"osm_id": 417143678, "building_type": "yes", "osm_height": null, "osm_levels": null, "name": null}}, {"type": "Feature", "geometry": {"type": "Polygon", "coordinates": [[[78.3884784, 17.4112728], [78.3885152, 17.4112735], [78.3885175, 17.4111677], [78.3884807, 17.4111669], [78.3884784, 17.4112728]]]}, "properties": {"osm_id": 417143679, "building_type": "yes", "osm_height": null, "osm_levels": null, "name": null}}, {"type": "Feature", "geometry": {"type": "Polygon", "coordinates": [[[78.3914727, 17.4155829], [78.3916111, 17.4155509], [78.3915931, 17.4154798], [78.3914546, 17.4155118], [78.3914727, 17.4155829]]]}, "properties": {"osm_id": 417143680, "building_type": "yes", "osm_height": null, "osm_levels": null, "name": null}}, {"type": "Feature", "geometry": {"type": "Polygon", "coordinates": [[[78.3895867, 17.4122249], [78.3896458, 17.4122126], [78.389623, 17.4121134], [78.3895639, 17.4121258], [78.3895867, 17.4122249]]]}, "properties": {"osm_id": 417143681, "building_type": "yes", "osm_height": null, "osm_levels": null, "name": null}}, {"type": "Feature", "geometry": {"type": "Polygon", "coordinates": [[[78.388999, 17.4113997], [78.3891281, 17.4113965], [78.3891268, 17.4113498], [78.3889977, 17.411353], [78.388999, 17.4113997]]]}, "properties": {"osm_id": 417143682, "building_type": "yes", "osm_height": null, "osm_levels": null, "name": null}}, {"type": "Feature", "geometry": {"type": "Polygon", "coordinates": [[[78.3911002, 17.4155162], [78.3911696, 17.4154832], [78.3911305, 17.4154083], [78.3910611, 17.4154412], [78.3911002, 17.4155162]]]}, "properties": {"osm_id": 417143683, "building_type": "yes", "osm_height": null, "osm_levels": null, "name": null}}, {"type": "Feature", "geometry": {"type": "Polygon", "coordinates": [[[78.3903825, 17.4148776], [78.3904472, 17.4148534], [78.3904076, 17.4147571], [78.3903429, 17.4147813], [78.3903825, 17.4148776]]]}, "properties": {"osm_id": 417143684, "building_type": "yes", "osm_height": null, "osm_levels": null, "name": null}}, {"type": "Feature", "geometry": {"type": "Polygon", "coordinates": [[[78.3911689, 17.4161136], [78.3912805, 17.4160947], [78.391266, 17.4160162], [78.3911543, 17.416035], [78.3911689, 17.4161136]]]}, "properties": {"osm_id": 417143685, "building_type": "yes", "osm_height": null, "osm_levels": null, "name": null}}, {"type": "Feature", "geometry": {"type": "Polygon", "coordinates": [[[78.388383, 17.4122719], [78.3885024, 17.4122767], [78.3885044, 17.4122311], [78.388385, 17.4122263], [78.388383, 17.4122719]]]}, "properties": {"osm_id": 417143686, "building_type": "yes", "osm_height": null, "osm_levels": null, "name": null}}, {"type": "Feature", "geometry": {"type": "Polygon", "coordinates": [[[78.3899683, 17.4161194], [78.3900322, 17.4161001], [78.3900047, 17.4160169], [78.3899408, 17.4160362], [78.3899683, 17.4161194]]]}, "properties": {"osm_id": 417143687, "building_type": "yes", "osm_height": null, "osm_levels": null, "name": null}}, {"type": "Feature", "geometry": {"type": "Polygon", "coordinates": [[[78.3879825, 17.4119891], [78.3880527, 17.4119872], [78.3880503, 17.4119079], [78.3879802, 17.4119097], [78.3879825, 17.4119891]]]}, "properties": {"osm_id": 417143688, "building_type": "yes", "osm_height": null, "osm_levels": null, "name": null}}, {"type": "Feature", "geometry": {"type": "Polygon", "coordinates": [[[78.3908591, 17.4163158], [78.3909714, 17.4162592], [78.3909481, 17.416217], [78.3908357, 17.4162736], [78.3908591, 17.4163158]]]}, "properties": {"osm_id": 417143689, "building_type": "yes", "osm_height": null, "osm_levels": null, "name": null}}, {"type": "Feature", "geometry": {"type": "Polygon", "coordinates": [[[78.39128, 17.4152215], [78.391347, 17.4151848], [78.391285, 17.4150818], [78.391218, 17.4151185], [78.39128, 17.4152215]]]}, "properties": {"osm_id": 417143690, "building_type": "yes", "osm_height": null, "osm_levels": null, "name": null}}, {"type": "Feature", "geometry": {"type": "Polygon", "coordinates": [[[78.3883463, 17.411061], [78.3884188, 17.4110604], [78.3884178, 17.4109491], [78.3883453, 17.4109497], [78.3883463, 17.411061]]]}, "properties": {"osm_id": 417143691, "building_type": "yes", "osm_height": null, "osm_levels": null, "name": null}}, {"type": "Feature", "geometry": {"type": "Polygon", "coordinates": [[[78.3892756, 17.4117827], [78.3894322, 17.4117772], [78.3894295, 17.4117084], [78.389273, 17.4117138], [78.3892756, 17.4117827]]]}, "properties": {"osm_id": 417143692, "building_type": "yes", "osm_height": null, "osm_levels": null, "name": null}}, {"type": "Feature", "geometry": {"type": "Polygon", "coordinates": [[[78.3883311, 17.4108753], [78.3884422, 17.4108737], [78.3884405, 17.4107646], [78.3883295, 17.4107662], [78.3883311, 17.4108753]]]}, "properties": {"osm_id": 417143693, "building_type": "yes", "osm_height": null, "osm_levels": null, "name": null}}, {"type": "Feature", "geometry": {"type": "Polygon", "coordinates": [[[78.3905074, 17.4154324], [78.3905962, 17.4154007], [78.3905612, 17.4153112], [78.3904724, 17.4153429], [78.3905074, 17.4154324]]]}, "properties": {"osm_id": 417143694, "building_type": "yes", "osm_height": null, "osm_levels": null, "name": null}}, {"type": "Feature", "geometry": {"type": "Polygon", "coordinates": [[[78.3898781, 17.4112706], [78.3900102, 17.411269], [78.3900087, 17.4111599], [78.3898766, 17.4111615], [78.3898781, 17.4112706]]]}, "properties": {"osm_id": 417143695, "building_type": "yes", "osm_height": null, "osm_levels": null, "name": null}}, {"type": "Feature", "geometry": {"type": "Polygon", "coordinates": [[[78.3911411, 17.4159981], [78.3912973, 17.4159636], [78.3912697, 17.4158498], [78.3911134, 17.4158843], [78.3911411, 17.4159981]]]}, "properties": {"osm_id": 417143696, "building_type": "yes", "osm_height": null, "osm_levels": null, "name": null}}, {"type": "Feature", "geometry": {"type": "Polygon", "coordinates": [[[78.3885233, 17.4115111], [78.3886799, 17.4115092], [78.3886792, 17.4114582], [78.3885226, 17.4114601], [78.3885233, 17.4115111]]]}, "properties": {"osm_id": 417143697, "building_type": "yes", "osm_height": null, "osm_levels": null, "name": null}}, {"type": "Feature", "geometry": {"type": "Polygon", "coordinates": [[[78.3902734, 17.4163602], [78.3903833, 17.4163161], [78.3903344, 17.4162052], [78.3902245, 17.4162493], [78.3902734, 17.4163602]]]}, "properties": {"osm_id": 417143699, "building_type": "yes", "osm_height": null, "osm_levels": null, "name": null}}, {"type": "Feature", "geometry": {"type": "Polygon", "coordinates": [[[78.3908075, 17.4161984], [78.3909718, 17.4161587], [78.3909188, 17.4159589], [78.3907545, 17.4159986], [78.3908075, 17.4161984]]]}, "properties": {"osm_id": 417143701, "building_type": "yes", "osm_height": null, "osm_levels": null, "name": null}}, {"type": "Feature", "geometry": {"type": "Polygon", "coordinates": [[[78.389983, 17.415811], [78.3900907, 17.4157724], [78.3900675, 17.4157134], [78.3899598, 17.4157519], [78.389983, 17.415811]]]}, "properties": {"osm_id": 417143703, "building_type": "yes", "osm_height": null, "osm_levels": null, "name": null}}, {"type": "Feature", "geometry": {"type": "Polygon", "coordinates": [[[78.3906355, 17.4151464], [78.3907515, 17.4150971], [78.3907284, 17.4150477], [78.3906124, 17.415097], [78.3906355, 17.4151464]]]}, "properties": {"osm_id": 417143705, "building_type": "yes", "osm_height": null, "osm_levels": null, "name": null}}, {"type": "Feature", "geometry": {"type": "Polygon", "coordinates": [[[78.3885812, 17.4121884], [78.3886506, 17.4121891], [78.3886519, 17.4120707], [78.3885825, 17.41207], [78.3885812, 17.4121884]]]}, "properties": {"osm_id": 417143707, "building_type": "yes", "osm_height": null, "osm_levels": null, "name": null}}, {"type": "Feature", "geometry": {"type": "Polygon", "coordinates": [[[78.3904631, 17.4153408], [78.3905128, 17.4153211], [78.3904704, 17.4152237], [78.3904207, 17.4152435], [78.3904631, 17.4153408]]]}, "properties": {"osm_id": 417143709, "building_type": "yes", "osm_height": null, "osm_levels": null, "name": null}}, {"type": "Feature", "geometry": {"type": "Polygon", "coordinates": [[[78.3912863, 17.4147074], [78.3914073, 17.4146747], [78.3913687, 17.4145445], [78.3912477, 17.4145771], [78.3912863, 17.4147074]]]}, "properties": {"osm_id": 417143711, "building_type": "yes", "osm_height": null, "osm_levels": null, "name": null}}, {"type": "Feature", "geometry": {"type": "Polygon", "coordinates": [[[78.3914341, 17.4155055], [78.391589, 17.4154699], [78.391575, 17.4154142], [78.3914201, 17.4154497], [78.3914341, 17.4155055]]]}, "properties": {"osm_id": 417143713, "building_type": "yes", "osm_height": null, "osm_levels": null, "name": null}}, {"type": "Feature", "geometry": {"type": "Polygon", "coordinates": [[[78.3890161, 17.4121286], [78.3891133, 17.4121296], [78.3891137, 17.4120923], [78.3890165, 17.4120913], [78.3890161, 17.4121286]]]}, "properties": {"osm_id": 417143715, "building_type": "yes", "osm_height": null, "osm_levels": null, "name": null}}, {"type": "Feature", "geometry": {"type": "Polygon", "coordinates": [[[78.3903317, 17.415485], [78.3904557, 17.4154388], [78.3904172, 17.4153449], [78.3902933, 17.415391], [78.3903317, 17.415485]]]}, "properties": {"osm_id": 417143717, "building_type": "yes", "osm_height": null, "osm_levels": null, "name": null}}, {"type": "Feature", "geometry": {"type": "Polygon", "coordinates": [[[78.3899422, 17.4165098], [78.390013, 17.4164819], [78.3899559, 17.41635], [78.3898851, 17.4163779], [78.3899422, 17.4165098]]]}, "properties": {"osm_id": 417143719, "building_type": "yes", "osm_height": null, "osm_levels": null, "name": null}}, {"type": "Feature", "geometry": {"type": "Polygon", "coordinates": [[[78.3889869, 17.4120162], [78.3890657, 17.4120141], [78.389061, 17.4118554], [78.3889822, 17.4118575], [78.3889869, 17.4120162]]]}, "properties": {"osm_id": 417143721, "building_type": "yes", "osm_height": null, "osm_levels": null, "name": null}}, {"type": "Feature", "geometry": {"type": "Polygon", "coordinates": [[[78.3888203, 17.4123529], [78.3889519, 17.4123539], [78.3889524, 17.4122969], [78.3888208, 17.4122959], [78.3888203, 17.4123529]]]}, "properties": {"osm_id": 417143723, "building_type": "yes", "osm_height": null, "osm_levels": null, "name": null}}, {"type": "Feature", "geometry": {"type": "Polygon", "coordinates": [[[78.3892223, 17.4111096], [78.3894466, 17.4111025], [78.3894432, 17.4110046], [78.3892189, 17.4110117], [78.3892223, 17.4111096]]]}, "properties": {"osm_id": 417143725, "building_type": "yes", "osm_height": null, "osm_levels": null, "name": null}}, {"type": "Feature", "geometry": {"type": "Polygon", "coordinates": [[[78.3903657, 17.4149647], [78.39046, 17.4149253], [78.3904311, 17.4148624], [78.3903369, 17.4149017], [78.3903657, 17.4149647]]]}, "properties": {"osm_id": 417143727, "building_type": "yes", "osm_height": null, "osm_levels": null, "name": null}}, {"type": "Feature", "geometry": {"type": "Polygon", "coordinates": [[[78.3886912, 17.4122131], [78.388824, 17.4122144], [78.3888246, 17.412156], [78.3886918, 17.4121547], [78.3886912, 17.4122131]]]}, "properties": {"osm_id": 417143729, "building_type": "yes", "osm_height": null, "osm_levels": null, "name": null}}, {"type": "Feature", "geometry": {"type": "Polygon", "coordinates": [[[78.3910056, 17.4155805], [78.3910951, 17.4155379], [78.3910446, 17.4154411], [78.3909551, 17.4154837], [78.3910056, 17.4155805]]]}, "properties": {"osm_id": 417143731, "building_type": "yes", "osm_height": null, "osm_levels": null, "name": null}}, {"type": "Feature", "geometry": {"type": "Polygon", "coordinates": [[[78.3886962, 17.4114543], [78.3887752, 17.4114513], [78.3887708, 17.4113473], [78.3886919, 17.4113503], [78.3886962, 17.4114543]]]}, "properties": {"osm_id": 417143733, "building_type": "yes", "osm_height": null, "osm_levels": null, "name": null}}, {"type": "Feature", "geometry": {"type": "Polygon", "coordinates": [[[78.383748, 17.410982], [78.3838231, 17.4109793], [78.3838164, 17.4108097], [78.3837413, 17.4108124], [78.383748, 17.410982]]]}, "properties": {"osm_id": 417143734, "building_type": "yes", "osm_height": null, "osm_levels": null, "name": null}}, {"type": "Feature", "geometry": {"type": "Polygon", "coordinates": [[[78.3910232, 17.4146192], [78.3911335, 17.414584], [78.3911083, 17.4145119], [78.390998, 17.4145471], [78.3910232, 17.4146192]]]}, "properties": {"osm_id": 417143735, "building_type": "yes", "osm_height": null, "osm_levels": null, "name": null}}, {"type": "Feature", "geometry": {"type": "Polygon", "coordinates": [[[78.3901989, 17.4155295], [78.3903237, 17.415483], [78.3902888, 17.4153976], [78.390164, 17.4154441], [78.3901989, 17.4155295]]]}, "properties": {"osm_id": 417143736, "building_type": "yes", "osm_height": null, "osm_levels": null, "name": null}}, {"type": "Feature", "geometry": {"type": "Polygon", "coordinates": [[[78.3901823, 17.4150318], [78.3902789, 17.4149912], [78.3902556, 17.4149407], [78.390159, 17.4149814], [78.3901823, 17.4150318]]]}, "properties": {"osm_id": 417143737, "building_type": "yes", "osm_height": null, "osm_levels": null, "name": null}}, {"type": "Feature", "geometry": {"type": "Polygon", "coordinates": [[[78.3887868, 17.4113317], [78.388852, 17.4113271], [78.3888406, 17.4111799], [78.3887754, 17.4111845], [78.3887868, 17.4113317]]]}, "properties": {"osm_id": 417143738, "building_type": "yes", "osm_height": null, "osm_levels": null, "name": null}}, {"type": "Feature", "geometry": {"type": "Polygon", "coordinates": [[[78.3901614, 17.4162355], [78.3902346, 17.4162102], [78.3901924, 17.4160989], [78.3901191, 17.4161242], [78.3901614, 17.4162355]]]}, "properties": {"osm_id": 417143739, "building_type": "yes", "osm_height": null, "osm_levels": null, "name": null}}, {"type": "Feature", "geometry": {"type": "Polygon", "coordinates": [[[78.3914515, 17.4161254], [78.3915847, 17.4161033], [78.3915598, 17.4159669], [78.3914266, 17.415989], [78.3914515, 17.4161254]]]}, "properties": {"osm_id": 417143741, "building_type": "yes", "osm_height": null, "osm_levels": null, "name": null}}, {"type": "Feature", "geometry": {"type": "Polygon", "coordinates": [[[78.3913201, 17.4163103], [78.3914173, 17.4162937], [78.3913965, 17.416183], [78.3912993, 17.4161997], [78.3913201, 17.4163103]]]}, "properties": {"osm_id": 417143742, "building_type": "yes", "osm_height": null, "osm_levels": null, "name": null}}, {"type": "Feature", "geometry": {"type": "Polygon", "coordinates": [[[78.3900129, 17.4158922], [78.3901309, 17.41585], [78.3901006, 17.4157729], [78.3899826, 17.4158151], [78.3900129, 17.4158922]]]}, "properties": {"osm_id": 417143743, "building_type": "yes", "osm_height": null, "osm_levels": null, "name": null}}, {"type": "Feature", "geometry": {"type": "Polygon", "coordinates": [[[78.3900397, 17.4170247], [78.3901366, 17.4169775], [78.3900906, 17.4168916], [78.3899937, 17.4169388], [78.3900397, 17.4170247]]]}, "properties": {"osm_id": 417143744, "building_type": "yes", "osm_height": null, "osm_levels": null, "name": null}}, {"type": "Feature", "geometry": {"type": "Polygon", "coordinates": [[[78.3897108, 17.4121574], [78.3897611, 17.4121456], [78.389746, 17.4120875], [78.3896958, 17.4120993], [78.3897108, 17.4121574]]]}, "properties": {"osm_id": 417143745, "building_type": "yes", "osm_height": null, "osm_levels": null, "name": null}}, {"type": "Feature", "geometry": {"type": "Polygon", "coordinates": [[[78.3902234, 17.4156283], [78.3903505, 17.415581], [78.3903148, 17.4154937], [78.3901877, 17.415541], [78.3902234, 17.4156283]]]}, "properties": {"osm_id": 417143746, "building_type": "yes", "osm_height": null, "osm_levels": null, "name": null}}, {"type": "Feature", "geometry": {"type": "Polygon", "coordinates": [[[78.3905449, 17.4151268], [78.3905999, 17.4151084], [78.3905795, 17.4150529], [78.3905245, 17.4150714], [78.3905449, 17.4151268]]]}, "properties": {"osm_id": 417143747, "building_type": "yes", "osm_height": null, "osm_levels": null, "name": null}}, {"type": "Feature", "geometry": {"type": "Polygon", "coordinates": [[[78.391298, 17.4155149], [78.3913661, 17.4155032], [78.3913412, 17.4153717], [78.3912732, 17.4153834], [78.391298, 17.4155149]]]}, "properties": {"osm_id": 417143748, "building_type": "yes", "osm_height": null, "osm_levels": null, "name": null}}, {"type": "Feature", "geometry": {"type": "Polygon", "coordinates": [[[78.3899978, 17.4154021], [78.3900779, 17.4153705], [78.3900428, 17.4152897], [78.3899627, 17.4153214], [78.3899978, 17.4154021]]]}, "properties": {"osm_id": 417143749, "building_type": "yes", "osm_height": null, "osm_levels": null, "name": null}}, {"type": "Feature", "geometry": {"type": "Polygon", "coordinates": [[[78.3883258, 17.4106499], [78.3884479, 17.4106461], [78.3884434, 17.4105153], [78.3883213, 17.4105191], [78.3883258, 17.4106499]]]}, "properties": {"osm_id": 417143750, "building_type": "yes", "osm_height": null, "osm_levels": null, "name": null}}, {"type": "Feature", "geometry": {"type": "Polygon", "coordinates": [[[78.3903619, 17.4155957], [78.3904902, 17.4155479], [78.3904484, 17.4154456], [78.3903201, 17.4154935], [78.3903619, 17.4155957]]]}, "properties": {"osm_id": 417143751, "building_type": "yes", "osm_height": null, "osm_levels": null, "name": null}}, {"type": "Feature", "geometry": {"type": "Polygon", "coordinates": [[[78.3897936, 17.4158449], [78.3899109, 17.4157966], [78.3898796, 17.4157273], [78.3897623, 17.4157757], [78.3897936, 17.4158449]]]}, "properties": {"osm_id": 417143752, "building_type": "yes", "osm_height": null, "osm_levels": null, "name": null}}, {"type": "Feature", "geometry": {"type": "Polygon", "coordinates": [[[78.3883766, 17.4123392], [78.3885044, 17.4123435], [78.3885066, 17.4122862], [78.3883787, 17.4122819], [78.3883766, 17.4123392]]]}, "properties": {"osm_id": 417143753, "building_type": "yes", "osm_height": null, "osm_levels": null, "name": null}}, {"type": "Feature", "geometry": {"type": "Polygon", "coordinates": [[[78.3904529, 17.4152084], [78.3905063, 17.4151899], [78.390464, 17.4150789], [78.3904107, 17.4150974], [78.3904529, 17.4152084]]]}, "properties": {"osm_id": 417143754, "building_type": "yes", "osm_height": null, "osm_levels": null, "name": null}}, {"type": "Feature", "geometry": {"type": "Polygon", "coordinates": [[[78.3884616, 17.4106714], [78.3886165, 17.4106659], [78.3886132, 17.4105808], [78.3884583, 17.4105863], [78.3884616, 17.4106714]]]}, "properties": {"osm_id": 417143756, "building_type": "yes", "osm_height": null, "osm_levels": null, "name": null}}, {"type": "Feature", "geometry": {"type": "Polygon", "coordinates": [[[78.3898228, 17.4161398], [78.3899233, 17.4161091], [78.3899026, 17.4160472], [78.389802, 17.4160779], [78.3898228, 17.4161398]]]}, "properties": {"osm_id": 417143757, "building_type": "yes", "osm_height": null, "osm_levels": null, "name": null}}, {"type": "Feature", "geometry": {"type": "Polygon", "coordinates": [[[78.3886909, 17.4122685], [78.388826, 17.4122707], [78.3888269, 17.4122198], [78.3886918, 17.4122175], [78.3886909, 17.4122685]]]}, "properties": {"osm_id": 417143758, "building_type": "yes", "osm_height": null, "osm_levels": null, "name": null}}, {"type": "Feature", "geometry": {"type": "Polygon", "coordinates": [[[78.3883644, 17.4113905], [78.3885186, 17.4113861], [78.3885168, 17.4113302], [78.3883626, 17.4113347], [78.3883644, 17.4113905]]]}, "properties": {"osm_id": 417143759, "building_type": "yes", "osm_height": null, "osm_levels": null, "name": null}}, {"type": "Feature", "geometry": {"type": "Polygon", "coordinates": [[[78.3837493, 17.4112205], [78.3839009, 17.4112173], [78.3838985, 17.4111157], [78.383747, 17.4111189], [78.3837493, 17.4112205]]]}, "properties": {"osm_id": 417143760, "building_type": "yes", "osm_height": null, "osm_levels": null, "name": null}}, {"type": "Feature", "geometry": {"type": "Polygon", "coordinates": [[[78.3883812, 17.4119469], [78.3884754, 17.4119459], [78.3884745, 17.4118693], [78.3883803, 17.4118703], [78.3883812, 17.4119469]]]}, "properties": {"osm_id": 417143761, "building_type": "yes", "osm_height": null, "osm_levels": null, "name": null}}, {"type": "Feature", "geometry": {"type": "Polygon", "coordinates": [[[78.3882179, 17.412173], [78.3882683, 17.4121724], [78.3882677, 17.4121304], [78.3882173, 17.4121311], [78.3882179, 17.412173]]]}, "properties": {"osm_id": 417143762, "building_type": "yes", "osm_height": null, "osm_levels": null, "name": null}}, {"type": "Feature", "geometry": {"type": "Polygon", "coordinates": [[[78.3893276, 17.4118329], [78.3894325, 17.41183], [78.389431, 17.4117797], [78.389326, 17.4117826], [78.3893276, 17.4118329]]]}, "properties": {"osm_id": 417143763, "building_type": "yes", "osm_height": null, "osm_levels": null, "name": null}}, {"type": "Feature", "geometry": {"type": "Polygon", "coordinates": [[[78.3847692, 17.4123384], [78.3848943, 17.4123336], [78.3848863, 17.412143], [78.3847612, 17.4121478], [78.3847692, 17.4123384]]]}, "properties": {"osm_id": 417143765, "building_type": "yes", "osm_height": null, "osm_levels": null, "name": null}}, {"type": "Feature", "geometry": {"type": "Polygon", "coordinates": [[[78.3906097, 17.4153981], [78.3907337, 17.4153565], [78.3907055, 17.41528], [78.3905815, 17.4153216], [78.3906097, 17.4153981]]]}, "properties": {"osm_id": 417143767, "building_type": "yes", "osm_height": null, "osm_levels": null, "name": null}}, {"type": "Feature", "geometry": {"type": "Polygon", "coordinates": [[[78.3835368, 17.4113305], [78.3836625, 17.4113267], [78.3836565, 17.411145], [78.3835307, 17.4111488], [78.3835368, 17.4113305]]]}, "properties": {"osm_id": 417143769, "building_type": "yes", "osm_height": null, "osm_levels": null, "name": null}}, {"type": "Feature", "geometry": {"type": "Polygon", "coordinates": [[[78.3885273, 17.4116157], [78.3885942, 17.4116137], [78.3885909, 17.4115142], [78.388524, 17.4115163], [78.3885273, 17.4116157]]]}, "properties": {"osm_id": 417143771, "building_type": "yes", "osm_height": null, "osm_levels": null, "name": null}}, {"type": "Feature", "geometry": {"type": "Polygon", "coordinates": [[[78.3882176, 17.4121171], [78.3883614, 17.4121246], [78.3883612, 17.4120496], [78.3882535, 17.412046], [78.3882176, 17.4121171]]]}, "properties": {"osm_id": 417143773, "building_type": "yes", "osm_height": null, "osm_levels": null, "name": null}}, {"type": "Feature", "geometry": {"type": "Polygon", "coordinates": [[[78.3909557, 17.4160595], [78.3910529, 17.4160359], [78.3910299, 17.4159498], [78.3909326, 17.4159735], [78.3909557, 17.4160595]]]}, "properties": {"osm_id": 417143775, "building_type": "yes", "osm_height": null, "osm_levels": null, "name": null}}, {"type": "Feature", "geometry": {"type": "Polygon", "coordinates": [[[78.3885128, 17.4122879], [78.3886281, 17.4122901], [78.3886302, 17.4121931], [78.3885148, 17.4121908], [78.3885128, 17.4122879]]]}, "properties": {"osm_id": 417143777, "building_type": "yes", "osm_height": null, "osm_levels": null, "name": null}}, {"type": "Feature", "geometry": {"type": "Polygon", "coordinates": [[[78.3912371, 17.4145529], [78.3913625, 17.4145184], [78.3913393, 17.4144417], [78.3912139, 17.4144762], [78.3912371, 17.4145529]]]}, "properties": {"osm_id": 417143779, "building_type": "yes", "osm_height": null, "osm_levels": null, "name": null}}, {"type": "Feature", "geometry": {"type": "Polygon", "coordinates": [[[78.3890144, 17.4121645], [78.3891224, 17.4121661], [78.3891229, 17.4121329], [78.389015, 17.4121313], [78.3890144, 17.4121645]]]}, "properties": {"osm_id": 417143781, "building_type": "yes", "osm_height": null, "osm_levels": null, "name": null}}, {"type": "Feature", "geometry": {"type": "Polygon", "coordinates": [[[78.390983, 17.4162474], [78.3911238, 17.4162024], [78.3911025, 17.4161419], [78.3909617, 17.4161869], [78.390983, 17.4162474]]]}, "properties": {"osm_id": 417143783, "building_type": "yes", "osm_height": null, "osm_levels": null, "name": null}}, {"type": "Feature", "geometry": {"type": "Polygon", "coordinates": [[[78.3911855, 17.4149026], [78.3912232, 17.4148898], [78.3911826, 17.4147808], [78.3911449, 17.4147935], [78.3911855, 17.4149026]]]}, "properties": {"osm_id": 417143785, "building_type": "yes", "osm_height": null, "osm_levels": null, "name": null}}, {"type": "Feature", "geometry": {"type": "Polygon", "coordinates": [[[78.3890714, 17.4120197], [78.3892158, 17.412018], [78.3892137, 17.411853], [78.3890693, 17.4118547], [78.3890714, 17.4120197]]]}, "properties": {"osm_id": 417143787, "building_type": "yes", "osm_height": null, "osm_levels": null, "name": null}}, {"type": "Feature", "geometry": {"type": "Polygon", "coordinates": [[[78.3903795, 17.4150318], [78.3904938, 17.4149819], [78.390468, 17.414928], [78.3903537, 17.4149779], [78.3903795, 17.4150318]]]}, "properties": {"osm_id": 417143788, "building_type": "yes", "osm_height": null, "osm_levels": null, "name": null}}, {"type": "Feature", "geometry": {"type": "Polygon", "coordinates": [[[78.3883776, 17.412381], [78.3885004, 17.4123871], [78.3885025, 17.4123481], [78.3883798, 17.4123421], [78.3883776, 17.412381]]]}, "properties": {"osm_id": 417143789, "building_type": "yes", "osm_height": null, "osm_levels": null, "name": null}}, {"type": "Feature", "geometry": {"type": "Polygon", "coordinates": [[[78.3838077, 17.4121011], [78.3839617, 17.4120986], [78.3839602, 17.4120147], [78.3838062, 17.4120172], [78.3838077, 17.4121011]]]}, "properties": {"osm_id": 417143790, "building_type": "yes", "osm_height": null, "osm_levels": null, "name": null}}, {"type": "Feature", "geometry": {"type": "Polygon", "coordinates": [[[78.3826105, 17.4116714], [78.3827692, 17.4116652], [78.3827647, 17.4115594], [78.382606, 17.4115656], [78.3826105, 17.4116714]]]}, "properties": {"osm_id": 417143791, "building_type": "yes", "osm_height": null, "osm_levels": null, "name": null}}, {"type": "Feature", "geometry": {"type": "Polygon", "coordinates": [[[78.3910339, 17.4146636], [78.3911506, 17.4146227], [78.391137, 17.4145873], [78.3910203, 17.4146282], [78.3910339, 17.4146636]]]}, "properties": {"osm_id": 417143792, "building_type": "yes", "osm_height": null, "osm_levels": null, "name": null}}, {"type": "Feature", "geometry": {"type": "Polygon", "coordinates": [[[78.3830281, 17.4116425], [78.3831723, 17.4116354], [78.3831676, 17.4115485], [78.3830235, 17.4115555], [78.3830281, 17.4116425]]]}, "properties": {"osm_id": 417143793, "building_type": "yes", "osm_height": null, "osm_levels": null, "name": null}}, {"type": "Feature", "geometry": {"type": "Polygon", "coordinates": [[[78.388606, 17.4113126], [78.3886838, 17.41131], [78.3886811, 17.4112349], [78.3886033, 17.4112374], [78.388606, 17.4113126]]]}, "properties": {"osm_id": 417143794, "building_type": "yes", "osm_height": null, "osm_levels": null, "name": null}}, {"type": "Feature", "geometry": {"type": "Polygon", "coordinates": [[[78.3909206, 17.4153924], [78.3910712, 17.415313], [78.3910177, 17.4152206], [78.3908671, 17.4152999], [78.3909206, 17.4153924]]]}, "properties": {"osm_id": 417143795, "building_type": "yes", "osm_height": null, "osm_levels": null, "name": null}}, {"type": "Feature", "geometry": {"type": "Polygon", "coordinates": [[[78.3902021, 17.4150689], [78.3903067, 17.4150258], [78.3902911, 17.4149912], [78.3901864, 17.4150344], [78.3902021, 17.4150689]]]}, "properties": {"osm_id": 417143796, "building_type": "yes", "osm_height": null, "osm_levels": null, "name": null}}, {"type": "Feature", "geometry": {"type": "Polygon", "coordinates": [[[78.3901111, 17.416256], [78.390156, 17.4162408], [78.3901037, 17.4161], [78.3900588, 17.4161152], [78.3901111, 17.416256]]]}, "properties": {"osm_id": 417143797, "building_type": "yes", "osm_height": null, "osm_levels": null, "name": null}}, {"type": "Feature", "geometry": {"type": "Polygon", "coordinates": [[[78.383966, 17.412095], [78.3841084, 17.4120927], [78.384107, 17.4120118], [78.3839645, 17.4120141], [78.383966, 17.412095]]]}, "properties": {"osm_id": 417143798, "building_type": "yes", "osm_height": null, "osm_levels": null, "name": null}}, {"type": "Feature", "geometry": {"type": "Polygon", "coordinates": [[[78.3828017, 17.4116433], [78.3829137, 17.411639], [78.3829057, 17.4114507], [78.3827937, 17.4114551], [78.3828017, 17.4116433]]]}, "properties": {"osm_id": 417143799, "building_type": "yes", "osm_height": null, "osm_levels": null, "name": null}}, {"type": "Feature", "geometry": {"type": "Polygon", "coordinates": [[[78.3914281, 17.4162796], [78.3915658, 17.4162523], [78.3915376, 17.4161231], [78.3913999, 17.4161504], [78.3914281, 17.4162796]]]}, "properties": {"osm_id": 417143800, "building_type": "yes", "osm_height": null, "osm_levels": null, "name": null}}, {"type": "Feature", "geometry": {"type": "Polygon", "coordinates": [[[78.3912432, 17.4156772], [78.3914054, 17.4156463], [78.3913786, 17.4155183], [78.3912163, 17.4155493], [78.3912432, 17.4156772]]]}, "properties": {"osm_id": 417143801, "building_type": "yes", "osm_height": null, "osm_levels": null, "name": null}}, {"type": "Feature", "geometry": {"type": "Polygon", "coordinates": [[[78.3895816, 17.4173463], [78.3897816, 17.4172502], [78.3897554, 17.4172004], [78.3895554, 17.4172965], [78.3895816, 17.4173463]]]}, "properties": {"osm_id": 417143802, "building_type": "yes", "osm_height": null, "osm_levels": null, "name": null}}, {"type": "Feature", "geometry": {"type": "Polygon", "coordinates": [[[78.3911994, 17.4155363], [78.3912926, 17.415513], [78.3912607, 17.4154031], [78.3911715, 17.4154553], [78.3911994, 17.4155363]]]}, "properties": {"osm_id": 417143803, "building_type": "yes", "osm_height": null, "osm_levels": null, "name": null}}, {"type": "Feature", "geometry": {"type": "Polygon", "coordinates": [[[78.3909835, 17.4161565], [78.3910834, 17.4161347], [78.3910619, 17.4160448], [78.390962, 17.4160666], [78.3909835, 17.4161565]]]}, "properties": {"osm_id": 417143804, "building_type": "yes", "osm_height": null, "osm_levels": null, "name": null}}, {"type": "Feature", "geometry": {"type": "Polygon", "coordinates": [[[78.389924, 17.4154172], [78.3899887, 17.41539], [78.3899583, 17.4153241], [78.3898936, 17.4153512], [78.389924, 17.4154172]]]}, "properties": {"osm_id": 417143805, "building_type": "yes", "osm_height": null, "osm_levels": null, "name": null}}, {"type": "Feature", "geometry": {"type": "Polygon", "coordinates": [[[78.3886976, 17.4121398], [78.3889052, 17.4121414], [78.3889058, 17.4120743], [78.3886981, 17.4120727], [78.3886976, 17.4121398]]]}, "properties": {"osm_id": 417143806, "building_type": "yes", "osm_height": null, "osm_levels": null, "name": null}}, {"type": "Feature", "geometry": {"type": "Polygon", "coordinates": [[[78.3906066, 17.4157147], [78.390719, 17.4156843], [78.3907015, 17.4156255], [78.3905892, 17.4156558], [78.3906066, 17.4157147]]]}, "properties": {"osm_id": 417143807, "building_type": "yes", "osm_height": null, "osm_levels": null, "name": null}}, {"type": "Feature", "geometry": {"type": "Polygon", "coordinates": [[[78.3897084, 17.4159233], [78.3898016, 17.4158874], [78.3897696, 17.4158115], [78.3896764, 17.4158473], [78.3897084, 17.4159233]]]}, "properties": {"osm_id": 417143808, "building_type": "yes", "osm_height": null, "osm_levels": null, "name": null}}, {"type": "Feature", "geometry": {"type": "Polygon", "coordinates": [[[78.3905164, 17.4151988], [78.3906168, 17.4151652], [78.3905992, 17.4151171], [78.3904987, 17.4151508], [78.3905164, 17.4151988]]]}, "properties": {"osm_id": 417143809, "building_type": "yes", "osm_height": null, "osm_levels": null, "name": null}}, {"type": "Feature", "geometry": {"type": "Polygon", "coordinates": [[[78.3899207, 17.4162806], [78.3900826, 17.4162223], [78.3900418, 17.4161189], [78.3898798, 17.4161772], [78.3899207, 17.4162806]]]}, "properties": {"osm_id": 417143810, "building_type": "yes", "osm_height": null, "osm_levels": null, "name": null}}, {"type": "Feature", "geometry": {"type": "Polygon", "coordinates": [[[78.3904097, 17.4150872], [78.390519, 17.4150389], [78.3904929, 17.4149852], [78.3903836, 17.4150335], [78.3904097, 17.4150872]]]}, "properties": {"osm_id": 417143811, "building_type": "yes", "osm_height": null, "osm_levels": null, "name": null}}, {"type": "Feature", "geometry": {"type": "Polygon", "coordinates": [[[78.3888345, 17.412289], [78.388953, 17.4122899], [78.3889536, 17.4122185], [78.3888351, 17.4122176], [78.3888345, 17.412289]]]}, "properties": {"osm_id": 417143812, "building_type": "yes", "osm_height": null, "osm_levels": null, "name": null}}, {"type": "Feature", "geometry": {"type": "Polygon", "coordinates": [[[78.3909359, 17.4165928], [78.3909745, 17.416583], [78.3909195, 17.416386], [78.3908809, 17.4163958], [78.3909359, 17.4165928]]]}, "properties": {"osm_id": 417143813, "building_type": "yes", "osm_height": null, "osm_levels": null, "name": null}}, {"type": "Feature", "geometry": {"type": "Polygon", "coordinates": [[[78.3900172, 17.4164825], [78.3900823, 17.4164568], [78.3900236, 17.4163212], [78.3899586, 17.4163468], [78.3900172, 17.4164825]]]}, "properties": {"osm_id": 417143814, "building_type": "yes", "osm_height": null, "osm_levels": null, "name": null}}, {"type": "Feature", "geometry": {"type": "Polygon", "coordinates": [[[78.3913545, 17.4151812], [78.391415, 17.4151493], [78.3913523, 17.4150411], [78.3912918, 17.4150731], [78.3913545, 17.4151812]]]}, "properties": {"osm_id": 417143815, "building_type": "yes", "osm_height": null, "osm_levels": null, "name": null}}, {"type": "Feature", "geometry": {"type": "Polygon", "coordinates": [[[78.3906097, 17.4152759], [78.390731, 17.4152299], [78.3906928, 17.4151381], [78.3905714, 17.4151842], [78.3906097, 17.4152759]]]}, "properties": {"osm_id": 417143816, "building_type": "yes", "osm_height": null, "osm_levels": null, "name": null}}, {"type": "Feature", "geometry": {"type": "Polygon", "coordinates": [[[78.3913023, 17.4159479], [78.3914227, 17.4159239], [78.3913974, 17.4158083], [78.391277, 17.4158323], [78.3913023, 17.4159479]]]}, "properties": {"osm_id": 417143817, "building_type": "yes", "osm_height": null, "osm_levels": null, "name": null}}, {"type": "Feature", "geometry": {"type": "Polygon", "coordinates": [[[78.3889225, 17.4111548], [78.38906, 17.4111472], [78.3890525, 17.4110252], [78.3889151, 17.4110328], [78.3889225, 17.4111548]]]}, "properties": {"osm_id": 417143818, "building_type": "yes", "osm_height": null, "osm_levels": null, "name": null}}, {"type": "Feature", "geometry": {"type": "Polygon", "coordinates": [[[78.3900434, 17.4155045], [78.3901188, 17.4154779], [78.3900829, 17.4153851], [78.3900075, 17.4154117], [78.3900434, 17.4155045]]]}, "properties": {"osm_id": 417143819, "building_type": "yes", "osm_height": null, "osm_levels": null, "name": null}}, {"type": "Feature", "geometry": {"type": "Polygon", "coordinates": [[[78.3899827, 17.4169095], [78.3900676, 17.4168682], [78.3899068, 17.4165679], [78.389822, 17.4166093], [78.3899827, 17.4169095]]]}, "properties": {"osm_id": 417143820, "building_type": "yes", "osm_height": null, "osm_levels": null, "name": null}}, {"type": "Feature", "geometry": {"type": "Polygon", "coordinates": [[[78.3907724, 17.4150933], [78.3908617, 17.4150481], [78.3908242, 17.4149807], [78.3907349, 17.4150259], [78.3907724, 17.4150933]]]}, "properties": {"osm_id": 417143821, "building_type": "yes", "osm_height": null, "osm_levels": null, "name": null}}, {"type": "Feature", "geometry": {"type": "Polygon", "coordinates": [[[78.3898593, 17.4160163], [78.389982, 17.4159677], [78.389949, 17.415892], [78.3898263, 17.4159406], [78.3898593, 17.4160163]]]}, "properties": {"osm_id": 417143822, "building_type": "yes", "osm_height": null, "osm_levels": null, "name": null}}, {"type": "Feature", "geometry": {"type": "Polygon", "coordinates": [[[78.3882655, 17.4122313], [78.3883565, 17.4122309], [78.3883563, 17.4121762], [78.3882653, 17.4121765], [78.3882655, 17.4122313]]]}, "properties": {"osm_id": 417143823, "building_type": "yes", "osm_height": null, "osm_levels": null, "name": null}}, {"type": "Feature", "geometry": {"type": "Polygon", "coordinates": [[[78.3914123, 17.4154082], [78.3915819, 17.415379], [78.391565, 17.4152897], [78.3913954, 17.415319], [78.3914123, 17.4154082]]]}, "properties": {"osm_id": 417143824, "building_type": "yes", "osm_height": null, "osm_levels": null, "name": null}}, {"type": "Feature", "geometry": {"type": "Polygon", "coordinates": [[[78.3900679, 17.4160822], [78.390156, 17.4160634], [78.3901368, 17.4159817], [78.3900487, 17.4160006], [78.3900679, 17.4160822]]]}, "properties": {"osm_id": 417143825, "building_type": "yes", "osm_height": null, "osm_levels": null, "name": null}}, {"type": "Feature", "geometry": {"type": "Polygon", "coordinates": [[[78.3910348, 17.4163897], [78.3911723, 17.4163276], [78.391137, 17.4162566], [78.3909996, 17.4163186], [78.3910348, 17.4163897]]]}, "properties": {"osm_id": 417143826, "building_type": "yes", "osm_height": null, "osm_levels": null, "name": null}}, {"type": "Feature", "geometry": {"type": "Polygon", "coordinates": [[[78.3888216, 17.4124329], [78.3889709, 17.412434], [78.3889715, 17.4123635], [78.3888222, 17.4123623], [78.3888216, 17.4124329]]]}, "properties": {"osm_id": 417143827, "building_type": "yes", "osm_height": null, "osm_levels": null, "name": null}}, {"type": "Feature", "geometry": {"type": "Polygon", "coordinates": [[[78.3904249, 17.4157508], [78.3905503, 17.4157131], [78.3905263, 17.4156405], [78.3904009, 17.4156783], [78.3904249, 17.4157508]]]}, "properties": {"osm_id": 417143828, "building_type": "yes", "osm_height": null, "osm_levels": null, "name": null}}, {"type": "Feature", "geometry": {"type": "Polygon", "coordinates": [[[78.38923, 17.4112276], [78.389457, 17.4112187], [78.3894521, 17.4111066], [78.3892251, 17.4111156], [78.38923, 17.4112276]]]}, "properties": {"osm_id": 417143829, "building_type": "yes", "osm_height": null, "osm_levels": null, "name": null}}, {"type": "Feature", "geometry": {"type": "Polygon", "coordinates": [[[78.3899683, 17.4122073], [78.3900188, 17.4121968], [78.3899946, 17.4120913], [78.3899441, 17.4121018], [78.3899683, 17.4122073]]]}, "properties": {"osm_id": 417143830, "building_type": "yes", "osm_height": null, "osm_levels": null, "name": null}}, {"type": "Feature", "geometry": {"type": "Polygon", "coordinates": [[[78.3904915, 17.4161825], [78.3905828, 17.4162331], [78.3907368, 17.4161984], [78.3906845, 17.4160102], [78.3904559, 17.4160442], [78.3904915, 17.4161825]]]}, "properties": {"osm_id": 417143831, "building_type": "yes", "osm_height": null, "osm_levels": null, "name": null}}, {"type": "Feature", "geometry": {"type": "Polygon", "coordinates": [[[78.3910478, 17.4156541], [78.391163, 17.415634], [78.3911503, 17.4155674], [78.3911474, 17.4155522], [78.3910321, 17.4155724], [78.3910478, 17.4156541]]]}, "properties": {"osm_id": 417143832, "building_type": "yes", "osm_height": null, "osm_levels": null, "name": null}}, {"type": "Feature", "geometry": {"type": "Polygon", "coordinates": [[[78.3906425, 17.4163667], [78.3907311, 17.4163434], [78.3907268, 17.4163286], [78.3907985, 17.4163098], [78.3907745, 17.4162268], [78.3906143, 17.4162689], [78.3906425, 17.4163667]]]}, "properties": {"osm_id": 417143833, "building_type": "yes", "osm_height": null, "osm_levels": null, "name": null}}, {"type": "Feature", "geometry": {"type": "Polygon", "coordinates": [[[78.389887, 17.415349], [78.390036, 17.4152847], [78.3899875, 17.4151824], [78.3898734, 17.4152316], [78.3898678, 17.4152198], [78.3898329, 17.4152348], [78.389887, 17.415349]]]}, "properties": {"osm_id": 417143836, "building_type": "yes", "osm_height": null, "osm_levels": null, "name": null}}, {"type": "Feature", "geometry": {"type": "Polygon", "coordinates": [[[78.3909555, 17.4154596], [78.3910557, 17.4154122], [78.3910423, 17.4153863], [78.3910584, 17.4153787], [78.3910466, 17.4153559], [78.3909302, 17.4154109], [78.3909555, 17.4154596]]]}, "properties": {"osm_id": 417143838, "building_type": "yes", "osm_height": null, "osm_levels": null, "name": null}}, {"type": "Feature", "geometry": {"type": "Polygon", "coordinates": [[[78.3883817, 17.4120144], [78.3884732, 17.4120127], [78.388472, 17.4119512], [78.3884385, 17.4119519], [78.3884388, 17.4119648], [78.3883807, 17.4119659], [78.3883817, 17.4120144]]]}, "properties": {"osm_id": 417143840, "building_type": "yes", "osm_height": null, "osm_levels": null, "name": null}}, {"type": "Feature", "geometry": {"type": "Polygon", "coordinates": [[[78.3899852, 17.4165995], [78.390059, 17.4165641], [78.3900201, 17.4164904], [78.3899766, 17.4165112], [78.3899859, 17.4165288], [78.3899556, 17.4165433], [78.3899852, 17.4165995]]]}, "properties": {"osm_id": 417143842, "building_type": "yes", "osm_height": null, "osm_levels": null, "name": null}}, {"type": "Feature", "geometry": {"type": "Polygon", "coordinates": [[[78.3893477, 17.4119948], [78.3894654, 17.4119934], [78.3894641, 17.411894], [78.3894361, 17.4118943], [78.3894355, 17.4118527], [78.3893459, 17.4118538], [78.3893477, 17.4119948]]]}, "properties": {"osm_id": 417143844, "building_type": "yes", "osm_height": null, "osm_levels": null, "name": null}}, {"type": "Feature", "geometry": {"type": "Polygon", "coordinates": [[[78.3883485, 17.4112067], [78.3884288, 17.4112059], [78.3884283, 17.4111592], [78.3884821, 17.4111588], [78.3884815, 17.4111047], [78.3883475, 17.4111059], [78.3883485, 17.4112067]]]}, "properties": {"osm_id": 417143846, "building_type": "yes", "osm_height": null, "osm_levels": null, "name": null}}, {"type": "Feature", "geometry": {"type": "Polygon", "coordinates": [[[78.3885222, 17.4114552], [78.3886754, 17.4114543], [78.3886746, 17.4113271], [78.3885882, 17.4113276], [78.388588, 17.4113072], [78.3885211, 17.4113076], [78.3885222, 17.4114552]]]}, "properties": {"osm_id": 417143848, "building_type": "yes", "osm_height": null, "osm_levels": null, "name": null}}, {"type": "Feature", "geometry": {"type": "Polygon", "coordinates": [[[78.3912425, 17.4148949], [78.3913411, 17.4148591], [78.3912947, 17.4147429], [78.391258, 17.4147563], [78.3912472, 17.4147292], [78.3911853, 17.4147517], [78.3912425, 17.4148949]]]}, "properties": {"osm_id": 417143851, "building_type": "yes", "osm_height": null, "osm_levels": null, "name": null}}, {"type": "Feature", "geometry": {"type": "Polygon", "coordinates": [[[78.3883691, 17.4115372], [78.3884753, 17.411533], [78.3884759, 17.4115473], [78.388497, 17.4115464], [78.3884979, 17.4115676], [78.3885164, 17.4115669], [78.3885129, 17.4114872], [78.3883671, 17.411493], [78.3883691, 17.4115372]]]}, "properties": {"osm_id": 417143853, "building_type": "yes", "osm_height": null, "osm_levels": null, "name": null}}, {"type": "Feature", "geometry": {"type": "Polygon", "coordinates": [[[78.3839331, 17.4114025], [78.3839689, 17.411401], [78.3839693, 17.4114084], [78.3840353, 17.4114056], [78.384035, 17.4113983], [78.3840866, 17.4113961], [78.384083, 17.4113172], [78.3839294, 17.4113236], [78.3839331, 17.4114025]]]}, "properties": {"osm_id": 417143855, "building_type": "yes", "osm_height": null, "osm_levels": null, "name": null}}, {"type": "Feature", "geometry": {"type": "Polygon", "coordinates": [[[78.3884956, 17.4117391], [78.3885779, 17.4117396], [78.388578, 17.4117217], [78.3887785, 17.4117229], [78.3887791, 17.4116246], [78.3885166, 17.411623], [78.3885161, 17.411698], [78.3884959, 17.4116978], [78.3884956, 17.4117391]]]}, "properties": {"osm_id": 417143857, "building_type": "yes", "osm_height": null, "osm_levels": null, "name": null}}, {"type": "Feature", "geometry": {"type": "Polygon", "coordinates": [[[78.3886031, 17.4110799], [78.3886079, 17.4111374], [78.388646, 17.4111345], [78.3886483, 17.4111618], [78.3886697, 17.4111601], [78.388672, 17.411187], [78.3887447, 17.4111814], [78.3887353, 17.4110698], [78.3886031, 17.4110799]]]}, "properties": {"osm_id": 417143859, "building_type": "yes", "osm_height": null, "osm_levels": null, "name": null}}, {"type": "Feature", "geometry": {"type": "Polygon", "coordinates": [[[78.383774, 17.4115207], [78.3839232, 17.4115137], [78.3839201, 17.4114542], [78.383911, 17.4114546], [78.3839094, 17.4114227], [78.3838956, 17.4114234], [78.3838951, 17.4114145], [78.3837688, 17.4114205], [78.383774, 17.4115207]]]}, "properties": {"osm_id": 417143862, "building_type": "yes", "osm_height": null, "osm_levels": null, "name": null}}, {"type": "Feature", "geometry": {"type": "Polygon", "coordinates": [[[78.3893452, 17.4150869], [78.3893758, 17.4150726], [78.3893628, 17.4150472], [78.3893759, 17.4150411], [78.3893888, 17.4150665], [78.3894304, 17.4150472], [78.3894123, 17.4150117], [78.3894467, 17.4149957], [78.3894202, 17.4149438], [78.3893005, 17.4149994], [78.3893452, 17.4150869]]]}, "properties": {"osm_id": 417151934, "building_type": "yes", "osm_height": null, "osm_levels": null, "name": null}}, {"type": "Feature", "geometry": {"type": "Polygon", "coordinates": [[[78.3931723, 17.4132354], [78.3932699, 17.4132085], [78.3932372, 17.4131004], [78.3931396, 17.4131272], [78.3931723, 17.4132354]]]}, "properties": {"osm_id": 417151936, "building_type": "yes", "osm_height": null, "osm_levels": null, "name": null}}, {"type": "Feature", "geometry": {"type": "Polygon", "coordinates": [[[78.3909664, 17.4143527], [78.3911029, 17.4143062], [78.39108, 17.4142452], [78.3909436, 17.4142916], [78.3909664, 17.4143527]]]}, "properties": {"osm_id": 417151939, "building_type": "yes", "osm_height": null, "osm_levels": null, "name": null}}, {"type": "Feature", "geometry": {"type": "Polygon", "coordinates": [[[78.3891173, 17.4151734], [78.3891593, 17.4151548], [78.3890844, 17.415001], [78.3890424, 17.4150196], [78.3891173, 17.4151734]]]}, "properties": {"osm_id": 417151941, "building_type": "yes", "osm_height": null, "osm_levels": null, "name": null}}, {"type": "Feature", "geometry": {"type": "Polygon", "coordinates": [[[78.3901262, 17.4134852], [78.390238, 17.4134419], [78.3902016, 17.4133563], [78.3900898, 17.4133996], [78.3901262, 17.4134852]]]}, "properties": {"osm_id": 417151944, "building_type": "yes", "osm_height": null, "osm_levels": null, "name": null}}, {"type": "Feature", "geometry": {"type": "Polygon", "coordinates": [[[78.389467, 17.4146577], [78.3895513, 17.4146126], [78.3894992, 17.414524], [78.3894149, 17.4145691], [78.389467, 17.4146577]]]}, "properties": {"osm_id": 417151946, "building_type": "yes", "osm_height": null, "osm_levels": null, "name": null}}, {"type": "Feature", "geometry": {"type": "Polygon", "coordinates": [[[78.3909791, 17.4139765], [78.3911035, 17.4139339], [78.3910686, 17.4138408], [78.3909442, 17.4138834], [78.3909791, 17.4139765]]]}, "properties": {"osm_id": 417151950, "building_type": "yes", "osm_height": null, "osm_levels": null, "name": null}}, {"type": "Feature", "geometry": {"type": "Polygon", "coordinates": [[[78.3909728, 17.4132008], [78.3910358, 17.4131895], [78.391013, 17.4130743], [78.39095, 17.4130857], [78.3909728, 17.4132008]]]}, "properties": {"osm_id": 417151952, "building_type": "yes", "osm_height": null, "osm_levels": null, "name": null}}, {"type": "Feature", "geometry": {"type": "Polygon", "coordinates": [[[78.3900839, 17.4135668], [78.3901946, 17.4135239], [78.3901738, 17.413475], [78.3900631, 17.4135179], [78.3900839, 17.4135668]]]}, "properties": {"osm_id": 417151955, "building_type": "yes", "osm_height": null, "osm_levels": null, "name": null}}, {"type": "Feature", "geometry": {"type": "Polygon", "coordinates": [[[78.3905584, 17.4127998], [78.3906184, 17.4127737], [78.3905748, 17.4126825], [78.3905148, 17.4127087], [78.3905584, 17.4127998]]]}, "properties": {"osm_id": 417151957, "building_type": "yes", "osm_height": null, "osm_levels": null, "name": null}}, {"type": "Feature", "geometry": {"type": "Polygon", "coordinates": [[[78.3899475, 17.4138867], [78.3900442, 17.4138492], [78.3900169, 17.413785], [78.3899201, 17.4138225], [78.3899475, 17.4138867]]]}, "properties": {"osm_id": 417151959, "building_type": "yes", "osm_height": null, "osm_levels": null, "name": null}}, {"type": "Feature", "geometry": {"type": "Polygon", "coordinates": [[[78.3908363, 17.4127112], [78.3909677, 17.4126555], [78.3909344, 17.412584], [78.390803, 17.4126397], [78.3908363, 17.4127112]]]}, "properties": {"osm_id": 417151962, "building_type": "yes", "osm_height": null, "osm_levels": null, "name": null}}, {"type": "Feature", "geometry": {"type": "Polygon", "coordinates": [[[78.3895126, 17.4151252], [78.3896142, 17.4150801], [78.3895923, 17.4150352], [78.3894907, 17.4150803], [78.3895126, 17.4151252]]]}, "properties": {"osm_id": 417151964, "building_type": "yes", "osm_height": null, "osm_levels": null, "name": null}}, {"type": "Feature", "geometry": {"type": "Polygon", "coordinates": [[[78.3916088, 17.4120215], [78.3916671, 17.4119847], [78.3916302, 17.4119314], [78.3915719, 17.4119682], [78.3916088, 17.4120215]]]}, "properties": {"osm_id": 417151967, "building_type": "yes", "osm_height": null, "osm_levels": null, "name": null}}, {"type": "Feature", "geometry": {"type": "Polygon", "coordinates": [[[78.3919466, 17.4122328], [78.3920314, 17.4121915], [78.3919818, 17.4120988], [78.391897, 17.4121401], [78.3919466, 17.4122328]]]}, "properties": {"osm_id": 417151969, "building_type": "yes", "osm_height": null, "osm_levels": null, "name": null}}, {"type": "Feature", "geometry": {"type": "Polygon", "coordinates": [[[78.391238, 17.4139489], [78.3913385, 17.4139161], [78.3913144, 17.4138489], [78.3912139, 17.4138817], [78.391238, 17.4139489]]]}, "properties": {"osm_id": 417151972, "building_type": "yes", "osm_height": null, "osm_levels": null, "name": null}}, {"type": "Feature", "geometry": {"type": "Polygon", "coordinates": [[[78.3891272, 17.4149629], [78.3892164, 17.4149203], [78.3891791, 17.4148492], [78.3890899, 17.4148918], [78.3891272, 17.4149629]]]}, "properties": {"osm_id": 417151974, "building_type": "yes", "osm_height": null, "osm_levels": null, "name": null}}, {"type": "Feature", "geometry": {"type": "Polygon", "coordinates": [[[78.3906164, 17.4127541], [78.3907173, 17.4127144], [78.3906961, 17.4126654], [78.3905952, 17.412705], [78.3906164, 17.4127541]]]}, "properties": {"osm_id": 417151977, "building_type": "yes", "osm_height": null, "osm_levels": null, "name": null}}, {"type": "Feature", "geometry": {"type": "Polygon", "coordinates": [[[78.3899197, 17.4150526], [78.3900156, 17.4150126], [78.3899659, 17.4149042], [78.38987, 17.4149442], [78.3899197, 17.4150526]]]}, "properties": {"osm_id": 417151979, "building_type": "yes", "osm_height": null, "osm_levels": null, "name": null}}, {"type": "Feature", "geometry": {"type": "Polygon", "coordinates": [[[78.3915831, 17.412522], [78.391625, 17.4125882], [78.3916674, 17.4125638], [78.3916255, 17.4124976], [78.3915831, 17.412522]]]}, "properties": {"osm_id": 417151982, "building_type": "yes", "osm_height": null, "osm_levels": null, "name": null}}, {"type": "Feature", "geometry": {"type": "Polygon", "coordinates": [[[78.3892828, 17.4150008], [78.3894283, 17.414933], [78.389389, 17.4148562], [78.3892435, 17.414924], [78.3892828, 17.4150008]]]}, "properties": {"osm_id": 417151984, "building_type": "yes", "osm_height": null, "osm_levels": null, "name": null}}, {"type": "Feature", "geometry": {"type": "Polygon", "coordinates": [[[78.390446, 17.4160159], [78.3906613, 17.416012], [78.3906591, 17.4159026], [78.3904439, 17.4159064], [78.390446, 17.4160159]]]}, "properties": {"osm_id": 417151986, "building_type": "yes", "osm_height": null, "osm_levels": null, "name": null}}, {"type": "Feature", "geometry": {"type": "Polygon", "coordinates": [[[78.3899549, 17.4136135], [78.3900402, 17.4135805], [78.3900102, 17.4135099], [78.3899248, 17.4135429], [78.3899549, 17.4136135]]]}, "properties": {"osm_id": 417151990, "building_type": "yes", "osm_height": null, "osm_levels": null, "name": null}}, {"type": "Feature", "geometry": {"type": "Polygon", "coordinates": [[[78.390099, 17.4142297], [78.3901951, 17.4141945], [78.3901738, 17.4141417], [78.3900778, 17.4141769], [78.390099, 17.4142297]]]}, "properties": {"osm_id": 417151992, "building_type": "yes", "osm_height": null, "osm_levels": null, "name": null}}, {"type": "Feature", "geometry": {"type": "Polygon", "coordinates": [[[78.3915959, 17.4127961], [78.391665, 17.4127766], [78.3916194, 17.41263], [78.3915503, 17.4126496], [78.3915959, 17.4127961]]]}, "properties": {"osm_id": 417151995, "building_type": "yes", "osm_height": null, "osm_levels": null, "name": null}}, {"type": "Feature", "geometry": {"type": "Polygon", "coordinates": [[[78.3914961, 17.4140161], [78.3916326, 17.4139806], [78.391609, 17.4138981], [78.3914725, 17.4139336], [78.3914961, 17.4140161]]]}, "properties": {"osm_id": 417151997, "building_type": "yes", "osm_height": null, "osm_levels": null, "name": null}}, {"type": "Feature", "geometry": {"type": "Polygon", "coordinates": [[[78.3909352, 17.414282], [78.3910176, 17.4142539], [78.3909939, 17.4141905], [78.3909115, 17.4142185], [78.3909352, 17.414282]]]}, "properties": {"osm_id": 417151999, "building_type": "yes", "osm_height": null, "osm_levels": null, "name": null}}, {"type": "Feature", "geometry": {"type": "Polygon", "coordinates": [[[78.3925021, 17.4133509], [78.3925947, 17.4133183], [78.3925591, 17.4132264], [78.3924666, 17.413259], [78.3925021, 17.4133509]]]}, "properties": {"osm_id": 417152001, "building_type": "yes", "osm_height": null, "osm_levels": null, "name": null}}, {"type": "Feature", "geometry": {"type": "Polygon", "coordinates": [[[78.3914673, 17.4117559], [78.3915182, 17.4117301], [78.3914484, 17.4116047], [78.3913975, 17.4116305], [78.3914673, 17.4117559]]]}, "properties": {"osm_id": 417152004, "building_type": "yes", "osm_height": null, "osm_levels": null, "name": null}}, {"type": "Feature", "geometry": {"type": "Polygon", "coordinates": [[[78.3912175, 17.4141495], [78.3912744, 17.414131], [78.3912527, 17.4140705], [78.3911958, 17.4140891], [78.3912175, 17.4141495]]]}, "properties": {"osm_id": 417152006, "building_type": "yes", "osm_height": null, "osm_levels": null, "name": null}}, {"type": "Feature", "geometry": {"type": "Polygon", "coordinates": [[[78.3899859, 17.4145283], [78.3900861, 17.4144931], [78.39007, 17.4144515], [78.3899698, 17.4144868], [78.3899859, 17.4145283]]]}, "properties": {"osm_id": 417152009, "building_type": "yes", "osm_height": null, "osm_levels": null, "name": null}}, {"type": "Feature", "geometry": {"type": "Polygon", "coordinates": [[[78.3931972, 17.4133365], [78.393291, 17.4133106], [78.3932652, 17.4132255], [78.3931714, 17.4132514], [78.3931972, 17.4133365]]]}, "properties": {"osm_id": 417152011, "building_type": "yes", "osm_height": null, "osm_levels": null, "name": null}}, {"type": "Feature", "geometry": {"type": "Polygon", "coordinates": [[[78.3903491, 17.4141204], [78.3905332, 17.4140337], [78.3904869, 17.4139443], [78.3903029, 17.414031], [78.3903491, 17.4141204]]]}, "properties": {"osm_id": 417152014, "building_type": "yes", "osm_height": null, "osm_levels": null, "name": null}}, {"type": "Feature", "geometry": {"type": "Polygon", "coordinates": [[[78.3903206, 17.4133298], [78.3903907, 17.4132965], [78.3903524, 17.413223], [78.3902823, 17.4132563], [78.3903206, 17.4133298]]]}, "properties": {"osm_id": 417152016, "building_type": "yes", "osm_height": null, "osm_levels": null, "name": null}}, {"type": "Feature", "geometry": {"type": "Polygon", "coordinates": [[[78.3898311, 17.4145064], [78.389926, 17.4144728], [78.3898909, 17.4143825], [78.389796, 17.4144161], [78.3898311, 17.4145064]]]}, "properties": {"osm_id": 417152019, "building_type": "yes", "osm_height": null, "osm_levels": null, "name": null}}, {"type": "Feature", "geometry": {"type": "Polygon", "coordinates": [[[78.3911202, 17.4116479], [78.3912075, 17.4116157], [78.3911755, 17.4115371], [78.3910883, 17.4115694], [78.3911202, 17.4116479]]]}, "properties": {"osm_id": 417152021, "building_type": "yes", "osm_height": null, "osm_levels": null, "name": null}}, {"type": "Feature", "geometry": {"type": "Polygon", "coordinates": [[[78.3892786, 17.415234], [78.3894, 17.4151806], [78.3893581, 17.415094], [78.3892367, 17.4151474], [78.3892786, 17.415234]]]}, "properties": {"osm_id": 417152024, "building_type": "yes", "osm_height": null, "osm_levels": null, "name": null}}, {"type": "Feature", "geometry": {"type": "Polygon", "coordinates": [[[78.3911096, 17.4128537], [78.391184, 17.4128239], [78.391126, 17.4126921], [78.3910516, 17.4127219], [78.3911096, 17.4128537]]]}, "properties": {"osm_id": 417152026, "building_type": "yes", "osm_height": null, "osm_levels": null, "name": null}}, {"type": "Feature", "geometry": {"type": "Polygon", "coordinates": [[[78.3908008, 17.4142861], [78.3907304, 17.4141441], [78.3906591, 17.4141762], [78.3907295, 17.4143183], [78.3908008, 17.4142861]]]}, "properties": {"osm_id": 417152028, "building_type": "yes", "osm_height": null, "osm_levels": null, "name": null}}, {"type": "Feature", "geometry": {"type": "Polygon", "coordinates": [[[78.3909134, 17.4128363], [78.3910323, 17.4127859], [78.3910039, 17.412725], [78.3908851, 17.4127753], [78.3909134, 17.4128363]]]}, "properties": {"osm_id": 417152031, "building_type": "yes", "osm_height": null, "osm_levels": null, "name": null}}, {"type": "Feature", "geometry": {"type": "Polygon", "coordinates": [[[78.3905315, 17.4142717], [78.390636, 17.4142343], [78.3905988, 17.4141396], [78.3904943, 17.414177], [78.3905315, 17.4142717]]]}, "properties": {"osm_id": 417152033, "building_type": "yes", "osm_height": null, "osm_levels": null, "name": null}}, {"type": "Feature", "geometry": {"type": "Polygon", "coordinates": [[[78.3901946, 17.4127765], [78.3902731, 17.4127492], [78.3902342, 17.4126474], [78.3901557, 17.4126747], [78.3901946, 17.4127765]]]}, "properties": {"osm_id": 417152036, "building_type": "yes", "osm_height": null, "osm_levels": null, "name": null}}, {"type": "Feature", "geometry": {"type": "Polygon", "coordinates": [[[78.3914881, 17.4120017], [78.391543, 17.4119734], [78.3914845, 17.4118699], [78.3914296, 17.4118982], [78.3914881, 17.4120017]]]}, "properties": {"osm_id": 417152038, "building_type": "yes", "osm_height": null, "osm_levels": null, "name": null}}, {"type": "Feature", "geometry": {"type": "Polygon", "coordinates": [[[78.3905781, 17.4133787], [78.3906734, 17.4133298], [78.3906129, 17.4132226], [78.3905177, 17.4132716], [78.3905781, 17.4133787]]]}, "properties": {"osm_id": 417152041, "building_type": "yes", "osm_height": null, "osm_levels": null, "name": null}}, {"type": "Feature", "geometry": {"type": "Polygon", "coordinates": [[[78.3926004, 17.413317], [78.3926948, 17.4132837], [78.3926579, 17.4131884], [78.3925635, 17.4132216], [78.3926004, 17.413317]]]}, "properties": {"osm_id": 417152043, "building_type": "yes", "osm_height": null, "osm_levels": null, "name": null}}, {"type": "Feature", "geometry": {"type": "Polygon", "coordinates": [[[78.3910859, 17.4115462], [78.3911684, 17.4115159], [78.3911215, 17.4114], [78.391039, 17.4114304], [78.3910859, 17.4115462]]]}, "properties": {"osm_id": 417152046, "building_type": "yes", "osm_height": null, "osm_levels": null, "name": null}}, {"type": "Feature", "geometry": {"type": "Polygon", "coordinates": [[[78.3910843, 17.4141146], [78.3911896, 17.4140788], [78.3911635, 17.414009], [78.3910582, 17.4140448], [78.3910843, 17.4141146]]]}, "properties": {"osm_id": 417152048, "building_type": "yes", "osm_height": null, "osm_levels": null, "name": null}}, {"type": "Feature", "geometry": {"type": "Polygon", "coordinates": [[[78.3898687, 17.4148845], [78.3899471, 17.4148614], [78.3898914, 17.4146899], [78.389813, 17.414713], [78.3898687, 17.4148845]]]}, "properties": {"osm_id": 417152050, "building_type": "yes", "osm_height": null, "osm_levels": null, "name": null}}, {"type": "Feature", "geometry": {"type": "Polygon", "coordinates": [[[78.3893145, 17.4155518], [78.3893784, 17.4155266], [78.3893335, 17.415423], [78.3892696, 17.4154482], [78.3893145, 17.4155518]]]}, "properties": {"osm_id": 417152053, "building_type": "yes", "osm_height": null, "osm_levels": null, "name": null}}, {"type": "Feature", "geometry": {"type": "Polygon", "coordinates": [[[78.3911471, 17.4132939], [78.3912014, 17.4132831], [78.3911828, 17.4131985], [78.3911285, 17.4132094], [78.3911471, 17.4132939]]]}, "properties": {"osm_id": 417152055, "building_type": "yes", "osm_height": null, "osm_levels": null, "name": null}}, {"type": "Feature", "geometry": {"type": "Polygon", "coordinates": [[[78.3902137, 17.4128881], [78.3902995, 17.4128616], [78.3902662, 17.4127634], [78.3901804, 17.41279], [78.3902137, 17.4128881]]]}, "properties": {"osm_id": 417152058, "building_type": "yes", "osm_height": null, "osm_levels": null, "name": null}}, {"type": "Feature", "geometry": {"type": "Polygon", "coordinates": [[[78.38961, 17.414346], [78.3896821, 17.414328], [78.3896459, 17.4141955], [78.3895738, 17.4142134], [78.38961, 17.414346]]]}, "properties": {"osm_id": 417152060, "building_type": "yes", "osm_height": null, "osm_levels": null, "name": null}}, {"type": "Feature", "geometry": {"type": "Polygon", "coordinates": [[[78.3893438, 17.4159334], [78.3895051, 17.4158697], [78.3894394, 17.4157181], [78.389278, 17.4157818], [78.3893438, 17.4159334]]]}, "properties": {"osm_id": 417152063, "building_type": "yes", "osm_height": null, "osm_levels": null, "name": null}}, {"type": "Feature", "geometry": {"type": "Polygon", "coordinates": [[[78.3900823, 17.4139258], [78.3901843, 17.4138862], [78.3901507, 17.4138071], [78.3900486, 17.4138466], [78.3900823, 17.4139258]]]}, "properties": {"osm_id": 417152065, "building_type": "yes", "osm_height": null, "osm_levels": null, "name": null}}, {"type": "Feature", "geometry": {"type": "Polygon", "coordinates": [[[78.3902117, 17.4138551], [78.3902889, 17.4138251], [78.3902238, 17.4136721], [78.3901465, 17.413702], [78.3902117, 17.4138551]]]}, "properties": {"osm_id": 417152068, "building_type": "yes", "osm_height": null, "osm_levels": null, "name": null}}, {"type": "Feature", "geometry": {"type": "Polygon", "coordinates": [[[78.3891639, 17.4155083], [78.3892379, 17.4154792], [78.3892142, 17.4154245], [78.3891403, 17.4154536], [78.3891639, 17.4155083]]]}, "properties": {"osm_id": 417152070, "building_type": "yes", "osm_height": null, "osm_levels": null, "name": null}}, {"type": "Feature", "geometry": {"type": "Polygon", "coordinates": [[[78.3896937, 17.4152295], [78.389764, 17.4152014], [78.3897328, 17.4151304], [78.3896625, 17.4151585], [78.3896937, 17.4152295]]]}, "properties": {"osm_id": 417152073, "building_type": "yes", "osm_height": null, "osm_levels": null, "name": null}}, {"type": "Feature", "geometry": {"type": "Polygon", "coordinates": [[[78.3921139, 17.4119909], [78.392193, 17.4119532], [78.3921601, 17.4118903], [78.3920809, 17.4119281], [78.3921139, 17.4119909]]]}, "properties": {"osm_id": 417152075, "building_type": "yes", "osm_height": null, "osm_levels": null, "name": null}}, {"type": "Feature", "geometry": {"type": "Polygon", "coordinates": [[[78.3909637, 17.4135246], [78.3910127, 17.4135127], [78.3909938, 17.4134418], [78.3909449, 17.4134537], [78.3909637, 17.4135246]]]}, "properties": {"osm_id": 417152077, "building_type": "yes", "osm_height": null, "osm_levels": null, "name": null}}, {"type": "Feature", "geometry": {"type": "Polygon", "coordinates": [[[78.3907837, 17.4129697], [78.3908708, 17.4129393], [78.3908336, 17.4128421], [78.3907464, 17.4128725], [78.3907837, 17.4129697]]]}, "properties": {"osm_id": 417152080, "building_type": "yes", "osm_height": null, "osm_levels": null, "name": null}}, {"type": "Feature", "geometry": {"type": "Polygon", "coordinates": [[[78.3911761, 17.4113271], [78.3912801, 17.4113172], [78.3912703, 17.4112232], [78.3911663, 17.4112331], [78.3911761, 17.4113271]]]}, "properties": {"osm_id": 417152082, "building_type": "yes", "osm_height": null, "osm_levels": null, "name": null}}, {"type": "Feature", "geometry": {"type": "Polygon", "coordinates": [[[78.39133, 17.413864], [78.3914386, 17.4138269], [78.3913969, 17.4137158], [78.3912883, 17.4137529], [78.39133, 17.413864]]]}, "properties": {"osm_id": 417152085, "building_type": "yes", "osm_height": null, "osm_levels": null, "name": null}}, {"type": "Feature", "geometry": {"type": "Polygon", "coordinates": [[[78.389983, 17.4139632], [78.3900722, 17.4139286], [78.3900417, 17.4138568], [78.3899525, 17.4138914], [78.389983, 17.4139632]]]}, "properties": {"osm_id": 417152087, "building_type": "yes", "osm_height": null, "osm_levels": null, "name": null}}, {"type": "Feature", "geometry": {"type": "Polygon", "coordinates": [[[78.3910277, 17.4144445], [78.3911555, 17.414401], [78.3911206, 17.4143076], [78.3909928, 17.4143511], [78.3910277, 17.4144445]]]}, "properties": {"osm_id": 417152090, "building_type": "yes", "osm_height": null, "osm_levels": null, "name": null}}, {"type": "Feature", "geometry": {"type": "Polygon", "coordinates": [[[78.3905446, 17.4137021], [78.3906281, 17.4136697], [78.3905812, 17.4135595], [78.3904976, 17.4135919], [78.3905446, 17.4137021]]]}, "properties": {"osm_id": 417152092, "building_type": "yes", "osm_height": null, "osm_levels": null, "name": null}}, {"type": "Feature", "geometry": {"type": "Polygon", "coordinates": [[[78.3900591, 17.4135115], [78.3901122, 17.4134909], [78.3900756, 17.4134049], [78.3900225, 17.4134255], [78.3900591, 17.4135115]]]}, "properties": {"osm_id": 417152096, "building_type": "yes", "osm_height": null, "osm_levels": null, "name": null}}, {"type": "Feature", "geometry": {"type": "Polygon", "coordinates": [[[78.3917243, 17.4138739], [78.3918308, 17.4138398], [78.3917815, 17.4136786], [78.391676, 17.4137153], [78.3917243, 17.4138739]]]}, "properties": {"osm_id": 417152098, "building_type": "yes", "osm_height": null, "osm_levels": null, "name": null}}, {"type": "Feature", "geometry": {"type": "Polygon", "coordinates": [[[78.3908387, 17.4139186], [78.3909818, 17.4138626], [78.390963, 17.4138187], [78.3908198, 17.4138746], [78.3908387, 17.4139186]]]}, "properties": {"osm_id": 417152100, "building_type": "yes", "osm_height": null, "osm_levels": null, "name": null}}, {"type": "Feature", "geometry": {"type": "Polygon", "coordinates": [[[78.3909178, 17.4132187], [78.3909683, 17.4132075], [78.3909408, 17.4130952], [78.3908903, 17.4131065], [78.3909178, 17.4132187]]]}, "properties": {"osm_id": 417152101, "building_type": "yes", "osm_height": null, "osm_levels": null, "name": null}}, {"type": "Feature", "geometry": {"type": "Polygon", "coordinates": [[[78.3901161, 17.4136318], [78.3902006, 17.413599], [78.3901745, 17.4135377], [78.39009, 17.4135704], [78.3901161, 17.4136318]]]}, "properties": {"osm_id": 417152103, "building_type": "yes", "osm_height": null, "osm_levels": null, "name": null}}, {"type": "Feature", "geometry": {"type": "Polygon", "coordinates": [[[78.3912975, 17.411632], [78.3914718, 17.4115482], [78.3914083, 17.4114279], [78.391234, 17.4115117], [78.3912975, 17.411632]]]}, "properties": {"osm_id": 417152104, "building_type": "yes", "osm_height": null, "osm_levels": null, "name": null}}, {"type": "Feature", "geometry": {"type": "Polygon", "coordinates": [[[78.391296, 17.4129187], [78.3912503, 17.4128154], [78.3911917, 17.412839], [78.3912273, 17.412916], [78.391296, 17.4129187]]]}, "properties": {"osm_id": 417152106, "building_type": "yes", "osm_height": null, "osm_levels": null, "name": null}}, {"type": "Feature", "geometry": {"type": "Polygon", "coordinates": [[[78.3914732, 17.4136113], [78.3915734, 17.4135834], [78.3915607, 17.4135417], [78.3914604, 17.4135696], [78.3914732, 17.4136113]]]}, "properties": {"osm_id": 417152107, "building_type": "yes", "osm_height": null, "osm_levels": null, "name": null}}, {"type": "Feature", "geometry": {"type": "Polygon", "coordinates": [[[78.389919, 17.413816], [78.3900162, 17.4137783], [78.3899813, 17.4136964], [78.3898841, 17.413734], [78.389919, 17.413816]]]}, "properties": {"osm_id": 417152109, "building_type": "yes", "osm_height": null, "osm_levels": null, "name": null}}, {"type": "Feature", "geometry": {"type": "Polygon", "coordinates": [[[78.389956, 17.4144514], [78.3900492, 17.4144186], [78.3900333, 17.4143776], [78.3899402, 17.4144104], [78.389956, 17.4144514]]]}, "properties": {"osm_id": 417152110, "building_type": "yes", "osm_height": null, "osm_levels": null, "name": null}}, {"type": "Feature", "geometry": {"type": "Polygon", "coordinates": [[[78.3893107, 17.4144566], [78.3895309, 17.4143693], [78.3894764, 17.4142442], [78.3892562, 17.4143316], [78.3893107, 17.4144566]]]}, "properties": {"osm_id": 417152111, "building_type": "yes", "osm_height": null, "osm_levels": null, "name": null}}, {"type": "Feature", "geometry": {"type": "Polygon", "coordinates": [[[78.3894228, 17.4152036], [78.3894972, 17.4151736], [78.3894741, 17.4151215], [78.3893997, 17.4151515], [78.3894228, 17.4152036]]]}, "properties": {"osm_id": 417152113, "building_type": "yes", "osm_height": null, "osm_levels": null, "name": null}}, {"type": "Feature", "geometry": {"type": "Polygon", "coordinates": [[[78.3903826, 17.4142018], [78.3905727, 17.4141159], [78.3905351, 17.4140402], [78.3903451, 17.4141261], [78.3903826, 17.4142018]]]}, "properties": {"osm_id": 417152114, "building_type": "yes", "osm_height": null, "osm_levels": null, "name": null}}, {"type": "Feature", "geometry": {"type": "Polygon", "coordinates": [[[78.3916644, 17.4119725], [78.3917043, 17.4119533], [78.3916802, 17.4119076], [78.3916403, 17.4119268], [78.3916644, 17.4119725]]]}, "properties": {"osm_id": 417152116, "building_type": "yes", "osm_height": null, "osm_levels": null, "name": null}}, {"type": "Feature", "geometry": {"type": "Polygon", "coordinates": [[[78.3898932, 17.4141163], [78.3899885, 17.4140807], [78.3899562, 17.414002], [78.3898609, 17.4140376], [78.3898932, 17.4141163]]]}, "properties": {"osm_id": 417152117, "building_type": "yes", "osm_height": null, "osm_levels": null, "name": null}}, {"type": "Feature", "geometry": {"type": "Polygon", "coordinates": [[[78.3915405, 17.4119625], [78.3916259, 17.4119197], [78.3915903, 17.4118551], [78.391505, 17.4118978], [78.3915405, 17.4119625]]]}, "properties": {"osm_id": 417152119, "building_type": "yes", "osm_height": null, "osm_levels": null, "name": null}}, {"type": "Feature", "geometry": {"type": "Polygon", "coordinates": [[[78.3920317, 17.412132], [78.3920908, 17.4121043], [78.3920364, 17.411999], [78.3919774, 17.4120268], [78.3920317, 17.412132]]]}, "properties": {"osm_id": 417152121, "building_type": "yes", "osm_height": null, "osm_levels": null, "name": null}}, {"type": "Feature", "geometry": {"type": "Polygon", "coordinates": [[[78.3905412, 17.4139317], [78.3907246, 17.4138433], [78.3906872, 17.4137726], [78.3905037, 17.413861], [78.3905412, 17.4139317]]]}, "properties": {"osm_id": 417152123, "building_type": "yes", "osm_height": null, "osm_levels": null, "name": null}}, {"type": "Feature", "geometry": {"type": "Polygon", "coordinates": [[[78.3906861, 17.413656], [78.3907242, 17.4136412], [78.3906722, 17.4135191], [78.3906341, 17.4135339], [78.3906861, 17.413656]]]}, "properties": {"osm_id": 417152125, "building_type": "yes", "osm_height": null, "osm_levels": null, "name": null}}, {"type": "Feature", "geometry": {"type": "Polygon", "coordinates": [[[78.3909423, 17.4152331], [78.3910811, 17.4151576], [78.3910105, 17.4150395], [78.3908717, 17.415115], [78.3909423, 17.4152331]]]}, "properties": {"osm_id": 417152127, "building_type": "yes", "osm_height": null, "osm_levels": null, "name": null}}, {"type": "Feature", "geometry": {"type": "Polygon", "coordinates": [[[78.3906754, 17.4134936], [78.3907266, 17.4134809], [78.3906994, 17.4133811], [78.3906482, 17.4133937], [78.3906754, 17.4134936]]]}, "properties": {"osm_id": 417152128, "building_type": "yes", "osm_height": null, "osm_levels": null, "name": null}}, {"type": "Feature", "geometry": {"type": "Polygon", "coordinates": [[[78.393396, 17.413292], [78.3935482, 17.4132555], [78.3935153, 17.4131305], [78.3933631, 17.4131669], [78.393396, 17.413292]]]}, "properties": {"osm_id": 417152129, "building_type": "yes", "osm_height": null, "osm_levels": null, "name": null}}, {"type": "Feature", "geometry": {"type": "Polygon", "coordinates": [[[78.3916308, 17.4119245], [78.3917098, 17.4118873], [78.391674, 17.411818], [78.391595, 17.4118551], [78.3916308, 17.4119245]]]}, "properties": {"osm_id": 417152131, "building_type": "yes", "osm_height": null, "osm_levels": null, "name": null}}, {"type": "Feature", "geometry": {"type": "Polygon", "coordinates": [[[78.3917276, 17.4126871], [78.3917725, 17.4126779], [78.3917527, 17.4125899], [78.3917079, 17.4125991], [78.3917276, 17.4126871]]]}, "properties": {"osm_id": 417152132, "building_type": "yes", "osm_height": null, "osm_levels": null, "name": null}}, {"type": "Feature", "geometry": {"type": "Polygon", "coordinates": [[[78.3906895, 17.4145836], [78.3907877, 17.4145501], [78.3907504, 17.4144508], [78.3906522, 17.4144844], [78.3906895, 17.4145836]]]}, "properties": {"osm_id": 417152134, "building_type": "yes", "osm_height": null, "osm_levels": null, "name": null}}, {"type": "Feature", "geometry": {"type": "Polygon", "coordinates": [[[78.3889403, 17.4155234], [78.3890664, 17.4154776], [78.3890365, 17.4154026], [78.3889104, 17.4154483], [78.3889403, 17.4155234]]]}, "properties": {"osm_id": 417152135, "building_type": "yes", "osm_height": null, "osm_levels": null, "name": null}}, {"type": "Feature", "geometry": {"type": "Polygon", "coordinates": [[[78.3912041, 17.4132149], [78.3912543, 17.4132075], [78.3912342, 17.413084], [78.391184, 17.4130914], [78.3912041, 17.4132149]]]}, "properties": {"osm_id": 417152138, "building_type": "yes", "osm_height": null, "osm_levels": null, "name": null}}, {"type": "Feature", "geometry": {"type": "Polygon", "coordinates": [[[78.3898479, 17.4136436], [78.3899416, 17.4136073], [78.3899126, 17.4135393], [78.389819, 17.4135756], [78.3898479, 17.4136436]]]}, "properties": {"osm_id": 417152139, "building_type": "yes", "osm_height": null, "osm_levels": null, "name": null}}, {"type": "Feature", "geometry": {"type": "Polygon", "coordinates": [[[78.3900454, 17.4141404], [78.3901779, 17.4140918], [78.3901493, 17.4140208], [78.3900168, 17.4140694], [78.3900454, 17.4141404]]]}, "properties": {"osm_id": 417152141, "building_type": "yes", "osm_height": null, "osm_levels": null, "name": null}}, {"type": "Feature", "geometry": {"type": "Polygon", "coordinates": [[[78.3900511, 17.4138423], [78.390148, 17.4138047], [78.3901171, 17.4137322], [78.3900202, 17.4137697], [78.3900511, 17.4138423]]]}, "properties": {"osm_id": 417152142, "building_type": "yes", "osm_height": null, "osm_levels": null, "name": null}}, {"type": "Feature", "geometry": {"type": "Polygon", "coordinates": [[[78.3903307, 17.4144779], [78.3904328, 17.4144436], [78.3904142, 17.4143931], [78.3903121, 17.4144274], [78.3903307, 17.4144779]]]}, "properties": {"osm_id": 417152144, "building_type": "yes", "osm_height": null, "osm_levels": null, "name": null}}, {"type": "Feature", "geometry": {"type": "Polygon", "coordinates": [[[78.3892293, 17.4156619], [78.389284, 17.4156401], [78.3892669, 17.415601], [78.3892122, 17.4156228], [78.3892293, 17.4156619]]]}, "properties": {"osm_id": 417152145, "building_type": "yes", "osm_height": null, "osm_levels": null, "name": null}}, {"type": "Feature", "geometry": {"type": "Polygon", "coordinates": [[[78.3913607, 17.4140008], [78.3914737, 17.4139654], [78.3914477, 17.4138897], [78.3913346, 17.413925], [78.3913607, 17.4140008]]]}, "properties": {"osm_id": 417152147, "building_type": "yes", "osm_height": null, "osm_levels": null, "name": null}}, {"type": "Feature", "geometry": {"type": "Polygon", "coordinates": [[[78.3909597, 17.4136001], [78.3910374, 17.413581], [78.3910205, 17.4135181], [78.3909428, 17.4135372], [78.3909597, 17.4136001]]]}, "properties": {"osm_id": 417152148, "building_type": "yes", "osm_height": null, "osm_levels": null, "name": null}}, {"type": "Feature", "geometry": {"type": "Polygon", "coordinates": [[[78.3896289, 17.4148164], [78.3897537, 17.4147659], [78.3897234, 17.4146979], [78.3895986, 17.4147484], [78.3896289, 17.4148164]]]}, "properties": {"osm_id": 417152150, "building_type": "yes", "osm_height": null, "osm_levels": null, "name": null}}, {"type": "Feature", "geometry": {"type": "Polygon", "coordinates": [[[78.3895261, 17.4147643], [78.3896164, 17.414716], [78.3895587, 17.4146178], [78.3894684, 17.4146662], [78.3895261, 17.4147643]]]}, "properties": {"osm_id": 417152151, "building_type": "yes", "osm_height": null, "osm_levels": null, "name": null}}, {"type": "Feature", "geometry": {"type": "Polygon", "coordinates": [[[78.3903555, 17.4130727], [78.3904332, 17.4130451], [78.3903919, 17.4129395], [78.3903143, 17.4129671], [78.3903555, 17.4130727]]]}, "properties": {"osm_id": 417152152, "building_type": "yes", "osm_height": null, "osm_levels": null, "name": null}}, {"type": "Feature", "geometry": {"type": "Polygon", "coordinates": [[[78.3914896, 17.4136689], [78.3915721, 17.4136433], [78.3915543, 17.4135913], [78.3914719, 17.4136168], [78.3914896, 17.4136689]]]}, "properties": {"osm_id": 417152155, "building_type": "yes", "osm_height": null, "osm_levels": null, "name": null}}, {"type": "Feature", "geometry": {"type": "Polygon", "coordinates": [[[78.3905294, 17.4130123], [78.3906192, 17.4129763], [78.3905853, 17.4128992], [78.3904955, 17.4129352], [78.3905294, 17.4130123]]]}, "properties": {"osm_id": 417152156, "building_type": "yes", "osm_height": null, "osm_levels": null, "name": null}}, {"type": "Feature", "geometry": {"type": "Polygon", "coordinates": [[[78.3903847, 17.4132706], [78.3904652, 17.4132306], [78.3904312, 17.4131683], [78.3903507, 17.4132083], [78.3903847, 17.4132706]]]}, "properties": {"osm_id": 417152159, "building_type": "yes", "osm_height": null, "osm_levels": null, "name": null}}, {"type": "Feature", "geometry": {"type": "Polygon", "coordinates": [[[78.3893255, 17.415322], [78.3894171, 17.4152839], [78.389379, 17.4152006], [78.3892875, 17.4152387], [78.3893255, 17.415322]]]}, "properties": {"osm_id": 417152160, "building_type": "yes", "osm_height": null, "osm_levels": null, "name": null}}, {"type": "Feature", "geometry": {"type": "Polygon", "coordinates": [[[78.3908071, 17.4142804], [78.3908913, 17.4142428], [78.3908229, 17.4141033], [78.3907387, 17.4141409], [78.3908071, 17.4142804]]]}, "properties": {"osm_id": 417152162, "building_type": "yes", "osm_height": null, "osm_levels": null, "name": null}}, {"type": "Feature", "geometry": {"type": "Polygon", "coordinates": [[[78.3899378, 17.4134404], [78.3900846, 17.4133836], [78.3900451, 17.4132907], [78.3898983, 17.4133476], [78.3899378, 17.4134404]]]}, "properties": {"osm_id": 417152163, "building_type": "yes", "osm_height": null, "osm_levels": null, "name": null}}, {"type": "Feature", "geometry": {"type": "Polygon", "coordinates": [[[78.3899254, 17.4147604], [78.3900171, 17.4147294], [78.3899907, 17.4146583], [78.389899, 17.4146893], [78.3899254, 17.4147604]]]}, "properties": {"osm_id": 417152166, "building_type": "yes", "osm_height": null, "osm_levels": null, "name": null}}, {"type": "Feature", "geometry": {"type": "Polygon", "coordinates": [[[78.3904615, 17.4143875], [78.3906026, 17.4143357], [78.3905766, 17.4142711], [78.3904354, 17.4143229], [78.3904615, 17.4143875]]]}, "properties": {"osm_id": 417152167, "building_type": "yes", "osm_height": null, "osm_levels": null, "name": null}}, {"type": "Feature", "geometry": {"type": "Polygon", "coordinates": [[[78.3896296, 17.4147134], [78.3897141, 17.4146724], [78.3896605, 17.4145717], [78.389576, 17.4146126], [78.3896296, 17.4147134]]]}, "properties": {"osm_id": 417152169, "building_type": "yes", "osm_height": null, "osm_levels": null, "name": null}}, {"type": "Feature", "geometry": {"type": "Polygon", "coordinates": [[[78.3914594, 17.4135627], [78.391562, 17.4135339], [78.3915311, 17.4134336], [78.3914285, 17.4134624], [78.3914594, 17.4135627]]]}, "properties": {"osm_id": 417152170, "building_type": "yes", "osm_height": null, "osm_levels": null, "name": null}}, {"type": "Feature", "geometry": {"type": "Polygon", "coordinates": [[[78.3904839, 17.4134347], [78.3905728, 17.4133944], [78.3905299, 17.4133084], [78.3904411, 17.4133487], [78.3904839, 17.4134347]]]}, "properties": {"osm_id": 417152171, "building_type": "yes", "osm_height": null, "osm_levels": null, "name": null}}, {"type": "Feature", "geometry": {"type": "Polygon", "coordinates": [[[78.3902576, 17.41457], [78.3903365, 17.4145411], [78.3903076, 17.4144693], [78.3902287, 17.4144982], [78.3902576, 17.41457]]]}, "properties": {"osm_id": 417152174, "building_type": "yes", "osm_height": null, "osm_levels": null, "name": null}}, {"type": "Feature", "geometry": {"type": "Polygon", "coordinates": [[[78.3902352, 17.4146137], [78.3901927, 17.4145041], [78.3901, 17.4145367], [78.3901424, 17.4146464], [78.3902352, 17.4146137]]]}, "properties": {"osm_id": 417152175, "building_type": "yes", "osm_height": null, "osm_levels": null, "name": null}}, {"type": "Feature", "geometry": {"type": "Polygon", "coordinates": [[[78.3900719, 17.4151217], [78.3901731, 17.4150795], [78.3901253, 17.4149751], [78.390024, 17.4150173], [78.3900719, 17.4151217]]]}, "properties": {"osm_id": 417152178, "building_type": "yes", "osm_height": null, "osm_levels": null, "name": null}}, {"type": "Feature", "geometry": {"type": "Polygon", "coordinates": [[[78.3902455, 17.4142581], [78.3903541, 17.4142217], [78.3903253, 17.4141436], [78.3902168, 17.4141801], [78.3902455, 17.4142581]]]}, "properties": {"osm_id": 417152180, "building_type": "yes", "osm_height": null, "osm_levels": null, "name": null}}, {"type": "Feature", "geometry": {"type": "Polygon", "coordinates": [[[78.390499, 17.4138611], [78.3905768, 17.4138224], [78.3905319, 17.4137402], [78.3904541, 17.4137789], [78.390499, 17.4138611]]]}, "properties": {"osm_id": 417152182, "building_type": "yes", "osm_height": null, "osm_levels": null, "name": null}}, {"type": "Feature", "geometry": {"type": "Polygon", "coordinates": [[[78.3898938, 17.4146839], [78.3899877, 17.4146523], [78.3899548, 17.4145634], [78.3898609, 17.4145951], [78.3898938, 17.4146839]]]}, "properties": {"osm_id": 417152183, "building_type": "yes", "osm_height": null, "osm_levels": null, "name": null}}, {"type": "Feature", "geometry": {"type": "Polygon", "coordinates": [[[78.3909715, 17.4136846], [78.3910648, 17.4136594], [78.3910423, 17.4135837], [78.3909491, 17.4136089], [78.3909715, 17.4136846]]]}, "properties": {"osm_id": 417152185, "building_type": "yes", "osm_height": null, "osm_levels": null, "name": null}}, {"type": "Feature", "geometry": {"type": "Polygon", "coordinates": [[[78.3910257, 17.4142564], [78.3910884, 17.4142359], [78.3910502, 17.4141294], [78.3909875, 17.4141498], [78.3910257, 17.4142564]]]}, "properties": {"osm_id": 417152186, "building_type": "yes", "osm_height": null, "osm_levels": null, "name": null}}, {"type": "Feature", "geometry": {"type": "Polygon", "coordinates": [[[78.3900068, 17.4146166], [78.3901046, 17.4145822], [78.3900881, 17.4145397], [78.3899904, 17.414574], [78.3900068, 17.4146166]]]}, "properties": {"osm_id": 417152188, "building_type": "yes", "osm_height": null, "osm_levels": null, "name": null}}, {"type": "Feature", "geometry": {"type": "Polygon", "coordinates": [[[78.3900174, 17.4143374], [78.3901162, 17.4143005], [78.3900878, 17.4142312], [78.389989, 17.4142681], [78.3900174, 17.4143374]]]}, "properties": {"osm_id": 417152191, "building_type": "yes", "osm_height": null, "osm_levels": null, "name": null}}, {"type": "Feature", "geometry": {"type": "Polygon", "coordinates": [[[78.3918104, 17.4127485], [78.3918725, 17.4127359], [78.3918363, 17.4125728], [78.3917742, 17.4125853], [78.3918104, 17.4127485]]]}, "properties": {"osm_id": 417152193, "building_type": "yes", "osm_height": null, "osm_levels": null, "name": null}}, {"type": "Feature", "geometry": {"type": "Polygon", "coordinates": [[[78.3914509, 17.4128019], [78.3915491, 17.4127606], [78.3915171, 17.4126913], [78.3914189, 17.4127326], [78.3914509, 17.4128019]]]}, "properties": {"osm_id": 417152196, "building_type": "yes", "osm_height": null, "osm_levels": null, "name": null}}, {"type": "Feature", "geometry": {"type": "Polygon", "coordinates": [[[78.3907874, 17.4126034], [78.3909278, 17.4125596], [78.3908915, 17.412454], [78.3907511, 17.4124978], [78.3907874, 17.4126034]]]}, "properties": {"osm_id": 417152198, "building_type": "yes", "osm_height": null, "osm_levels": null, "name": null}}, {"type": "Feature", "geometry": {"type": "Polygon", "coordinates": [[[78.3891676, 17.415152], [78.389207, 17.4151345], [78.3891328, 17.4149821], [78.3890934, 17.4149996], [78.3891676, 17.415152]]]}, "properties": {"osm_id": 417152202, "building_type": "yes", "osm_height": null, "osm_levels": null, "name": null}}, {"type": "Feature", "geometry": {"type": "Polygon", "coordinates": [[[78.3911896, 17.4128171], [78.3912612, 17.4127882], [78.391203, 17.4126568], [78.3911314, 17.4126856], [78.3911896, 17.4128171]]]}, "properties": {"osm_id": 417152204, "building_type": "yes", "osm_height": null, "osm_levels": null, "name": null}}, {"type": "Feature", "geometry": {"type": "Polygon", "coordinates": [[[78.3918033, 17.4121179], [78.3918804, 17.4120752], [78.3918621, 17.4120452], [78.391785, 17.4120879], [78.3918033, 17.4121179]]]}, "properties": {"osm_id": 417152208, "building_type": "yes", "osm_height": null, "osm_levels": null, "name": null}}, {"type": "Feature", "geometry": {"type": "Polygon", "coordinates": [[[78.3892396, 17.4147137], [78.3892939, 17.4146849], [78.3892617, 17.4146296], [78.3892074, 17.4146584], [78.3892396, 17.4147137]]]}, "properties": {"osm_id": 417152211, "building_type": "yes", "osm_height": null, "osm_levels": null, "name": null}}, {"type": "Feature", "geometry": {"type": "Polygon", "coordinates": [[[78.3914013, 17.4141341], [78.391357, 17.4140241], [78.3912898, 17.4140487], [78.3913341, 17.4141587], [78.3914013, 17.4141341]]]}, "properties": {"osm_id": 417152215, "building_type": "yes", "osm_height": null, "osm_levels": null, "name": null}}, {"type": "Feature", "geometry": {"type": "Polygon", "coordinates": [[[78.389983, 17.4136871], [78.3900719, 17.4136527], [78.3900437, 17.4135863], [78.3899548, 17.4136208], [78.389983, 17.4136871]]]}, "properties": {"osm_id": 417152218, "building_type": "yes", "osm_height": null, "osm_levels": null, "name": null}}, {"type": "Feature", "geometry": {"type": "Polygon", "coordinates": [[[78.3902801, 17.4130845], [78.3903358, 17.4130628], [78.3902973, 17.4129729], [78.3902415, 17.4129947], [78.3902801, 17.4130845]]]}, "properties": {"osm_id": 417152222, "building_type": "yes", "osm_height": null, "osm_levels": null, "name": null}}, {"type": "Feature", "geometry": {"type": "Polygon", "coordinates": [[[78.3903039, 17.4147019], [78.3904903, 17.4146315], [78.3904543, 17.4145448], [78.3902679, 17.4146151], [78.3903039, 17.4147019]]]}, "properties": {"osm_id": 417152224, "building_type": "yes", "osm_height": null, "osm_levels": null, "name": null}}, {"type": "Feature", "geometry": {"type": "Polygon", "coordinates": [[[78.3921154, 17.4132546], [78.3922057, 17.4132443], [78.3921986, 17.413187], [78.3921082, 17.4131972], [78.3921154, 17.4132546]]]}, "properties": {"osm_id": 417152227, "building_type": "yes", "osm_height": null, "osm_levels": null, "name": null}}, {"type": "Feature", "geometry": {"type": "Polygon", "coordinates": [[[78.3894302, 17.4152919], [78.3895579, 17.415243], [78.3895263, 17.4151678], [78.3893985, 17.4152168], [78.3894302, 17.4152919]]]}, "properties": {"osm_id": 417152229, "building_type": "yes", "osm_height": null, "osm_levels": null, "name": null}}, {"type": "Feature", "geometry": {"type": "Polygon", "coordinates": [[[78.3902345, 17.4136295], [78.3903261, 17.413594], [78.3902952, 17.4135214], [78.3902036, 17.4135569], [78.3902345, 17.4136295]]]}, "properties": {"osm_id": 417152231, "building_type": "yes", "osm_height": null, "osm_levels": null, "name": null}}, {"type": "Feature", "geometry": {"type": "Polygon", "coordinates": [[[78.3898342, 17.414225], [78.3899181, 17.4141937], [78.3898583, 17.4140478], [78.3897743, 17.4140791], [78.3898342, 17.414225]]]}, "properties": {"osm_id": 417152233, "building_type": "yes", "osm_height": null, "osm_levels": null, "name": null}}, {"type": "Feature", "geometry": {"type": "Polygon", "coordinates": [[[78.3914052, 17.4124689], [78.391544, 17.4123962], [78.3915133, 17.4123429], [78.3913745, 17.4124157], [78.3914052, 17.4124689]]]}, "properties": {"osm_id": 417152235, "building_type": "yes", "osm_height": null, "osm_levels": null, "name": null}}, {"type": "Feature", "geometry": {"type": "Polygon", "coordinates": [[[78.3911562, 17.4150865], [78.391249, 17.4150523], [78.3911981, 17.4149268], [78.3911054, 17.414961], [78.3911562, 17.4150865]]]}, "properties": {"osm_id": 417152237, "building_type": "yes", "osm_height": null, "osm_levels": null, "name": null}}, {"type": "Feature", "geometry": {"type": "Polygon", "coordinates": [[[78.3900893, 17.4148053], [78.3902107, 17.4147574], [78.3901732, 17.4146711], [78.3900519, 17.4147191], [78.3900893, 17.4148053]]]}, "properties": {"osm_id": 417152239, "building_type": "yes", "osm_height": null, "osm_levels": null, "name": null}}, {"type": "Feature", "geometry": {"type": "Polygon", "coordinates": [[[78.3933604, 17.4131618], [78.393463, 17.4131365], [78.3934373, 17.4130414], [78.3933347, 17.4130667], [78.3933604, 17.4131618]]]}, "properties": {"osm_id": 417152241, "building_type": "yes", "osm_height": null, "osm_levels": null, "name": null}}, {"type": "Feature", "geometry": {"type": "Polygon", "coordinates": [[[78.3889839, 17.4156136], [78.3890758, 17.4155794], [78.3890406, 17.4154935], [78.3889488, 17.4155278], [78.3889839, 17.4156136]]]}, "properties": {"osm_id": 417152244, "building_type": "yes", "osm_height": null, "osm_levels": null, "name": null}}, {"type": "Feature", "geometry": {"type": "Polygon", "coordinates": [[[78.3915288, 17.4117305], [78.3916519, 17.4116718], [78.3915835, 17.4115413], [78.3914604, 17.4116], [78.3915288, 17.4117305]]]}, "properties": {"osm_id": 417152246, "building_type": "yes", "osm_height": null, "osm_levels": null, "name": null}}, {"type": "Feature", "geometry": {"type": "Polygon", "coordinates": [[[78.3913077, 17.4129251], [78.3913977, 17.4128962], [78.3913527, 17.4127686], [78.3912628, 17.4127974], [78.3913077, 17.4129251]]]}, "properties": {"osm_id": 417152249, "building_type": "yes", "osm_height": null, "osm_levels": null, "name": null}}, {"type": "Feature", "geometry": {"type": "Polygon", "coordinates": [[[78.3898757, 17.4135361], [78.38994, 17.4135112], [78.3898938, 17.4134027], [78.3898296, 17.4134276], [78.3898757, 17.4135361]]]}, "properties": {"osm_id": 417152251, "building_type": "yes", "osm_height": null, "osm_levels": null, "name": null}}, {"type": "Feature", "geometry": {"type": "Polygon", "coordinates": [[[78.3906539, 17.4129646], [78.3907434, 17.41293], [78.3907109, 17.4128532], [78.3906213, 17.4128877], [78.3906539, 17.4129646]]]}, "properties": {"osm_id": 417152254, "building_type": "yes", "osm_height": null, "osm_levels": null, "name": null}}, {"type": "Feature", "geometry": {"type": "Polygon", "coordinates": [[[78.3907761, 17.4137262], [78.3908714, 17.4136854], [78.3908375, 17.4136133], [78.3907422, 17.4136541], [78.3907761, 17.4137262]]]}, "properties": {"osm_id": 417152258, "building_type": "yes", "osm_height": null, "osm_levels": null, "name": null}}, {"type": "Feature", "geometry": {"type": "Polygon", "coordinates": [[[78.3908444, 17.414567], [78.3910147, 17.4145184], [78.3909627, 17.4143527], [78.3907924, 17.4144013], [78.3908444, 17.414567]]]}, "properties": {"osm_id": 417152262, "building_type": "yes", "osm_height": null, "osm_levels": null, "name": null}}, {"type": "Feature", "geometry": {"type": "Polygon", "coordinates": [[[78.3903552, 17.4145739], [78.3904684, 17.4145359], [78.390436, 17.4144478], [78.3903227, 17.4144859], [78.3903552, 17.4145739]]]}, "properties": {"osm_id": 417152267, "building_type": "yes", "osm_height": null, "osm_levels": null, "name": null}}, {"type": "Feature", "geometry": {"type": "Polygon", "coordinates": [[[78.392538, 17.4134516], [78.3927337, 17.4133827], [78.3926986, 17.413292], [78.3925029, 17.4133609], [78.392538, 17.4134516]]]}, "properties": {"osm_id": 417152271, "building_type": "yes", "osm_height": null, "osm_levels": null, "name": null}}, {"type": "Feature", "geometry": {"type": "Polygon", "coordinates": [[[78.3900155, 17.4149989], [78.3901137, 17.4149579], [78.3900712, 17.4148652], [78.389973, 17.4149061], [78.3900155, 17.4149989]]]}, "properties": {"osm_id": 417152276, "building_type": "yes", "osm_height": null, "osm_levels": null, "name": null}}, {"type": "Feature", "geometry": {"type": "Polygon", "coordinates": [[[78.3903458, 17.413205], [78.390434, 17.4131634], [78.3904025, 17.4131026], [78.3903143, 17.4131442], [78.3903458, 17.413205]]]}, "properties": {"osm_id": 417152280, "building_type": "yes", "osm_height": null, "osm_levels": null, "name": null}}, {"type": "Feature", "geometry": {"type": "Polygon", "coordinates": [[[78.3915737, 17.4125226], [78.3916455, 17.4124833], [78.3916102, 17.4124247], [78.3915384, 17.412464], [78.3915737, 17.4125226]]]}, "properties": {"osm_id": 417152285, "building_type": "yes", "osm_height": null, "osm_levels": null, "name": null}}, {"type": "Feature", "geometry": {"type": "Polygon", "coordinates": [[[78.3904896, 17.4144662], [78.3906013, 17.4144294], [78.3905744, 17.4143552], [78.3904628, 17.414392], [78.3904896, 17.4144662]]]}, "properties": {"osm_id": 417152289, "building_type": "yes", "osm_height": null, "osm_levels": null, "name": null}}, {"type": "Feature", "geometry": {"type": "Polygon", "coordinates": [[[78.3908715, 17.413347], [78.3909337, 17.4133337], [78.3909129, 17.4132454], [78.3908507, 17.4132587], [78.3908715, 17.413347]]]}, "properties": {"osm_id": 417152294, "building_type": "yes", "osm_height": null, "osm_levels": null, "name": null}}, {"type": "Feature", "geometry": {"type": "Polygon", "coordinates": [[[78.3903715, 17.4134488], [78.3904564, 17.4134158], [78.3904254, 17.413343], [78.3903405, 17.4133759], [78.3903715, 17.4134488]]]}, "properties": {"osm_id": 417152298, "building_type": "yes", "osm_height": null, "osm_levels": null, "name": null}}, {"type": "Feature", "geometry": {"type": "Polygon", "coordinates": [[[78.3890476, 17.4150035], [78.3891058, 17.4149777], [78.3890751, 17.4149146], [78.3890169, 17.4149404], [78.3890476, 17.4150035]]]}, "properties": {"osm_id": 417152302, "building_type": "yes", "osm_height": null, "osm_levels": null, "name": null}}, {"type": "Feature", "geometry": {"type": "Polygon", "coordinates": [[[78.3902017, 17.4141777], [78.3903134, 17.4141367], [78.390282, 17.4140587], [78.3901703, 17.4140996], [78.3902017, 17.4141777]]]}, "properties": {"osm_id": 417152307, "building_type": "yes", "osm_height": null, "osm_levels": null, "name": null}}, {"type": "Feature", "geometry": {"type": "Polygon", "coordinates": [[[78.3891385, 17.4154433], [78.3892035, 17.4154177], [78.3891718, 17.4153442], [78.3891067, 17.4153697], [78.3891385, 17.4154433]]]}, "properties": {"osm_id": 417152311, "building_type": "yes", "osm_height": null, "osm_levels": null, "name": null}}, {"type": "Feature", "geometry": {"type": "Polygon", "coordinates": [[[78.3913974, 17.4122689], [78.391335, 17.4121429], [78.3912765, 17.4121692], [78.3913389, 17.4122953], [78.3913974, 17.4122689]]]}, "properties": {"osm_id": 417152316, "building_type": "yes", "osm_height": null, "osm_levels": null, "name": null}}, {"type": "Feature", "geometry": {"type": "Polygon", "coordinates": [[[78.3907196, 17.4139547], [78.3908222, 17.4139141], [78.3907889, 17.4138375], [78.3906863, 17.4138782], [78.3907196, 17.4139547]]]}, "properties": {"osm_id": 417152320, "building_type": "yes", "osm_height": null, "osm_levels": null, "name": null}}, {"type": "Feature", "geometry": {"type": "Polygon", "coordinates": [[[78.3910767, 17.4136737], [78.3911897, 17.4136388], [78.3911581, 17.4135456], [78.3910451, 17.4135805], [78.3910767, 17.4136737]]]}, "properties": {"osm_id": 417152325, "building_type": "yes", "osm_height": null, "osm_levels": null, "name": null}}, {"type": "Feature", "geometry": {"type": "Polygon", "coordinates": [[[78.3903857, 17.4139355], [78.3904745, 17.4138917], [78.3904281, 17.4138059], [78.3903392, 17.4138497], [78.3903857, 17.4139355]]]}, "properties": {"osm_id": 417152329, "building_type": "yes", "osm_height": null, "osm_levels": null, "name": null}}, {"type": "Feature", "geometry": {"type": "Polygon", "coordinates": [[[78.3910968, 17.4142036], [78.391213, 17.4141657], [78.391186, 17.4140903], [78.3910698, 17.4141283], [78.3910968, 17.4142036]]]}, "properties": {"osm_id": 417152334, "building_type": "yes", "osm_height": null, "osm_levels": null, "name": null}}, {"type": "Feature", "geometry": {"type": "Polygon", "coordinates": [[[78.3899539, 17.414274], [78.3900522, 17.4142372], [78.3900236, 17.4141674], [78.3899252, 17.4142042], [78.3899539, 17.414274]]]}, "properties": {"osm_id": 417152338, "building_type": "yes", "osm_height": null, "osm_levels": null, "name": null}}, {"type": "Feature", "geometry": {"type": "Polygon", "coordinates": [[[78.3912919, 17.4127827], [78.3913573, 17.4127542], [78.3913247, 17.4126861], [78.3912594, 17.4127146], [78.3912919, 17.4127827]]]}, "properties": {"osm_id": 417152342, "building_type": "yes", "osm_height": null, "osm_levels": null, "name": null}}, {"type": "Feature", "geometry": {"type": "Polygon", "coordinates": [[[78.3908822, 17.412772], [78.3910014, 17.4127215], [78.3909731, 17.4126607], [78.3908539, 17.4127111], [78.3908822, 17.412772]]]}, "properties": {"osm_id": 417152347, "building_type": "yes", "osm_height": null, "osm_levels": null, "name": null}}, {"type": "Feature", "geometry": {"type": "Polygon", "coordinates": [[[78.3914153, 17.4133378], [78.3915461, 17.4133118], [78.3915289, 17.4132328], [78.3913981, 17.4132587], [78.3914153, 17.4133378]]]}, "properties": {"osm_id": 417152351, "building_type": "yes", "osm_height": null, "osm_levels": null, "name": null}}, {"type": "Feature", "geometry": {"type": "Polygon", "coordinates": [[[78.3895733, 17.4144898], [78.3896726, 17.4144619], [78.3896399, 17.4143558], [78.3895406, 17.4143836], [78.3895733, 17.4144898]]]}, "properties": {"osm_id": 417152356, "building_type": "yes", "osm_height": null, "osm_levels": null, "name": null}}, {"type": "Feature", "geometry": {"type": "Polygon", "coordinates": [[[78.3892059, 17.4151216], [78.3892922, 17.4150833], [78.3892226, 17.4149405], [78.3891363, 17.4149788], [78.3892059, 17.4151216]]]}, "properties": {"osm_id": 417152360, "building_type": "yes", "osm_height": null, "osm_levels": null, "name": null}}, {"type": "Feature", "geometry": {"type": "Polygon", "coordinates": [[[78.390675, 17.4133115], [78.3907656, 17.4132773], [78.3907216, 17.4131715], [78.3906311, 17.4132058], [78.390675, 17.4133115]]]}, "properties": {"osm_id": 417152365, "building_type": "yes", "osm_height": null, "osm_levels": null, "name": null}}, {"type": "Feature", "geometry": {"type": "Polygon", "coordinates": [[[78.3917793, 17.4120767], [78.3918604, 17.4120338], [78.3918127, 17.4119515], [78.3917315, 17.4119944], [78.3917793, 17.4120767]]]}, "properties": {"osm_id": 417152369, "building_type": "yes", "osm_height": null, "osm_levels": null, "name": null}}, {"type": "Feature", "geometry": {"type": "Polygon", "coordinates": [[[78.3908568, 17.4138498], [78.3909456, 17.4138155], [78.3909139, 17.4137405], [78.390825, 17.4137748], [78.3908568, 17.4138498]]]}, "properties": {"osm_id": 417152374, "building_type": "yes", "osm_height": null, "osm_levels": null, "name": null}}, {"type": "Feature", "geometry": {"type": "Polygon", "coordinates": [[[78.3902144, 17.4144696], [78.3903061, 17.4144388], [78.3902633, 17.4143228], [78.3901716, 17.4143536], [78.3902144, 17.4144696]]]}, "properties": {"osm_id": 417152378, "building_type": "yes", "osm_height": null, "osm_levels": null, "name": null}}, {"type": "Feature", "geometry": {"type": "Polygon", "coordinates": [[[78.3921637, 17.4130382], [78.3922624, 17.4130139], [78.3922461, 17.4129539], [78.3921475, 17.4129782], [78.3921637, 17.4130382]]]}, "properties": {"osm_id": 417152382, "building_type": "yes", "osm_height": null, "osm_levels": null, "name": null}}, {"type": "Feature", "geometry": {"type": "Polygon", "coordinates": [[[78.3921865, 17.413186], [78.3922763, 17.4131655], [78.3922665, 17.4131261], [78.3921766, 17.4131466], [78.3921865, 17.413186]]]}, "properties": {"osm_id": 417152387, "building_type": "yes", "osm_height": null, "osm_levels": null, "name": null}}, {"type": "Feature", "geometry": {"type": "Polygon", "coordinates": [[[78.3896823, 17.4151403], [78.3897795, 17.4150952], [78.3897349, 17.4150077], [78.3896377, 17.4150528], [78.3896823, 17.4151403]]]}, "properties": {"osm_id": 417152391, "building_type": "yes", "osm_height": null, "osm_levels": null, "name": null}}, {"type": "Feature", "geometry": {"type": "Polygon", "coordinates": [[[78.3902985, 17.4138109], [78.3903961, 17.4137731], [78.3903636, 17.4136967], [78.390266, 17.4137345], [78.3902985, 17.4138109]]]}, "properties": {"osm_id": 417152396, "building_type": "yes", "osm_height": null, "osm_levels": null, "name": null}}, {"type": "Feature", "geometry": {"type": "Polygon", "coordinates": [[[78.391433, 17.412529], [78.3915123, 17.4124907], [78.3914869, 17.4124426], [78.3914075, 17.4124809], [78.391433, 17.412529]]]}, "properties": {"osm_id": 417152401, "building_type": "yes", "osm_height": null, "osm_levels": null, "name": null}}, {"type": "Feature", "geometry": {"type": "Polygon", "coordinates": [[[78.3916843, 17.4121675], [78.3917341, 17.4121494], [78.3916922, 17.4120444], [78.3916424, 17.4120626], [78.3916843, 17.4121675]]]}, "properties": {"osm_id": 417152406, "building_type": "yes", "osm_height": null, "osm_levels": null, "name": null}}, {"type": "Feature", "geometry": {"type": "Polygon", "coordinates": [[[78.3905912, 17.4135108], [78.3906356, 17.4134942], [78.3905987, 17.4134046], [78.3905543, 17.4134213], [78.3905912, 17.4135108]]]}, "properties": {"osm_id": 417152410, "building_type": "yes", "osm_height": null, "osm_levels": null, "name": null}}, {"type": "Feature", "geometry": {"type": "Polygon", "coordinates": [[[78.3916157, 17.4136222], [78.3917464, 17.4135758], [78.3917158, 17.4134972], [78.391585, 17.4135435], [78.3916157, 17.4136222]]]}, "properties": {"osm_id": 417152414, "building_type": "yes", "osm_height": null, "osm_levels": null, "name": null}}, {"type": "Feature", "geometry": {"type": "Polygon", "coordinates": [[[78.3895167, 17.4158689], [78.3896166, 17.4158292], [78.3895777, 17.41574], [78.3894777, 17.4157796], [78.3895167, 17.4158689]]]}, "properties": {"osm_id": 417152418, "building_type": "yes", "osm_height": null, "osm_levels": null, "name": null}}, {"type": "Feature", "geometry": {"type": "Polygon", "coordinates": [[[78.3890567, 17.4151903], [78.3891064, 17.4151683], [78.3890362, 17.4150241], [78.3889864, 17.4150462], [78.3890567, 17.4151903]]]}, "properties": {"osm_id": 417152422, "building_type": "yes", "osm_height": null, "osm_levels": null, "name": null}}, {"type": "Feature", "geometry": {"type": "Polygon", "coordinates": [[[78.3899334, 17.4143968], [78.3900189, 17.4143667], [78.3899936, 17.4143013], [78.3899081, 17.4143314], [78.3899334, 17.4143968]]]}, "properties": {"osm_id": 417152428, "building_type": "yes", "osm_height": null, "osm_levels": null, "name": null}}, {"type": "Feature", "geometry": {"type": "Polygon", "coordinates": [[[78.3910546, 17.4133966], [78.3911461, 17.4133838], [78.3911213, 17.4132226], [78.3910298, 17.4132354], [78.3910546, 17.4133966]]]}, "properties": {"osm_id": 417152432, "building_type": "yes", "osm_height": null, "osm_levels": null, "name": null}}, {"type": "Feature", "geometry": {"type": "Polygon", "coordinates": [[[78.3900531, 17.4144154], [78.3901456, 17.4143808], [78.3901143, 17.4143045], [78.3900218, 17.414339], [78.3900531, 17.4144154]]]}, "properties": {"osm_id": 417152437, "building_type": "yes", "osm_height": null, "osm_levels": null, "name": null}}, {"type": "Feature", "geometry": {"type": "Polygon", "coordinates": [[[78.3890214, 17.4157231], [78.3891623, 17.4156687], [78.3891282, 17.4155882], [78.3889873, 17.4156426], [78.3890214, 17.4157231]]]}, "properties": {"osm_id": 417152441, "building_type": "yes", "osm_height": null, "osm_levels": null, "name": null}}, {"type": "Feature", "geometry": {"type": "Polygon", "coordinates": [[[78.3914391, 17.4128896], [78.3915538, 17.4128432], [78.3915289, 17.4127871], [78.3914142, 17.4128335], [78.3914391, 17.4128896]]]}, "properties": {"osm_id": 417152447, "building_type": "yes", "osm_height": null, "osm_levels": null, "name": null}}, {"type": "Feature", "geometry": {"type": "Polygon", "coordinates": [[[78.3904089, 17.4129274], [78.3905003, 17.4128908], [78.3904787, 17.4128417], [78.3903873, 17.4128783], [78.3904089, 17.4129274]]]}, "properties": {"osm_id": 417152451, "building_type": "yes", "osm_height": null, "osm_levels": null, "name": null}}, {"type": "Feature", "geometry": {"type": "Polygon", "coordinates": [[[78.3900162, 17.4137658], [78.3901124, 17.4137285], [78.3900809, 17.4136545], [78.3899847, 17.4136917], [78.3900162, 17.4137658]]]}, "properties": {"osm_id": 417152456, "building_type": "yes", "osm_height": null, "osm_levels": null, "name": null}}, {"type": "Feature", "geometry": {"type": "Polygon", "coordinates": [[[78.3900815, 17.4130733], [78.3902204, 17.4130164], [78.3901684, 17.4129009], [78.3900295, 17.4129577], [78.3900815, 17.4130733]]]}, "properties": {"osm_id": 417152460, "building_type": "yes", "osm_height": null, "osm_levels": null, "name": null}}, {"type": "Feature", "geometry": {"type": "Polygon", "coordinates": [[[78.3912194, 17.41164], [78.3912761, 17.411619], [78.3912298, 17.411505], [78.391173, 17.411526], [78.3912194, 17.41164]]]}, "properties": {"osm_id": 417152463, "building_type": "yes", "osm_height": null, "osm_levels": null, "name": null}}, {"type": "Feature", "geometry": {"type": "Polygon", "coordinates": [[[78.3893118, 17.4156833], [78.38939, 17.4156589], [78.3893625, 17.4155789], [78.3892843, 17.4156033], [78.3893118, 17.4156833]]]}, "properties": {"osm_id": 417152468, "building_type": "yes", "osm_height": null, "osm_levels": null, "name": null}}, {"type": "Feature", "geometry": {"type": "Polygon", "coordinates": [[[78.3913309, 17.4132588], [78.391486, 17.4132235], [78.391456, 17.4131472], [78.3913171, 17.4131789], [78.3913309, 17.4132588]]]}, "properties": {"osm_id": 417152472, "building_type": "yes", "osm_height": null, "osm_levels": null, "name": null}}, {"type": "Feature", "geometry": {"type": "Polygon", "coordinates": [[[78.3901383, 17.4131748], [78.39021, 17.4131453], [78.3901706, 17.4130579], [78.3900989, 17.4130874], [78.3901383, 17.4131748]]]}, "properties": {"osm_id": 417152477, "building_type": "yes", "osm_height": null, "osm_levels": null, "name": null}}, {"type": "Feature", "geometry": {"type": "Polygon", "coordinates": [[[78.3899277, 17.4141959], [78.3900303, 17.4141576], [78.3899988, 17.4140807], [78.3898962, 17.4141191], [78.3899277, 17.4141959]]]}, "properties": {"osm_id": 417152482, "building_type": "yes", "osm_height": null, "osm_levels": null, "name": null}}, {"type": "Feature", "geometry": {"type": "Polygon", "coordinates": [[[78.3904621, 17.4130468], [78.3905264, 17.4130236], [78.3904821, 17.412912], [78.3904179, 17.4129351], [78.3904621, 17.4130468]]]}, "properties": {"osm_id": 417152487, "building_type": "yes", "osm_height": null, "osm_levels": null, "name": null}}, {"type": "Feature", "geometry": {"type": "Polygon", "coordinates": [[[78.3893375, 17.4147433], [78.3894228, 17.4146991], [78.3893591, 17.4145871], [78.3892737, 17.4146313], [78.3893375, 17.4147433]]]}, "properties": {"osm_id": 417152490, "building_type": "yes", "osm_height": null, "osm_levels": null, "name": null}}, {"type": "Feature", "geometry": {"type": "Polygon", "coordinates": [[[78.3893836, 17.4154653], [78.3894663, 17.4154354], [78.3894106, 17.415295], [78.3893278, 17.4153249], [78.3893836, 17.4154653]]]}, "properties": {"osm_id": 417152494, "building_type": "yes", "osm_height": null, "osm_levels": null, "name": null}}, {"type": "Feature", "geometry": {"type": "Polygon", "coordinates": [[[78.3906499, 17.4141697], [78.3907327, 17.4141335], [78.3906993, 17.4140638], [78.3906165, 17.4141], [78.3906499, 17.4141697]]]}, "properties": {"osm_id": 417152499, "building_type": "yes", "osm_height": null, "osm_levels": null, "name": null}}, {"type": "Feature", "geometry": {"type": "Polygon", "coordinates": [[[78.3910354, 17.4130495], [78.3911184, 17.4130349], [78.3910956, 17.4129165], [78.3910126, 17.4129311], [78.3910354, 17.4130495]]]}, "properties": {"osm_id": 417152504, "building_type": "yes", "osm_height": null, "osm_levels": null, "name": null}}, {"type": "Feature", "geometry": {"type": "Polygon", "coordinates": [[[78.3906787, 17.4131605], [78.3907392, 17.4131374], [78.3906896, 17.4130193], [78.3906291, 17.4130425], [78.3906787, 17.4131605]]]}, "properties": {"osm_id": 417152510, "building_type": "yes", "osm_height": null, "osm_levels": null, "name": null}}, {"type": "Feature", "geometry": {"type": "Polygon", "coordinates": [[[78.3899529, 17.4148346], [78.3900552, 17.4148001], [78.390029, 17.4147294], [78.3899266, 17.4147639], [78.3899529, 17.4148346]]]}, "properties": {"osm_id": 417152514, "building_type": "yes", "osm_height": null, "osm_levels": null, "name": null}}, {"type": "Feature", "geometry": {"type": "Polygon", "coordinates": [[[78.3911478, 17.4132965], [78.3911809, 17.4134472], [78.3912802, 17.4134273], [78.3912471, 17.4132766], [78.3911478, 17.4132965]]]}, "properties": {"osm_id": 417152518, "building_type": "yes", "osm_height": null, "osm_levels": null, "name": null}}, {"type": "Feature", "geometry": {"type": "Polygon", "coordinates": [[[78.3906546, 17.414471], [78.3907582, 17.4144365], [78.3907176, 17.4143256], [78.390614, 17.4143601], [78.3906546, 17.414471]]]}, "properties": {"osm_id": 417152522, "building_type": "yes", "osm_height": null, "osm_levels": null, "name": null}}, {"type": "Feature", "geometry": {"type": "Polygon", "coordinates": [[[78.3900135, 17.4140668], [78.3901472, 17.4140178], [78.3901101, 17.4139255], [78.3899764, 17.4139746], [78.3900135, 17.4140668]]]}, "properties": {"osm_id": 417152526, "building_type": "yes", "osm_height": null, "osm_levels": null, "name": null}}, {"type": "Feature", "geometry": {"type": "Polygon", "coordinates": [[[78.3901634, 17.4143413], [78.3902607, 17.4143056], [78.390215, 17.4141922], [78.3901177, 17.4142279], [78.3901634, 17.4143413]]]}, "properties": {"osm_id": 417152531, "building_type": "yes", "osm_height": null, "osm_levels": null, "name": null}}, {"type": "Feature", "geometry": {"type": "Polygon", "coordinates": [[[78.3908014, 17.4133739], [78.3908709, 17.4133563], [78.3908414, 17.4132501], [78.3907719, 17.4132677], [78.3908014, 17.4133739]]]}, "properties": {"osm_id": 417152534, "building_type": "yes", "osm_height": null, "osm_levels": null, "name": null}}, {"type": "Feature", "geometry": {"type": "Polygon", "coordinates": [[[78.3904303, 17.4137472], [78.3904957, 17.413721], [78.3904579, 17.4136354], [78.3903926, 17.4136617], [78.3904303, 17.4137472]]]}, "properties": {"osm_id": 417152539, "building_type": "yes", "osm_height": null, "osm_levels": null, "name": null}}, {"type": "Feature", "geometry": {"type": "Polygon", "coordinates": [[[78.3888356, 17.4144028], [78.3889946, 17.4143428], [78.3889378, 17.4142056], [78.3887788, 17.4142656], [78.3888356, 17.4144028]]]}, "properties": {"osm_id": 417152543, "building_type": "yes", "osm_height": null, "osm_levels": null, "name": null}}, {"type": "Feature", "geometry": {"type": "Polygon", "coordinates": [[[78.3908501, 17.4131116], [78.390904, 17.4130987], [78.3908728, 17.4129794], [78.3908189, 17.4129923], [78.3908501, 17.4131116]]]}, "properties": {"osm_id": 417152548, "building_type": "yes", "osm_height": null, "osm_levels": null, "name": null}}, {"type": "Feature", "geometry": {"type": "Polygon", "coordinates": [[[78.3914472, 17.4141463], [78.3915421, 17.4141127], [78.3915086, 17.4140267], [78.3914137, 17.4140602], [78.3914472, 17.4141463]]]}, "properties": {"osm_id": 417152551, "building_type": "yes", "osm_height": null, "osm_levels": null, "name": null}}, {"type": "Feature", "geometry": {"type": "Polygon", "coordinates": [[[78.3908849, 17.4140091], [78.3909694, 17.4139784], [78.3909329, 17.4138869], [78.3908484, 17.4139176], [78.3908849, 17.4140091]]]}, "properties": {"osm_id": 417152555, "building_type": "yes", "osm_height": null, "osm_levels": null, "name": null}}, {"type": "Feature", "geometry": {"type": "Polygon", "coordinates": [[[78.3910143, 17.4141193], [78.3910447, 17.4141103], [78.3910108, 17.4140059], [78.390984, 17.4140258], [78.3910143, 17.4141193]]]}, "properties": {"osm_id": 417152560, "building_type": "yes", "osm_height": null, "osm_levels": null, "name": null}}, {"type": "Feature", "geometry": {"type": "Polygon", "coordinates": [[[78.39, 17.4145668], [78.3900906, 17.414535], [78.3900774, 17.4145009], [78.3899868, 17.4145328], [78.39, 17.4145668]]]}, "properties": {"osm_id": 417152563, "building_type": "yes", "osm_height": null, "osm_levels": null, "name": null}}, {"type": "Feature", "geometry": {"type": "Polygon", "coordinates": [[[78.3902928, 17.4139928], [78.390385, 17.4139489], [78.3903326, 17.4138485], [78.3902404, 17.4138923], [78.3902928, 17.4139928]]]}, "properties": {"osm_id": 417152568, "building_type": "yes", "osm_height": null, "osm_levels": null, "name": null}}, {"type": "Feature", "geometry": {"type": "Polygon", "coordinates": [[[78.3903837, 17.4136247], [78.390489, 17.4135839], [78.3904625, 17.4135217], [78.3903572, 17.4135625], [78.3903837, 17.4136247]]]}, "properties": {"osm_id": 417152572, "building_type": "yes", "osm_height": null, "osm_levels": null, "name": null}}, {"type": "Feature", "geometry": {"type": "Polygon", "coordinates": [[[78.3894007, 17.4151425], [78.3894912, 17.4151035], [78.3894645, 17.4150473], [78.389374, 17.4150863], [78.3894007, 17.4151425]]]}, "properties": {"osm_id": 417152577, "building_type": "yes", "osm_height": null, "osm_levels": null, "name": null}}, {"type": "Feature", "geometry": {"type": "Polygon", "coordinates": [[[78.3896567, 17.4148939], [78.389767, 17.4148537], [78.3897375, 17.4147799], [78.3896272, 17.4148201], [78.3896567, 17.4148939]]]}, "properties": {"osm_id": 417152581, "building_type": "yes", "osm_height": null, "osm_levels": null, "name": null}}, {"type": "Feature", "geometry": {"type": "Polygon", "coordinates": [[[78.3890379, 17.4149123], [78.3891747, 17.4148445], [78.3891429, 17.4147863], [78.3890062, 17.4148541], [78.3890379, 17.4149123]]]}, "properties": {"osm_id": 417152586, "building_type": "yes", "osm_height": null, "osm_levels": null, "name": null}}, {"type": "Feature", "geometry": {"type": "Polygon", "coordinates": [[[78.3907022, 17.4126303], [78.3907823, 17.4126053], [78.390741, 17.4124847], [78.390661, 17.4125097], [78.3907022, 17.4126303]]]}, "properties": {"osm_id": 417152590, "building_type": "yes", "osm_height": null, "osm_levels": null, "name": null}}, {"type": "Feature", "geometry": {"type": "Polygon", "coordinates": [[[78.3903225, 17.412749], [78.3904178, 17.4127172], [78.390387, 17.4126332], [78.3902916, 17.412665], [78.3903225, 17.412749]]]}, "properties": {"osm_id": 417152594, "building_type": "yes", "osm_height": null, "osm_levels": null, "name": null}}, {"type": "Feature", "geometry": {"type": "Polygon", "coordinates": [[[78.3895705, 17.414593], [78.3896568, 17.4145582], [78.3896212, 17.4144779], [78.3895349, 17.4145127], [78.3895705, 17.414593]]]}, "properties": {"osm_id": 417152599, "building_type": "yes", "osm_height": null, "osm_levels": null, "name": null}}, {"type": "Feature", "geometry": {"type": "Polygon", "coordinates": [[[78.3911932, 17.4114755], [78.391322, 17.4114448], [78.391291, 17.4113266], [78.3911622, 17.4113573], [78.3911932, 17.4114755]]]}, "properties": {"osm_id": 417152603, "building_type": "yes", "osm_height": null, "osm_levels": null, "name": null}}, {"type": "Feature", "geometry": {"type": "Polygon", "coordinates": [[[78.3909771, 17.4138379], [78.3910186, 17.4138256], [78.3909851, 17.4137232], [78.3909436, 17.4137356], [78.3909771, 17.4138379]]]}, "properties": {"osm_id": 417152611, "building_type": "yes", "osm_height": null, "osm_levels": null, "name": null}}, {"type": "Feature", "geometry": {"type": "Polygon", "coordinates": [[[78.3900809, 17.4132055], [78.3901177, 17.4131898], [78.3900701, 17.4130881], [78.3900333, 17.4131037], [78.3900809, 17.4132055]]]}, "properties": {"osm_id": 417152615, "building_type": "yes", "osm_height": null, "osm_levels": null, "name": null}}, {"type": "Feature", "geometry": {"type": "Polygon", "coordinates": [[[78.3902781, 17.4143439], [78.3903834, 17.4143085], [78.3903582, 17.4142402], [78.3902529, 17.4142756], [78.3902781, 17.4143439]]]}, "properties": {"osm_id": 417152620, "building_type": "yes", "osm_height": null, "osm_levels": null, "name": null}}, {"type": "Feature", "geometry": {"type": "Polygon", "coordinates": [[[78.389237, 17.4154559], [78.3893219, 17.4154204], [78.3892822, 17.4153341], [78.3891974, 17.4153696], [78.389237, 17.4154559]]]}, "properties": {"osm_id": 417152623, "building_type": "yes", "osm_height": null, "osm_levels": null, "name": null}}, {"type": "Feature", "geometry": {"type": "Polygon", "coordinates": [[[78.3905815, 17.4138091], [78.3906777, 17.4137637], [78.3906393, 17.4136897], [78.3905431, 17.4137351], [78.3905815, 17.4138091]]]}, "properties": {"osm_id": 417152628, "building_type": "yes", "osm_height": null, "osm_levels": null, "name": null}}, {"type": "Feature", "geometry": {"type": "Polygon", "coordinates": [[[78.3898891, 17.4137271], [78.3899752, 17.4136938], [78.3899421, 17.4136161], [78.3898561, 17.4136494], [78.3898891, 17.4137271]]]}, "properties": {"osm_id": 417152632, "building_type": "yes", "osm_height": null, "osm_levels": null, "name": null}}, {"type": "Feature", "geometry": {"type": "Polygon", "coordinates": [[[78.3902234, 17.4131242], [78.3902737, 17.4131051], [78.3902365, 17.4130159], [78.3901862, 17.413035], [78.3902234, 17.4131242]]]}, "properties": {"osm_id": 417152636, "building_type": "yes", "osm_height": null, "osm_levels": null, "name": null}}, {"type": "Feature", "geometry": {"type": "Polygon", "coordinates": [[[78.3903116, 17.4144226], [78.3904202, 17.4143861], [78.3903932, 17.4143127], [78.3902845, 17.4143492], [78.3903116, 17.4144226]]]}, "properties": {"osm_id": 417152641, "building_type": "yes", "osm_height": null, "osm_levels": null, "name": null}}, {"type": "Feature", "geometry": {"type": "Polygon", "coordinates": [[[78.3921888, 17.4131185], [78.3922873, 17.4130947], [78.3922674, 17.4130199], [78.3921689, 17.4130437], [78.3921888, 17.4131185]]]}, "properties": {"osm_id": 417152644, "building_type": "yes", "osm_height": null, "osm_levels": null, "name": null}}, {"type": "Feature", "geometry": {"type": "Polygon", "coordinates": [[[78.3924676, 17.4132408], [78.3925377, 17.4132175], [78.3925061, 17.4131312], [78.392436, 17.4131546], [78.3924676, 17.4132408]]]}, "properties": {"osm_id": 417152648, "building_type": "yes", "osm_height": null, "osm_levels": null, "name": null}}, {"type": "Feature", "geometry": {"type": "Polygon", "coordinates": [[[78.3910334, 17.4127072], [78.3911729, 17.4126551], [78.3911258, 17.4125403], [78.3909863, 17.4125925], [78.3910334, 17.4127072]]]}, "properties": {"osm_id": 417152651, "building_type": "yes", "osm_height": null, "osm_levels": null, "name": null}}, {"type": "Feature", "geometry": {"type": "Polygon", "coordinates": [[[78.3908631, 17.4136059], [78.3909513, 17.4135816], [78.3909251, 17.413495], [78.3908369, 17.4135193], [78.3908631, 17.4136059]]]}, "properties": {"osm_id": 417152656, "building_type": "yes", "osm_height": null, "osm_levels": null, "name": null}}, {"type": "Feature", "geometry": {"type": "Polygon", "coordinates": [[[78.3889813, 17.4150433], [78.3890482, 17.4150136], [78.3890048, 17.4149245], [78.3889379, 17.4149542], [78.3889813, 17.4150433]]]}, "properties": {"osm_id": 417152660, "building_type": "yes", "osm_height": null, "osm_levels": null, "name": null}}, {"type": "Feature", "geometry": {"type": "Polygon", "coordinates": [[[78.3908269, 17.4134692], [78.3908946, 17.4134481], [78.3908734, 17.413386], [78.3908057, 17.4134072], [78.3908269, 17.4134692]]]}, "properties": {"osm_id": 417152664, "building_type": "yes", "osm_height": null, "osm_levels": null, "name": null}}, {"type": "Feature", "geometry": {"type": "Polygon", "coordinates": [[[78.3905698, 17.4131816], [78.3906616, 17.4131513], [78.3906354, 17.413079], [78.3906077, 17.4130881], [78.3905883, 17.4130346], [78.3905241, 17.4130557], [78.3905698, 17.4131816]]]}, "properties": {"osm_id": 417152669, "building_type": "yes", "osm_height": null, "osm_levels": null, "name": null}}, {"type": "Feature", "geometry": {"type": "Polygon", "coordinates": [[[78.3901674, 17.4133253], [78.3902221, 17.413298], [78.3902022, 17.4132617], [78.3902649, 17.4132304], [78.3902303, 17.4131672], [78.3901129, 17.4132258], [78.3901674, 17.4133253]]]}, "properties": {"osm_id": 417152672, "building_type": "yes", "osm_height": null, "osm_levels": null, "name": null}}, {"type": "Feature", "geometry": {"type": "Polygon", "coordinates": [[[78.3901738, 17.4140342], [78.3902132, 17.4140198], [78.3901985, 17.4139834], [78.390227, 17.4139729], [78.3901996, 17.413905], [78.3901318, 17.4139298], [78.3901738, 17.4140342]]]}, "properties": {"osm_id": 417152677, "building_type": "yes", "osm_height": null, "osm_levels": null, "name": null}}, {"type": "Feature", "geometry": {"type": "Polygon", "coordinates": [[[78.389968, 17.4151579], [78.3900263, 17.4151336], [78.3900312, 17.4151443], [78.3900658, 17.4151299], [78.3900169, 17.4150232], [78.389924, 17.4150619], [78.389968, 17.4151579]]]}, "properties": {"osm_id": 417152680, "building_type": "yes", "osm_height": null, "osm_levels": null, "name": null}}, {"type": "Feature", "geometry": {"type": "Polygon", "coordinates": [[[78.3927888, 17.4134181], [78.3928861, 17.4133964], [78.3928679, 17.4133218], [78.3927588, 17.413346], [78.3927689, 17.4133872], [78.3927806, 17.4133846], [78.3927888, 17.4134181]]]}, "properties": {"osm_id": 417152684, "building_type": "yes", "osm_height": null, "osm_levels": null, "name": null}}, {"type": "Feature", "geometry": {"type": "Polygon", "coordinates": [[[78.3908075, 17.4132463], [78.3909134, 17.4132203], [78.3908922, 17.4131414], [78.3908292, 17.4131569], [78.3908198, 17.413122], [78.3907769, 17.4131325], [78.3908075, 17.4132463]]]}, "properties": {"osm_id": 417152687, "building_type": "yes", "osm_height": null, "osm_levels": null, "name": null}}, {"type": "Feature", "geometry": {"type": "Polygon", "coordinates": [[[78.3897439, 17.4146097], [78.3898315, 17.4145857], [78.3897873, 17.4144389], [78.3897119, 17.4144595], [78.3897309, 17.4145226], [78.3897187, 17.414526], [78.3897439, 17.4146097]]]}, "properties": {"osm_id": 417152691, "building_type": "yes", "osm_height": null, "osm_levels": null, "name": null}}, {"type": "Feature", "geometry": {"type": "Polygon", "coordinates": [[[78.3929824, 17.4133658], [78.3930436, 17.413353], [78.3930336, 17.4133091], [78.3930142, 17.4133131], [78.3929983, 17.4132438], [78.3929565, 17.4132525], [78.3929824, 17.4133658]]]}, "properties": {"osm_id": 417152694, "building_type": "yes", "osm_height": null, "osm_levels": null, "name": null}}, {"type": "Feature", "geometry": {"type": "Polygon", "coordinates": [[[78.3903552, 17.4128818], [78.3905082, 17.4128256], [78.3904608, 17.4127079], [78.3902983, 17.4127675], [78.3903247, 17.4128329], [78.3903341, 17.4128295], [78.3903552, 17.4128818]]]}, "properties": {"osm_id": 417152698, "building_type": "yes", "osm_height": null, "osm_levels": null, "name": null}}, {"type": "Feature", "geometry": {"type": "Polygon", "coordinates": [[[78.3914449, 17.4137706], [78.3915477, 17.4137416], [78.3915304, 17.4136856], [78.3914821, 17.4136992], [78.3914733, 17.4136708], [78.3914188, 17.4136862], [78.3914449, 17.4137706]]]}, "properties": {"osm_id": 417152702, "building_type": "yes", "osm_height": null, "osm_levels": null, "name": null}}, {"type": "Feature", "geometry": {"type": "Polygon", "coordinates": [[[78.3915878, 17.4118521], [78.3916614, 17.4118156], [78.3916461, 17.4117874], [78.3916658, 17.4117777], [78.3916472, 17.4117435], [78.3915539, 17.4117898], [78.3915878, 17.4118521]]]}, "properties": {"osm_id": 417152706, "building_type": "yes", "osm_height": null, "osm_levels": null, "name": null}}, {"type": "Feature", "geometry": {"type": "Polygon", "coordinates": [[[78.3928919, 17.4134007], [78.3929448, 17.413389], [78.3929428, 17.4133807], [78.392981, 17.4133722], [78.3929291, 17.4131596], [78.3928379, 17.4131799], [78.3928919, 17.4134007]]]}, "properties": {"osm_id": 417152710, "building_type": "yes", "osm_height": null, "osm_levels": null, "name": null}}, {"type": "Feature", "geometry": {"type": "Polygon", "coordinates": [[[78.3909208, 17.4129342], [78.391068, 17.4128744], [78.3910388, 17.412809], [78.3909359, 17.4128509], [78.3909417, 17.4128639], [78.3908975, 17.4128819], [78.3909208, 17.4129342]]]}, "properties": {"osm_id": 417152714, "building_type": "yes", "osm_height": null, "osm_levels": null, "name": null}}, {"type": "Feature", "geometry": {"type": "Polygon", "coordinates": [[[78.3894727, 17.4154253], [78.3896619, 17.415357], [78.3896245, 17.4152626], [78.3895827, 17.4152777], [78.389569, 17.4152431], [78.3894216, 17.4152964], [78.3894727, 17.4154253]]]}, "properties": {"osm_id": 417152717, "building_type": "yes", "osm_height": null, "osm_levels": null, "name": null}}, {"type": "Feature", "geometry": {"type": "Polygon", "coordinates": [[[78.3907647, 17.4143722], [78.3907966, 17.4143603], [78.3908096, 17.4143921], [78.3909516, 17.4143392], [78.3909113, 17.4142622], [78.3907489, 17.4143337], [78.3907647, 17.4143722]]]}, "properties": {"osm_id": 417152720, "building_type": "yes", "osm_height": null, "osm_levels": null, "name": null}}, {"type": "Feature", "geometry": {"type": "Polygon", "coordinates": [[[78.3914713, 17.4126671], [78.3915776, 17.4126101], [78.3915381, 17.412543], [78.3914601, 17.4125848], [78.3914688, 17.4125996], [78.3914406, 17.4126148], [78.3914713, 17.4126671]]]}, "properties": {"osm_id": 417152725, "building_type": "yes", "osm_height": null, "osm_levels": null, "name": null}}, {"type": "Feature", "geometry": {"type": "Polygon", "coordinates": [[[78.3898152, 17.4151569], [78.389874, 17.4151311], [78.3898796, 17.4151428], [78.3899386, 17.4151168], [78.3899049, 17.4150471], [78.3897871, 17.4150988], [78.3898152, 17.4151569]]]}, "properties": {"osm_id": 417152729, "building_type": "yes", "osm_height": null, "osm_levels": null, "name": null}}, {"type": "Feature", "geometry": {"type": "Polygon", "coordinates": [[[78.3915751, 17.4122552], [78.3915964, 17.4122883], [78.3916213, 17.4122737], [78.3916283, 17.4122845], [78.3916581, 17.412267], [78.3916648, 17.4122774], [78.3917137, 17.4122487], [78.3916787, 17.4121944], [78.3915751, 17.4122552]]]}, "properties": {"osm_id": 417152735, "building_type": "yes", "osm_height": null, "osm_levels": null, "name": null}}, {"type": "Feature", "geometry": {"type": "Polygon", "coordinates": [[[78.3904869, 17.4132344], [78.3905167, 17.4132218], [78.3904798, 17.4131424], [78.3905084, 17.4131303], [78.3905202, 17.4131557], [78.3905464, 17.4131446], [78.3905102, 17.4130665], [78.3904256, 17.4131023], [78.3904869, 17.4132344]]]}, "properties": {"osm_id": 417152740, "building_type": "yes", "osm_height": null, "osm_levels": null, "name": null}}, {"type": "Feature", "geometry": {"type": "Polygon", "coordinates": [[[78.3925584, 17.4118214], [78.3926483, 17.4117932], [78.3926048, 17.4116667], [78.3925149, 17.4116949], [78.3925316, 17.4117433], [78.3925933, 17.411724], [78.3925996, 17.4117422], [78.3925817, 17.4117478], [78.3925871, 17.4117634], [78.3925432, 17.4117772], [78.3925584, 17.4118214]]]}, "properties": {"osm_id": 417159128, "building_type": "yes", "osm_height": null, "osm_levels": null, "name": null}}, {"type": "Feature", "geometry": {"type": "Polygon", "coordinates": [[[78.3896712, 17.41051], [78.3898717, 17.4104953], [78.3898637, 17.4103957], [78.3897059, 17.4104072], [78.389703, 17.4103711], [78.3897547, 17.4103673], [78.3897508, 17.4103185], [78.3897343, 17.4103197], [78.3897315, 17.4102847], [78.3896535, 17.4102904], [78.3896712, 17.41051]]]}, "properties": {"osm_id": 417159132, "building_type": "yes", "osm_height": null, "osm_levels": null, "name": null}}, {"type": "Feature", "geometry": {"type": "Polygon", "coordinates": [[[78.3897021, 17.4140699], [78.3897647, 17.4140478], [78.3897329, 17.4139659], [78.3896704, 17.413988], [78.3897021, 17.4140699]]]}, "properties": {"osm_id": 417159135, "building_type": "yes", "osm_height": null, "osm_levels": null, "name": null}}, {"type": "Feature", "geometry": {"type": "Polygon", "coordinates": [[[78.3895294, 17.4116601], [78.3895783, 17.4116618], [78.389583, 17.4115325], [78.3895341, 17.4115309], [78.3895294, 17.4116601]]]}, "properties": {"osm_id": 417159138, "building_type": "yes", "osm_height": null, "osm_levels": null, "name": null}}, {"type": "Feature", "geometry": {"type": "Polygon", "coordinates": [[[78.3908511, 17.4107807], [78.3909877, 17.4107733], [78.3909848, 17.4107257], [78.3908482, 17.4107331], [78.3908511, 17.4107807]]]}, "properties": {"osm_id": 417159140, "building_type": "yes", "osm_height": null, "osm_levels": null, "name": null}}, {"type": "Feature", "geometry": {"type": "Polygon", "coordinates": [[[78.392945, 17.4127389], [78.3932166, 17.4126576], [78.3931971, 17.4125983], [78.3929255, 17.4126796], [78.392945, 17.4127389]]]}, "properties": {"osm_id": 417159142, "building_type": "yes", "osm_height": null, "osm_levels": null, "name": null}}, {"type": "Feature", "geometry": {"type": "Polygon", "coordinates": [[[78.3891676, 17.41377], [78.3892636, 17.4137428], [78.3892465, 17.4136878], [78.3891505, 17.4137149], [78.3891676, 17.41377]]]}, "properties": {"osm_id": 417159144, "building_type": "yes", "osm_height": null, "osm_levels": null, "name": null}}, {"type": "Feature", "geometry": {"type": "Polygon", "coordinates": [[[78.3890409, 17.4129768], [78.3891731, 17.4129735], [78.3891714, 17.4129134], [78.3890393, 17.4129167], [78.3890409, 17.4129768]]]}, "properties": {"osm_id": 417159145, "building_type": "yes", "osm_height": null, "osm_levels": null, "name": null}}, {"type": "Feature", "geometry": {"type": "Polygon", "coordinates": [[[78.3908474, 17.4108745], [78.3909083, 17.4108712], [78.3909034, 17.4107888], [78.3908424, 17.4107921], [78.3908474, 17.4108745]]]}, "properties": {"osm_id": 417159147, "building_type": "yes", "osm_height": null, "osm_levels": null, "name": null}}, {"type": "Feature", "geometry": {"type": "Polygon", "coordinates": [[[78.3917147, 17.4142284], [78.3917909, 17.4142121], [78.3917681, 17.4141149], [78.3916919, 17.4141311], [78.3917147, 17.4142284]]]}, "properties": {"osm_id": 417159149, "building_type": "yes", "osm_height": null, "osm_levels": null, "name": null}}, {"type": "Feature", "geometry": {"type": "Polygon", "coordinates": [[[78.3932924, 17.4126199], [78.3933508, 17.4126056], [78.3932804, 17.4123427], [78.393222, 17.4123569], [78.3932924, 17.4126199]]]}, "properties": {"osm_id": 417159151, "building_type": "yes", "osm_height": null, "osm_levels": null, "name": null}}, {"type": "Feature", "geometry": {"type": "Polygon", "coordinates": [[[78.3894593, 17.4138211], [78.3895686, 17.4137927], [78.3895498, 17.413727], [78.3894405, 17.4137555], [78.3894593, 17.4138211]]]}, "properties": {"osm_id": 417159152, "building_type": "yes", "osm_height": null, "osm_levels": null, "name": null}}, {"type": "Feature", "geometry": {"type": "Polygon", "coordinates": [[[78.3892531, 17.4172419], [78.3893191, 17.4172102], [78.3892896, 17.4171542], [78.3892236, 17.4171859], [78.3892531, 17.4172419]]]}, "properties": {"osm_id": 417159154, "building_type": "yes", "osm_height": null, "osm_levels": null, "name": null}}, {"type": "Feature", "geometry": {"type": "Polygon", "coordinates": [[[78.3892038, 17.4135742], [78.389287, 17.4135428], [78.3892471, 17.4134466], [78.389164, 17.4134779], [78.3892038, 17.4135742]]]}, "properties": {"osm_id": 417159156, "building_type": "yes", "osm_height": null, "osm_levels": null, "name": null}}, {"type": "Feature", "geometry": {"type": "Polygon", "coordinates": [[[78.3889856, 17.4118418], [78.3891023, 17.4118364], [78.3890966, 17.4117266], [78.38898, 17.411732], [78.3889856, 17.4118418]]]}, "properties": {"osm_id": 417159158, "building_type": "yes", "osm_height": null, "osm_levels": null, "name": null}}, {"type": "Feature", "geometry": {"type": "Polygon", "coordinates": [[[78.3895512, 17.4165084], [78.3896722, 17.4164597], [78.3896357, 17.4163769], [78.3895146, 17.4164255], [78.3895512, 17.4165084]]]}, "properties": {"osm_id": 417159160, "building_type": "yes", "osm_height": null, "osm_levels": null, "name": null}}, {"type": "Feature", "geometry": {"type": "Polygon", "coordinates": [[[78.3895113, 17.4134878], [78.3895995, 17.4134566], [78.3895466, 17.4133203], [78.3894583, 17.4133515], [78.3895113, 17.4134878]]]}, "properties": {"osm_id": 417159163, "building_type": "yes", "osm_height": null, "osm_levels": null, "name": null}}, {"type": "Feature", "geometry": {"type": "Polygon", "coordinates": [[[78.3895871, 17.4163532], [78.3896487, 17.416328], [78.3895981, 17.4162154], [78.3895364, 17.4162406], [78.3895871, 17.4163532]]]}, "properties": {"osm_id": 417159165, "building_type": "yes", "osm_height": null, "osm_levels": null, "name": null}}, {"type": "Feature", "geometry": {"type": "Polygon", "coordinates": [[[78.3917932, 17.4140512], [78.3918796, 17.4140264], [78.3918538, 17.4139445], [78.3917674, 17.4139693], [78.3917932, 17.4140512]]]}, "properties": {"osm_id": 417159167, "building_type": "yes", "osm_height": null, "osm_levels": null, "name": null}}, {"type": "Feature", "geometry": {"type": "Polygon", "coordinates": [[[78.3907387, 17.4107855], [78.3908425, 17.4107799], [78.390836, 17.4106706], [78.3907322, 17.4106763], [78.3907387, 17.4107855]]]}, "properties": {"osm_id": 417159169, "building_type": "yes", "osm_height": null, "osm_levels": null, "name": null}}, {"type": "Feature", "geometry": {"type": "Polygon", "coordinates": [[[78.3897073, 17.4137068], [78.3898028, 17.4136636], [78.3897614, 17.4135801], [78.3896658, 17.4136233], [78.3897073, 17.4137068]]]}, "properties": {"osm_id": 417159173, "building_type": "yes", "osm_height": null, "osm_levels": null, "name": null}}, {"type": "Feature", "geometry": {"type": "Polygon", "coordinates": [[[78.3890593, 17.4138199], [78.3891674, 17.4137853], [78.389149, 17.4137329], [78.3890409, 17.4137675], [78.3890593, 17.4138199]]]}, "properties": {"osm_id": 417159174, "building_type": "yes", "osm_height": null, "osm_levels": null, "name": null}}, {"type": "Feature", "geometry": {"type": "Polygon", "coordinates": [[[78.3892756, 17.413753], [78.3893675, 17.4137261], [78.3893426, 17.4136489], [78.3892508, 17.4136757], [78.3892756, 17.413753]]]}, "properties": {"osm_id": 417159176, "building_type": "yes", "osm_height": null, "osm_levels": null, "name": null}}, {"type": "Feature", "geometry": {"type": "Polygon", "coordinates": [[[78.3915975, 17.4140892], [78.3916697, 17.414072], [78.3916516, 17.4140027], [78.3915794, 17.4140199], [78.3915975, 17.4140892]]]}, "properties": {"osm_id": 417159178, "building_type": "yes", "osm_height": null, "osm_levels": null, "name": null}}, {"type": "Feature", "geometry": {"type": "Polygon", "coordinates": [[[78.3890449, 17.4130492], [78.38912, 17.413045], [78.3891165, 17.4129873], [78.3890414, 17.4129915], [78.3890449, 17.4130492]]]}, "properties": {"osm_id": 417159180, "building_type": "yes", "osm_height": null, "osm_levels": null, "name": null}}, {"type": "Feature", "geometry": {"type": "Polygon", "coordinates": [[[78.389304, 17.4135536], [78.3893715, 17.4135274], [78.3893293, 17.4134285], [78.3892618, 17.4134548], [78.389304, 17.4135536]]]}, "properties": {"osm_id": 417159181, "building_type": "yes", "osm_height": null, "osm_levels": null, "name": null}}, {"type": "Feature", "geometry": {"type": "Polygon", "coordinates": [[[78.3915773, 17.414286], [78.391675, 17.4142572], [78.3916254, 17.4141037], [78.3915276, 17.4141324], [78.3915773, 17.414286]]]}, "properties": {"osm_id": 417159183, "building_type": "yes", "osm_height": null, "osm_levels": null, "name": null}}, {"type": "Feature", "geometry": {"type": "Polygon", "coordinates": [[[78.3895602, 17.4136941], [78.3895291, 17.4135818], [78.3894449, 17.4136031], [78.3894761, 17.4137154], [78.3895602, 17.4136941]]]}, "properties": {"osm_id": 417159185, "building_type": "yes", "osm_height": null, "osm_levels": null, "name": null}}, {"type": "Feature", "geometry": {"type": "Polygon", "coordinates": [[[78.3893192, 17.4116956], [78.3894355, 17.4116883], [78.3894304, 17.4116146], [78.3893141, 17.4116219], [78.3893192, 17.4116956]]]}, "properties": {"osm_id": 417159187, "building_type": "yes", "osm_height": null, "osm_levels": null, "name": null}}, {"type": "Feature", "geometry": {"type": "Polygon", "coordinates": [[[78.3891066, 17.4118367], [78.3891813, 17.4118327], [78.389175, 17.4117252], [78.3891002, 17.4117292], [78.3891066, 17.4118367]]]}, "properties": {"osm_id": 417159191, "building_type": "yes", "osm_height": null, "osm_levels": null, "name": null}}, {"type": "Feature", "geometry": {"type": "Polygon", "coordinates": [[[78.3896263, 17.4137654], [78.3897068, 17.4137298], [78.3896669, 17.4136477], [78.3895864, 17.4136833], [78.3896263, 17.4137654]]]}, "properties": {"osm_id": 417159193, "building_type": "yes", "osm_height": null, "osm_levels": null, "name": null}}, {"type": "Feature", "geometry": {"type": "Polygon", "coordinates": [[[78.3892468, 17.4134133], [78.3893715, 17.4133627], [78.3893463, 17.4133062], [78.3892216, 17.4133568], [78.3892468, 17.4134133]]]}, "properties": {"osm_id": 417159195, "building_type": "yes", "osm_height": null, "osm_levels": null, "name": null}}, {"type": "Feature", "geometry": {"type": "Polygon", "coordinates": [[[78.3898365, 17.4140248], [78.3899254, 17.4139832], [78.3898901, 17.4139146], [78.3898013, 17.4139562], [78.3898365, 17.4140248]]]}, "properties": {"osm_id": 417159196, "building_type": "yes", "osm_height": null, "osm_levels": null, "name": null}}, {"type": "Feature", "geometry": {"type": "Polygon", "coordinates": [[[78.3913131, 17.4121358], [78.3914961, 17.4120584], [78.3914421, 17.4119421], [78.391259, 17.4120195], [78.3913131, 17.4121358]]]}, "properties": {"osm_id": 417159198, "building_type": "yes", "osm_height": null, "osm_levels": null, "name": null}}, {"type": "Feature", "geometry": {"type": "Polygon", "coordinates": [[[78.3907287, 17.4109199], [78.3908388, 17.4109139], [78.3908313, 17.4107881], [78.3907212, 17.410794], [78.3907287, 17.4109199]]]}, "properties": {"osm_id": 417159200, "building_type": "yes", "osm_height": null, "osm_levels": null, "name": null}}, {"type": "Feature", "geometry": {"type": "Polygon", "coordinates": [[[78.3908454, 17.4107173], [78.3910161, 17.4107081], [78.3910137, 17.4106665], [78.3908429, 17.4106758], [78.3908454, 17.4107173]]]}, "properties": {"osm_id": 417159202, "building_type": "yes", "osm_height": null, "osm_levels": null, "name": null}}, {"type": "Feature", "geometry": {"type": "Polygon", "coordinates": [[[78.3897357, 17.4137743], [78.3898351, 17.4137295], [78.389805, 17.4136686], [78.3897055, 17.4137135], [78.3897357, 17.4137743]]]}, "properties": {"osm_id": 417159203, "building_type": "yes", "osm_height": null, "osm_levels": null, "name": null}}, {"type": "Feature", "geometry": {"type": "Polygon", "coordinates": [[[78.3893735, 17.4137213], [78.3894488, 17.4136975], [78.3894209, 17.4136175], [78.3893457, 17.4136414], [78.3893735, 17.4137213]]]}, "properties": {"osm_id": 417159205, "building_type": "yes", "osm_height": null, "osm_levels": null, "name": null}}, {"type": "Feature", "geometry": {"type": "Polygon", "coordinates": [[[78.39148, 17.4122453], [78.3915719, 17.4122033], [78.3915136, 17.4120869], [78.3914217, 17.4121288], [78.39148, 17.4122453]]]}, "properties": {"osm_id": 417159207, "building_type": "yes", "osm_height": null, "osm_levels": null, "name": null}}, {"type": "Feature", "geometry": {"type": "Polygon", "coordinates": [[[78.3891864, 17.4118358], [78.3892737, 17.4118314], [78.3892687, 17.4117402], [78.3891814, 17.4117446], [78.3891864, 17.4118358]]]}, "properties": {"osm_id": 417159209, "building_type": "yes", "osm_height": null, "osm_levels": null, "name": null}}, {"type": "Feature", "geometry": {"type": "Polygon", "coordinates": [[[78.3896534, 17.4135879], [78.3897507, 17.4135489], [78.389718, 17.4134748], [78.3896208, 17.4135139], [78.3896534, 17.4135879]]]}, "properties": {"osm_id": 417159212, "building_type": "yes", "osm_height": null, "osm_levels": null, "name": null}}, {"type": "Feature", "geometry": {"type": "Polygon", "coordinates": [[[78.3898032, 17.4139477], [78.389893, 17.4139086], [78.3898582, 17.4138358], [78.3897684, 17.4138748], [78.3898032, 17.4139477]]]}, "properties": {"osm_id": 417159214, "building_type": "yes", "osm_height": null, "osm_levels": null, "name": null}}, {"type": "Feature", "geometry": {"type": "Polygon", "coordinates": [[[78.3909138, 17.4109151], [78.3909864, 17.4109128], [78.390982, 17.4107874], [78.3909094, 17.4107896], [78.3909138, 17.4109151]]]}, "properties": {"osm_id": 417159216, "building_type": "yes", "osm_height": null, "osm_levels": null, "name": null}}, {"type": "Feature", "geometry": {"type": "Polygon", "coordinates": [[[78.3891579, 17.4172197], [78.3892499, 17.417169], [78.3892202, 17.41712], [78.3891283, 17.4171707], [78.3891579, 17.4172197]]]}, "properties": {"osm_id": 417159218, "building_type": "yes", "osm_height": null, "osm_levels": null, "name": null}}, {"type": "Feature", "geometry": {"type": "Polygon", "coordinates": [[[78.3915005, 17.4118902], [78.3915801, 17.4118554], [78.3915322, 17.4117553], [78.3914525, 17.41179], [78.3915005, 17.4118902]]]}, "properties": {"osm_id": 417159220, "building_type": "yes", "osm_height": null, "osm_levels": null, "name": null}}, {"type": "Feature", "geometry": {"type": "Polygon", "coordinates": [[[78.389399, 17.4135812], [78.3894766, 17.4135524], [78.3894394, 17.4134612], [78.3893618, 17.41349], [78.389399, 17.4135812]]]}, "properties": {"osm_id": 417159222, "building_type": "yes", "osm_height": null, "osm_levels": null, "name": null}}, {"type": "Feature", "geometry": {"type": "Polygon", "coordinates": [[[78.3904997, 17.4164572], [78.3906372, 17.4163906], [78.3906028, 17.4163261], [78.3904654, 17.4163926], [78.3904997, 17.4164572]]]}, "properties": {"osm_id": 417159224, "building_type": "yes", "osm_height": null, "osm_levels": null, "name": null}}, {"type": "Feature", "geometry": {"type": "Polygon", "coordinates": [[[78.3897683, 17.4138632], [78.3898645, 17.4138216], [78.3898352, 17.41376], [78.389739, 17.4138016], [78.3897683, 17.4138632]]]}, "properties": {"osm_id": 417159225, "building_type": "yes", "osm_height": null, "osm_levels": null, "name": null}}, {"type": "Feature", "geometry": {"type": "Polygon", "coordinates": [[[78.3928508, 17.4119887], [78.3929514, 17.4119125], [78.392906, 17.411858], [78.3928054, 17.4119341], [78.3928508, 17.4119887]]]}, "properties": {"osm_id": 417159227, "building_type": "yes", "osm_height": null, "osm_levels": null, "name": null}}, {"type": "Feature", "geometry": {"type": "Polygon", "coordinates": [[[78.3891386, 17.4134778], [78.3891799, 17.4134657], [78.3891531, 17.4133826], [78.3891118, 17.4133948], [78.3891386, 17.4134778]]]}, "properties": {"osm_id": 417159229, "building_type": "yes", "osm_height": null, "osm_levels": null, "name": null}}, {"type": "Feature", "geometry": {"type": "Polygon", "coordinates": [[[78.3911773, 17.4143791], [78.3913214, 17.4143292], [78.3912605, 17.4141689], [78.3911163, 17.4142188], [78.3911773, 17.4143791]]]}, "properties": {"osm_id": 417159231, "building_type": "yes", "osm_height": null, "osm_levels": null, "name": null}}, {"type": "Feature", "geometry": {"type": "Polygon", "coordinates": [[[78.3936654, 17.4138547], [78.3937914, 17.4137684], [78.3937203, 17.4136739], [78.3935943, 17.4137602], [78.3936654, 17.4138547]]]}, "properties": {"osm_id": 417159236, "building_type": "yes", "osm_height": null, "osm_levels": null, "name": null}}, {"type": "Feature", "geometry": {"type": "Polygon", "coordinates": [[[78.3918936, 17.4125336], [78.3920311, 17.4124761], [78.391995, 17.4123976], [78.3918576, 17.4124551], [78.3918936, 17.4125336]]]}, "properties": {"osm_id": 417159238, "building_type": "yes", "osm_height": null, "osm_levels": null, "name": null}}, {"type": "Feature", "geometry": {"type": "Polygon", "coordinates": [[[78.3896454, 17.4138972], [78.3897549, 17.4138635], [78.3897333, 17.4137995], [78.3896237, 17.4138331], [78.3896454, 17.4138972]]]}, "properties": {"osm_id": 417159240, "building_type": "yes", "osm_height": null, "osm_levels": null, "name": null}}, {"type": "Feature", "geometry": {"type": "Polygon", "coordinates": [[[78.3908403, 17.4117302], [78.3909738, 17.4117046], [78.3909468, 17.4115764], [78.3908133, 17.411602], [78.3908403, 17.4117302]]]}, "properties": {"osm_id": 417159242, "building_type": "yes", "osm_height": null, "osm_levels": null, "name": null}}, {"type": "Feature", "geometry": {"type": "Polygon", "coordinates": [[[78.3894774, 17.4138893], [78.3895867, 17.4138624], [78.3895693, 17.4137979], [78.38946, 17.4138248], [78.3894774, 17.4138893]]]}, "properties": {"osm_id": 417159244, "building_type": "yes", "osm_height": null, "osm_levels": null, "name": null}}, {"type": "Feature", "geometry": {"type": "Polygon", "coordinates": [[[78.3907659, 17.4165986], [78.3908631, 17.41655], [78.3908286, 17.4164872], [78.3907314, 17.4165358], [78.3907659, 17.4165986]]]}, "properties": {"osm_id": 417159246, "building_type": "yes", "osm_height": null, "osm_levels": null, "name": null}}, {"type": "Feature", "geometry": {"type": "Polygon", "coordinates": [[[78.3891992, 17.4116982], [78.3892944, 17.4116956], [78.389292, 17.4116176], [78.3891968, 17.4116202], [78.3891992, 17.4116982]]]}, "properties": {"osm_id": 417159247, "building_type": "yes", "osm_height": null, "osm_levels": null, "name": null}}, {"type": "Feature", "geometry": {"type": "Polygon", "coordinates": [[[78.3896595, 17.4139406], [78.3897443, 17.4139116], [78.389762, 17.4139585], [78.3897911, 17.4139485], [78.3897607, 17.4138675], [78.3896467, 17.4139066], [78.3896595, 17.4139406]]]}, "properties": {"osm_id": 417159249, "building_type": "yes", "osm_height": null, "osm_levels": null, "name": null}}, {"type": "Feature", "geometry": {"type": "Polygon", "coordinates": [[[78.3910292, 17.410919], [78.391117, 17.4109148], [78.3911144, 17.4108655], [78.3910942, 17.4108665], [78.3910918, 17.4108209], [78.3910242, 17.4108242], [78.3910292, 17.410919]]]}, "properties": {"osm_id": 417159251, "building_type": "yes", "osm_height": null, "osm_levels": null, "name": null}}, {"type": "Feature", "geometry": {"type": "Polygon", "coordinates": [[[78.390504, 17.4109356], [78.3905768, 17.410934], [78.3905726, 17.4107589], [78.3904881, 17.4107608], [78.3904895, 17.4108209], [78.3905012, 17.4108207], [78.390504, 17.4109356]]]}, "properties": {"osm_id": 417159255, "building_type": "yes", "osm_height": null, "osm_levels": null, "name": null}}, {"type": "Feature", "geometry": {"type": "Polygon", "coordinates": [[[78.3919704, 17.4127068], [78.3920344, 17.4126816], [78.3920391, 17.4126925], [78.3921031, 17.4126673], [78.3920259, 17.412488], [78.3918978, 17.4125383], [78.3919704, 17.4127068]]]}, "properties": {"osm_id": 417159257, "building_type": "yes", "osm_height": null, "osm_levels": null, "name": null}}, {"type": "Feature", "geometry": {"type": "Polygon", "coordinates": [[[78.3914706, 17.414304], [78.391562, 17.4142811], [78.3915244, 17.4141448], [78.3914197, 17.4141711], [78.3914456, 17.414265], [78.391459, 17.4142617], [78.3914706, 17.414304]]]}, "properties": {"osm_id": 417159259, "building_type": "yes", "osm_height": null, "osm_levels": null, "name": null}}, {"type": "Feature", "geometry": {"type": "Polygon", "coordinates": [[[78.391852, 17.4124433], [78.3919526, 17.412395], [78.391897, 17.4122895], [78.3918706, 17.4123022], [78.3918866, 17.4123325], [78.3918611, 17.4123447], [78.3918411, 17.4123068], [78.3917924, 17.4123302], [78.391852, 17.4124433]]]}, "properties": {"osm_id": 417159261, "building_type": "yes", "osm_height": null, "osm_levels": null, "name": null}}, {"type": "Feature", "geometry": {"type": "Polygon", "coordinates": [[[78.378641, 17.4220206], [78.3787089, 17.4219676], [78.3786869, 17.4219419], [78.378619, 17.4219949], [78.378641, 17.4220206]]]}, "properties": {"osm_id": 417257837, "building_type": "yes", "osm_height": null, "osm_levels": null, "name": null}}, {"type": "Feature", "geometry": {"type": "Polygon", "coordinates": [[[78.3785421, 17.4217487], [78.3785835, 17.4217929], [78.3786444, 17.421741], [78.378603, 17.4216968], [78.3785421, 17.4217487]]]}, "properties": {"osm_id": 417257840, "building_type": "yes", "osm_height": null, "osm_levels": null, "name": null}}, {"type": "Feature", "geometry": {"type": "Polygon", "coordinates": [[[78.3799291, 17.4219579], [78.3800435, 17.42187], [78.3799854, 17.4218013], [78.3798711, 17.4218892], [78.3799291, 17.4219579]]]}, "properties": {"osm_id": 417257845, "building_type": "yes", "osm_height": null, "osm_levels": null, "name": null}}, {"type": "Feature", "geometry": {"type": "Polygon", "coordinates": [[[78.3785485, 17.4219112], [78.3785788, 17.4219455], [78.378644, 17.421893], [78.3786137, 17.4218587], [78.3785485, 17.4219112]]]}, "properties": {"osm_id": 417257854, "building_type": "yes", "osm_height": null, "osm_levels": null, "name": null}}, {"type": "Feature", "geometry": {"type": "Polygon", "coordinates": [[[78.3798269, 17.4216882], [78.3799068, 17.4217824], [78.379957, 17.4217436], [78.379877, 17.4216495], [78.3798269, 17.4216882]]]}, "properties": {"osm_id": 417257859, "building_type": "yes", "osm_height": null, "osm_levels": null, "name": null}}, {"type": "Feature", "geometry": {"type": "Polygon", "coordinates": [[[78.3802499, 17.4222452], [78.3803664, 17.4221519], [78.3803053, 17.4220824], [78.3801888, 17.4221758], [78.3802499, 17.4222452]]]}, "properties": {"osm_id": 417257868, "building_type": "yes", "osm_height": null, "osm_levels": null, "name": null}}, {"type": "Feature", "geometry": {"type": "Polygon", "coordinates": [[[78.3789418, 17.4223341], [78.3789689, 17.422366], [78.3790289, 17.4223194], [78.3790017, 17.4222875], [78.3789418, 17.4223341]]]}, "properties": {"osm_id": 417257873, "building_type": "yes", "osm_height": null, "osm_levels": null, "name": null}}, {"type": "Feature", "geometry": {"type": "Polygon", "coordinates": [[[78.3787785, 17.4221642], [78.3788027, 17.4221925], [78.3788648, 17.4221441], [78.3788406, 17.4221158], [78.3787785, 17.4221642]]]}, "properties": {"osm_id": 417257883, "building_type": "yes", "osm_height": null, "osm_levels": null, "name": null}}, {"type": "Feature", "geometry": {"type": "Polygon", "coordinates": [[[78.3788492, 17.4222432], [78.3788812, 17.4222804], [78.3789432, 17.4222317], [78.3789112, 17.4221946], [78.3788492, 17.4222432]]]}, "properties": {"osm_id": 417257888, "building_type": "yes", "osm_height": null, "osm_levels": null, "name": null}}, {"type": "Feature", "geometry": {"type": "Polygon", "coordinates": [[[78.3784767, 17.42179], [78.3785081, 17.4218253], [78.3785446, 17.4217958], [78.3785131, 17.4217605], [78.3784767, 17.42179]]]}, "properties": {"osm_id": 417257906, "building_type": "yes", "osm_height": null, "osm_levels": null, "name": null}}, {"type": "Feature", "geometry": {"type": "Polygon", "coordinates": [[[78.3787366, 17.4221246], [78.3787705, 17.422165], [78.3788375, 17.4221138], [78.3788036, 17.4220734], [78.3787366, 17.4221246]]]}, "properties": {"osm_id": 417257916, "building_type": "yes", "osm_height": null, "osm_levels": null, "name": null}}, {"type": "Feature", "geometry": {"type": "Polygon", "coordinates": [[[78.3783835, 17.4216799], [78.3784246, 17.421732], [78.3784558, 17.4217096], [78.3784147, 17.4216575], [78.3783835, 17.4216799]]]}, "properties": {"osm_id": 417257920, "building_type": "yes", "osm_height": null, "osm_levels": null, "name": null}}, {"type": "Feature", "geometry": {"type": "Polygon", "coordinates": [[[78.3784469, 17.4216422], [78.378486, 17.42169], [78.3785398, 17.4216501], [78.3785007, 17.4216022], [78.3784469, 17.4216422]]]}, "properties": {"osm_id": 417257925, "building_type": "yes", "osm_height": null, "osm_levels": null, "name": null}}, {"type": "Feature", "geometry": {"type": "Polygon", "coordinates": [[[78.3783493, 17.4215321], [78.3783914, 17.4215813], [78.3784492, 17.4215363], [78.3784072, 17.4214871], [78.3783493, 17.4215321]]]}, "properties": {"osm_id": 417257929, "building_type": "yes", "osm_height": null, "osm_levels": null, "name": null}}, {"type": "Feature", "geometry": {"type": "Polygon", "coordinates": [[[78.3785807, 17.4219515], [78.3786082, 17.4219836], [78.3786735, 17.4219326], [78.378646, 17.4219005], [78.3785807, 17.4219515]]]}, "properties": {"osm_id": 417257934, "building_type": "yes", "osm_height": null, "osm_levels": null, "name": null}}, {"type": "Feature", "geometry": {"type": "Polygon", "coordinates": [[[78.3937579, 17.437126], [78.3938179, 17.43726], [78.3939973, 17.4371869], [78.3939373, 17.4370529], [78.3937579, 17.437126]]]}, "properties": {"osm_id": 417276563, "building_type": "yes", "osm_height": null, "osm_levels": null, "name": null}}, {"type": "Feature", "geometry": {"type": "Polygon", "coordinates": [[[78.3709591, 17.4145749], [78.3710863, 17.4145625], [78.3710729, 17.4144371], [78.3709457, 17.4144495], [78.3709591, 17.4145749]]]}, "properties": {"osm_id": 417513176, "building_type": "yes", "osm_height": null, "osm_levels": null, "name": null}}, {"type": "Feature", "geometry": {"type": "Polygon", "coordinates": [[[78.3809598, 17.4111209], [78.381123, 17.4111092], [78.3811139, 17.4109931], [78.3809507, 17.4110047], [78.3809598, 17.4111209]]]}, "properties": {"osm_id": 417513178, "building_type": "yes", "osm_height": null, "osm_levels": null, "name": null}}, {"type": "Feature", "geometry": {"type": "Polygon", "coordinates": [[[78.368238, 17.4148371], [78.3684606, 17.4148294], [78.3684553, 17.4146221], [78.3683694, 17.4146195], [78.3683641, 17.4146835], [78.3682863, 17.4146886], [78.3682863, 17.4146221], [78.36823, 17.4146221], [78.368238, 17.4148371]]]}, "properties": {"osm_id": 450421287, "building_type": "yes", "osm_height": null, "osm_levels": null, "name": null}}, {"type": "Feature", "geometry": {"type": "Polygon", "coordinates": [[[78.3941964, 17.4149696], [78.3940422, 17.4149466], [78.3940275, 17.415095], [78.3940757, 17.4150989], [78.394069, 17.415168], [78.3941616, 17.4151871], [78.3941964, 17.4149696]]]}, "properties": {"osm_id": 472948633, "building_type": "roof", "osm_height": null, "osm_levels": null, "name": null}}, {"type": "Feature", "geometry": {"type": "Polygon", "coordinates": [[[78.3745504, 17.4295019], [78.3746611, 17.429358], [78.3749031, 17.4298071], [78.3745967, 17.4300822], [78.3744807, 17.4299849], [78.3747227, 17.4297188], [78.3745504, 17.4295019]]]}, "properties": {"osm_id": 476705264, "building_type": "commercial", "osm_height": null, "osm_levels": null, "name": null}}, {"type": "Feature", "geometry": {"type": "Polygon", "coordinates": [[[78.3847115, 17.4321789], [78.3844363, 17.4318749], [78.3845358, 17.4316966], [78.3846703, 17.4318145], [78.3848496, 17.4320042], [78.3852584, 17.4320389], [78.3855647, 17.4324148], [78.3855016, 17.4324452], [78.3852441, 17.432175], [78.3848228, 17.4321755], [78.3847115, 17.4321789]]]}, "properties": {"osm_id": 499025233, "building_type": "commercial", "osm_height": null, "osm_levels": 13, "name": null}}, {"type": "Feature", "geometry": {"type": "Polygon", "coordinates": [[[78.3850178, 17.4373386], [78.385431, 17.437219], [78.3854119, 17.4371592], [78.3857843, 17.4370514], [78.3859364, 17.4375436], [78.3851643, 17.4377734], [78.3850178, 17.4373386]]]}, "properties": {"osm_id": 502048933, "building_type": "commercial", "osm_height": null, "osm_levels": 14, "name": "Building 12C"}}, {"type": "Feature", "geometry": {"type": "Polygon", "coordinates": [[[78.3670981, 17.4371631], [78.3674412, 17.4368782], [78.367123, 17.4365114], [78.3667706, 17.4367931], [78.3670981, 17.4371631]]]}, "properties": {"osm_id": 543748698, "building_type": "commercial", "osm_height": 30.0, "osm_levels": null, "name": "Vaishnavi Cynosure"}}, {"type": "Feature", "geometry": {"type": "Polygon", "coordinates": [[[78.3814063, 17.4318663], [78.3819749, 17.4325317], [78.3810951, 17.4332226], [78.3803495, 17.432373], [78.3807518, 17.4320454], [78.3809717, 17.4322962], [78.380784, 17.4324344], [78.3811112, 17.4327978], [78.3814921, 17.4325163], [78.3811219, 17.4320813], [78.3814063, 17.4318663]]]}, "properties": {"osm_id": 558276571, "building_type": "commercial", "osm_height": null, "osm_levels": null, "name": "Salapuria Sattva Knowledge City", "office": "company"}}, {"type": "Feature", "geometry": {"type": "Polygon", "coordinates": [[[78.3833222, 17.4324368], [78.3836655, 17.4328104], [78.383333, 17.4330817], [78.3836977, 17.4334962], [78.3840303, 17.4332352], [78.3843683, 17.4336088], [78.3838479, 17.4340234], [78.3828233, 17.4328207], [78.3833222, 17.4324368]]]}, "properties": {"osm_id": 558351783, "building_type": "apartments", "osm_height": null, "osm_levels": null, "name": null}}, {"type": "Feature", "geometry": {"type": "Polygon", "coordinates": [[[78.3814179, 17.4345083], [78.3820616, 17.4352248], [78.3817987, 17.4354296], [78.3815466, 17.435143], [78.3814286, 17.43523], [78.3816753, 17.4355166], [78.3814339, 17.4357162], [78.3807902, 17.4349792], [78.381037, 17.4347847], [78.3811228, 17.4348922], [78.3812355, 17.4348], [78.381155, 17.4347079], [78.3814179, 17.4345083]]]}, "properties": {"osm_id": 558351785, "building_type": "commercial", "osm_height": null, "osm_levels": null, "name": "Novartis", "office": "company"}}, {"type": "Feature", "geometry": {"type": "Polygon", "coordinates": [[[78.3672364, 17.4363653], [78.3674887, 17.4361961], [78.3678659, 17.4366225], [78.3676548, 17.4368182], [78.3672364, 17.4363653]]]}, "properties": {"osm_id": 558355088, "building_type": "hospital", "osm_height": null, "osm_levels": null, "name": null}}, {"type": "Feature", "geometry": {"type": "Polygon", "coordinates": [[[78.3892574, 17.4375393], [78.389239, 17.4373814], [78.3894488, 17.4373591], [78.3894672, 17.437517], [78.3892574, 17.4375393]]]}, "properties": {"osm_id": 596783361, "building_type": "yes", "osm_height": null, "osm_levels": null, "name": null}}, {"type": "Feature", "geometry": {"type": "Polygon", "coordinates": [[[78.3894672, 17.437517], [78.3894488, 17.4373591], [78.3895079, 17.4373528], [78.3895919, 17.4373439], [78.3896103, 17.4375018], [78.3894672, 17.437517]]]}, "properties": {"osm_id": 596783362, "building_type": "yes", "osm_height": null, "osm_levels": null, "name": null}}, {"type": "Feature", "geometry": {"type": "Polygon", "coordinates": [[[78.3727061, 17.433335], [78.3728859, 17.4335534], [78.3731078, 17.4333796], [78.3729093, 17.433159], [78.3727061, 17.433335]]]}, "properties": {"osm_id": 626346957, "building_type": "yes", "osm_height": null, "osm_levels": null, "name": null}}, {"type": "Feature", "geometry": {"type": "Polygon", "coordinates": [[[78.3881371, 17.4369481], [78.3881201, 17.436809], [78.388314, 17.4367875], [78.388331, 17.4369266], [78.3881371, 17.4369481]]]}, "properties": {"osm_id": 626554613, "building_type": "yes", "osm_height": null, "osm_levels": null, "name": "PSR"}}, {"type": "Feature", "geometry": {"type": "Polygon", "coordinates": [[[78.3881395, 17.4369966], [78.388331, 17.4369761], [78.388367, 17.4372831], [78.3881755, 17.4373035], [78.3881395, 17.4369966]]]}, "properties": {"osm_id": 626554614, "building_type": "yes", "osm_height": null, "osm_levels": null, "name": null}}, {"type": "Feature", "geometry": {"type": "Polygon", "coordinates": [[[78.3698579, 17.4162552], [78.369868, 17.416353], [78.3698225, 17.4163573], [78.3698468, 17.4165927], [78.3699292, 17.416585], [78.3699435, 17.4167228], [78.3702613, 17.416693], [78.3702252, 17.4163436], [78.3701787, 17.416348], [78.3701661, 17.4162262], [78.3698579, 17.4162552]]]}, "properties": {"osm_id": 626559682, "building_type": "yes", "osm_height": null, "osm_levels": null, "name": null}}, {"type": "Feature", "geometry": {"type": "Polygon", "coordinates": [[[78.3703544, 17.4168142], [78.3702985, 17.4162469], [78.3705641, 17.4162231], [78.37062, 17.4167904], [78.3703544, 17.4168142]]]}, "properties": {"osm_id": 626559684, "building_type": "yes", "osm_height": null, "osm_levels": null, "name": null}}, {"type": "Feature", "geometry": {"type": "Polygon", "coordinates": [[[78.3707419, 17.4167985], [78.3706859, 17.4162519], [78.3709401, 17.4162281], [78.3709961, 17.4167748], [78.3707419, 17.4167985]]]}, "properties": {"osm_id": 626559686, "building_type": "yes", "osm_height": null, "osm_levels": null, "name": null}}, {"type": "Feature", "geometry": {"type": "Polygon", "coordinates": [[[78.3710988, 17.4166941], [78.3710445, 17.4161581], [78.3712686, 17.4161374], [78.3713229, 17.4166735], [78.3710988, 17.4166941]]]}, "properties": {"osm_id": 626559688, "building_type": "yes", "osm_height": null, "osm_levels": null, "name": null}}, {"type": "Feature", "geometry": {"type": "Polygon", "coordinates": [[[78.3714209, 17.4164824], [78.371368, 17.4159422], [78.3717561, 17.4159076], [78.371809, 17.4164478], [78.3714209, 17.4164824]]]}, "properties": {"osm_id": 626559689, "building_type": "yes", "osm_height": null, "osm_levels": null, "name": null}}, {"type": "Feature", "geometry": {"type": "Polygon", "coordinates": [[[78.3719293, 17.4160253], [78.371893, 17.4155816], [78.3721442, 17.4155456], [78.3722018, 17.415999], [78.3719293, 17.4160253]]]}, "properties": {"osm_id": 626559691, "building_type": "yes", "osm_height": null, "osm_levels": null, "name": null}}, {"type": "Feature", "geometry": {"type": "Polygon", "coordinates": [[[78.3713382, 17.4155787], [78.37129, 17.4150892], [78.3716551, 17.4150564], [78.3717033, 17.415546], [78.3713382, 17.4155787]]]}, "properties": {"osm_id": 626559694, "building_type": "yes", "osm_height": null, "osm_levels": null, "name": null}}, {"type": "Feature", "geometry": {"type": "Polygon", "coordinates": [[[78.3710222, 17.415645], [78.3709612, 17.4151188], [78.3711854, 17.4150951], [78.3712465, 17.4156214], [78.3710222, 17.415645]]]}, "properties": {"osm_id": 626559696, "building_type": "yes", "osm_height": null, "osm_levels": null, "name": null}}, {"type": "Feature", "geometry": {"type": "Polygon", "coordinates": [[[78.3706381, 17.4157103], [78.37058, 17.4151414], [78.3708439, 17.4151169], [78.3709021, 17.4156858], [78.3706381, 17.4157103]]]}, "properties": {"osm_id": 626559698, "building_type": "yes", "osm_height": null, "osm_levels": null, "name": null}}, {"type": "Feature", "geometry": {"type": "Polygon", "coordinates": [[[78.3702534, 17.415736], [78.370196, 17.415192], [78.3704625, 17.4151664], [78.3705198, 17.4157105], [78.3702534, 17.415736]]]}, "properties": {"osm_id": 626559699, "building_type": "yes", "osm_height": null, "osm_levels": null, "name": null}}, {"type": "Feature", "geometry": {"type": "Polygon", "coordinates": [[[78.3697727, 17.4157378], [78.3697254, 17.4152709], [78.3700731, 17.4152388], [78.3701204, 17.4157058], [78.3697727, 17.4157378]]]}, "properties": {"osm_id": 626559701, "building_type": "yes", "osm_height": null, "osm_levels": null, "name": null}}, {"type": "Feature", "geometry": {"type": "Polygon", "coordinates": [[[78.3702909, 17.4161082], [78.3702708, 17.4158788], [78.3706541, 17.4158413], [78.3706578, 17.4158927], [78.3704668, 17.415907], [78.3704822, 17.4160939], [78.3702909, 17.4161082]]]}, "properties": {"osm_id": 626559703, "building_type": "yes", "osm_height": null, "osm_levels": null, "name": null}}, {"type": "Feature", "geometry": {"type": "Polygon", "coordinates": [[[78.3678583, 17.4176893], [78.3678177, 17.4170413], [78.3685126, 17.4170017], [78.3685529, 17.4176432], [78.3682633, 17.4176615], [78.3682475, 17.4174002], [78.3683407, 17.4173949], [78.3683341, 17.4172894], [78.3682549, 17.4172939], [78.3682488, 17.4171966], [78.3681033, 17.4172049], [78.368108, 17.4172801], [78.3680144, 17.4172855], [78.3680236, 17.4174332], [78.3681144, 17.417428], [78.3681298, 17.4176738], [78.3678583, 17.4176893]]]}, "properties": {"osm_id": 626560784, "building_type": "apartments", "osm_height": null, "osm_levels": null, "name": "Ace Atlantis"}}, {"type": "Feature", "geometry": {"type": "Polygon", "coordinates": [[[78.3676485, 17.4172426], [78.3676438, 17.4170711], [78.3677725, 17.4170679], [78.3677772, 17.4172394], [78.3676485, 17.4172426]]]}, "properties": {"osm_id": 626560785, "building_type": "yes", "osm_height": null, "osm_levels": null, "name": null}}, {"type": "Feature", "geometry": {"type": "Polygon", "coordinates": [[[78.3761359, 17.4173553], [78.376252, 17.4173553], [78.376252, 17.4173872], [78.3761369, 17.4173873], [78.376137, 17.4174788], [78.3764384, 17.4174786], [78.3764384, 17.4173917], [78.3763381, 17.4173918], [78.3763381, 17.4173552], [78.3764411, 17.4173552], [78.3764411, 17.4172687], [78.3763401, 17.4172687], [78.3763401, 17.4172408], [78.3764424, 17.4172407], [78.3764424, 17.4171479], [78.3761393, 17.417148], [78.3761394, 17.4172427], [78.3762553, 17.4172427], [78.3762554, 17.4172687], [78.3761359, 17.4172688], [78.3761359, 17.4173553]]]}, "properties": {"osm_id": 626614697, "building_type": "yes", "osm_height": null, "osm_levels": null, "name": "Hig 09"}}, {"type": "Feature", "geometry": {"type": "Polygon", "coordinates": [[[78.3761493, 17.416933], [78.3762654, 17.416933], [78.3762654, 17.416965], [78.3761503, 17.416965], [78.3761504, 17.4170565], [78.3764518, 17.4170564], [78.3764518, 17.4169695], [78.3763515, 17.4169695], [78.3763515, 17.4169329], [78.3764545, 17.4169329], [78.3764545, 17.4168464], [78.3763535, 17.4168464], [78.3763535, 17.4168185], [78.3764558, 17.4168185], [78.3764558, 17.4167257], [78.3761527, 17.4167258], [78.3761528, 17.4168204], [78.3762688, 17.4168204], [78.3762688, 17.4168465], [78.3761493, 17.4168465], [78.3761493, 17.416933]]]}, "properties": {"osm_id": 626614698, "building_type": "yes", "osm_height": null, "osm_levels": null, "name": "Hig 05 block"}}, {"type": "Feature", "geometry": {"type": "Polygon", "coordinates": [[[78.3765731, 17.4173412], [78.3766892, 17.4173412], [78.3766892, 17.4173731], [78.3765741, 17.4173732], [78.3765742, 17.4174647], [78.3768756, 17.4174646], [78.3768756, 17.4173776], [78.3767753, 17.4173777], [78.3767753, 17.4173411], [78.3768783, 17.4173411], [78.3768783, 17.4172546], [78.3767773, 17.4172546], [78.3767773, 17.4172267], [78.3768796, 17.4172267], [78.3768796, 17.4171339], [78.3765765, 17.417134], [78.3765766, 17.4172286], [78.3766925, 17.4172286], [78.3766926, 17.4172546], [78.3765731, 17.4172547], [78.3765731, 17.4173412]]]}, "properties": {"osm_id": 626614699, "building_type": "yes", "osm_height": null, "osm_levels": null, "name": "Hig 10"}}, {"type": "Feature", "geometry": {"type": "Polygon", "coordinates": [[[78.3765865, 17.4169202], [78.3767026, 17.4169202], [78.3767026, 17.4169522], [78.3765875, 17.4169522], [78.3765876, 17.4170437], [78.376889, 17.4170436], [78.376889, 17.4169567], [78.3767887, 17.4169567], [78.3767887, 17.4169201], [78.3768917, 17.4169201], [78.3768917, 17.4168336], [78.3767907, 17.4168336], [78.3767907, 17.4168057], [78.376893, 17.4168057], [78.376893, 17.4167129], [78.3765899, 17.416713], [78.37659, 17.4168076], [78.376706, 17.4168076], [78.376706, 17.4168337], [78.3765865, 17.4168337], [78.3765865, 17.4169202]]]}, "properties": {"osm_id": 626614700, "building_type": "residential", "osm_height": null, "osm_levels": 12, "name": "KISHAN KRIS  Hig 06 block", "addr_street": "Hig towers", "addr_housenumber": "Khajaguda - Nanakramguda Rd"}}, {"type": "Feature", "geometry": {"type": "Polygon", "coordinates": [[[78.3770331, 17.4169177], [78.3771492, 17.4169176], [78.3771492, 17.4169496], [78.3770341, 17.4169496], [78.3770342, 17.4170411], [78.3773356, 17.417041], [78.3773356, 17.4169541], [78.3772353, 17.4169541], [78.3772353, 17.4169176], [78.3773383, 17.4169175], [78.3773383, 17.416831], [78.3772373, 17.4168311], [78.3772373, 17.4168031], [78.3773396, 17.4168031], [78.3773396, 17.4167103], [78.3770365, 17.4167104], [78.3770366, 17.4168051], [78.3771525, 17.416805], [78.3771526, 17.4168311], [78.3770331, 17.4168311], [78.3770331, 17.4169177]]]}, "properties": {"osm_id": 626614701, "building_type": "yes", "osm_height": null, "osm_levels": null, "name": "Hig 07 block"}}, {"type": "Feature", "geometry": {"type": "Polygon", "coordinates": [[[78.3774372, 17.4173284], [78.3777062, 17.4173499], [78.3777069, 17.4172685], [78.3776224, 17.4172439], [78.3776239, 17.4172078], [78.377716, 17.4172296], [78.3777127, 17.4171443], [78.3775763, 17.4171171], [78.3774312, 17.4171211], [78.3774336, 17.4172029], [78.3775629, 17.4172033], [78.377563, 17.417236], [78.3774363, 17.4172327], [78.3774372, 17.4173284]]]}, "properties": {"osm_id": 626614703, "building_type": "yes", "osm_height": null, "osm_levels": null, "name": "Hig 12"}}, {"type": "Feature", "geometry": {"type": "Polygon", "coordinates": [[[78.3766264, 17.416497], [78.3769339, 17.4164964], [78.3769337, 17.4164099], [78.3768377, 17.4164101], [78.3768376, 17.4163717], [78.3769345, 17.4163715], [78.3769344, 17.4162894], [78.3766259, 17.41629], [78.3766261, 17.4163719], [78.3767393, 17.4163717], [78.3767394, 17.4164119], [78.3766262, 17.4164122], [78.3766264, 17.416497]]]}, "properties": {"osm_id": 626614704, "building_type": "yes", "osm_height": null, "osm_levels": null, "name": "Hig 01 block"}}, {"type": "Feature", "geometry": {"type": "Polygon", "coordinates": [[[78.368046, 17.4145406], [78.3678662, 17.4140804], [78.3680124, 17.4140283], [78.3680003, 17.4139975], [78.3681478, 17.4139448], [78.3681358, 17.4139141], [78.3682986, 17.4138558], [78.3685337, 17.4144532], [78.3683819, 17.4145076], [78.3683424, 17.4144071], [78.3683025, 17.4144213], [78.3682844, 17.4143752], [78.3683216, 17.4143619], [78.3682513, 17.4141829], [78.3682173, 17.414195], [78.3682035, 17.4141597], [78.3682315, 17.4141497], [78.3681955, 17.4140576], [78.3680432, 17.4141118], [78.3680831, 17.414214], [78.3681302, 17.4141972], [78.3681898, 17.4143496], [78.3681512, 17.4143633], [78.3681991, 17.4144861], [78.368046, 17.4145406]]]}, "properties": {"osm_id": 626824020, "building_type": "yes", "osm_height": null, "osm_levels": null, "name": null}}, {"type": "Feature", "geometry": {"type": "Polygon", "coordinates": [[[78.3692118, 17.4144016], [78.3688884, 17.4135498], [78.368755, 17.4135959], [78.3687666, 17.4136266], [78.3686023, 17.4136833], [78.3686158, 17.4137191], [78.3684747, 17.4137678], [78.368676, 17.4142998], [78.3688275, 17.4142476], [78.3687883, 17.414144], [78.368828, 17.4141303], [78.3688105, 17.414084], [78.3687656, 17.4140995], [78.3687227, 17.4139861], [78.3687673, 17.4139707], [78.3687497, 17.4139243], [78.3687011, 17.4139411], [78.3686389, 17.4137773], [78.3687589, 17.4137358], [78.3689343, 17.4141977], [78.3688578, 17.4142241], [78.3689436, 17.4144501], [78.369051, 17.414413], [78.3690658, 17.4144521], [78.3692118, 17.4144016]]]}, "properties": {"osm_id": 626824023, "building_type": "yes", "osm_height": null, "osm_levels": null, "name": null}}, {"type": "Feature", "geometry": {"type": "Polygon", "coordinates": [[[78.371841, 17.4306159], [78.3723385, 17.4302465], [78.3724981, 17.4304422], [78.3720006, 17.4308116], [78.371841, 17.4306159]]]}, "properties": {"osm_id": 630869581, "building_type": "hospital", "osm_height": null, "osm_levels": null, "name": null}}, {"type": "Feature", "geometry": {"type": "Polygon", "coordinates": [[[78.3693246, 17.4315954], [78.3694238, 17.4314308], [78.3695791, 17.4313211], [78.3694684, 17.431173], [78.3693131, 17.4312759], [78.3691119, 17.4312882], [78.3691292, 17.4313595], [78.3691522, 17.4314144], [78.3691895, 17.4314692], [78.3692269, 17.4315159], [78.3692686, 17.4315543], [78.3693246, 17.4315954]]]}, "properties": {"osm_id": 630921283, "building_type": "yes", "osm_height": null, "osm_levels": null, "name": null}}, {"type": "Feature", "geometry": {"type": "Polygon", "coordinates": [[[78.3693926, 17.4315863], [78.3695014, 17.4315207], [78.3695736, 17.4316297], [78.3695139, 17.4316657], [78.369498, 17.4316416], [78.3694488, 17.4316712], [78.3693926, 17.4315863]]]}, "properties": {"osm_id": 630921285, "building_type": "yes", "osm_height": null, "osm_levels": null, "name": null}}, {"type": "Feature", "geometry": {"type": "Polygon", "coordinates": [[[78.3785411, 17.4234669], [78.3790332, 17.4238852], [78.3790658, 17.4238161], [78.3790901, 17.423681], [78.3790901, 17.4235604], [78.3790581, 17.4234907], [78.3790596, 17.4233858], [78.3790182, 17.4232611], [78.3788722, 17.4231322], [78.3785411, 17.4234669]]]}, "properties": {"osm_id": 630932398, "building_type": "yes", "osm_height": null, "osm_levels": null, "name": null}}, {"type": "Feature", "geometry": {"type": "Polygon", "coordinates": [[[78.3782124, 17.4238135], [78.3787327, 17.424315], [78.3788629, 17.4241399], [78.3789275, 17.4240791], [78.3789181, 17.4240008], [78.3789622, 17.4239592], [78.3785148, 17.4235279], [78.3782124, 17.4238135]]]}, "properties": {"osm_id": 630932400, "building_type": "yes", "osm_height": null, "osm_levels": null, "name": null}}, {"type": "Feature", "geometry": {"type": "Polygon", "coordinates": [[[78.3778938, 17.4238429], [78.3783914, 17.4242988], [78.3780757, 17.4246125], [78.3775781, 17.4241567], [78.3778938, 17.4238429]]]}, "properties": {"osm_id": 630932401, "building_type": "yes", "osm_height": null, "osm_levels": null, "name": null}}, {"type": "Feature", "geometry": {"type": "Polygon", "coordinates": [[[78.3786983, 17.4247255], [78.3785652, 17.4245363], [78.3786557, 17.4244783], [78.3787888, 17.4246675], [78.3786983, 17.4247255]]]}, "properties": {"osm_id": 630932404, "building_type": "yes", "osm_height": null, "osm_levels": null, "name": null}}, {"type": "Feature", "geometry": {"type": "Polygon", "coordinates": [[[78.3784507, 17.4248887], [78.3785226, 17.4248216], [78.3784708, 17.4247711], [78.3783989, 17.4248381], [78.3784507, 17.4248887]]]}, "properties": {"osm_id": 630932406, "building_type": "yes", "osm_height": null, "osm_levels": null, "name": null}}, {"type": "Feature", "geometry": {"type": "Polygon", "coordinates": [[[78.3738018, 17.4292825], [78.3740971, 17.4289482], [78.3739544, 17.4285566], [78.3736691, 17.4288861], [78.3738018, 17.4292825]]]}, "properties": {"osm_id": 630964413, "building_type": "yes", "osm_height": null, "osm_levels": null, "name": null}}, {"type": "Feature", "geometry": {"type": "Polygon", "coordinates": [[[78.3677865, 17.4372093], [78.36787, 17.437146], [78.3680179, 17.4373034], [78.3679364, 17.4373667], [78.3677865, 17.4372093]]]}, "properties": {"osm_id": 646297147, "building_type": "yes", "osm_height": null, "osm_levels": null, "name": null}}, {"type": "Feature", "geometry": {"type": "Polygon", "coordinates": [[[78.3679645, 17.4373882], [78.368027, 17.4374526], [78.3681196, 17.4373834], [78.3680571, 17.4373165], [78.3679645, 17.4373882]]]}, "properties": {"osm_id": 646297149, "building_type": "yes", "osm_height": null, "osm_levels": null, "name": null}}, {"type": "Feature", "geometry": {"type": "Polygon", "coordinates": [[[78.3680158, 17.4370682], [78.3681371, 17.4372115], [78.3682072, 17.4371518], [78.3680858, 17.4370073], [78.3680158, 17.4370682]]]}, "properties": {"osm_id": 646297151, "building_type": "yes", "osm_height": null, "osm_levels": null, "name": null}}, {"type": "Feature", "geometry": {"type": "Polygon", "coordinates": [[[78.3681597, 17.4372413], [78.368236, 17.4371804], [78.3683524, 17.4373177], [78.3682835, 17.4373726], [78.3681597, 17.4372413]]]}, "properties": {"osm_id": 646297153, "building_type": "yes", "osm_height": null, "osm_levels": null, "name": null}}, {"type": "Feature", "geometry": {"type": "Polygon", "coordinates": [[[78.3682072, 17.4370969], [78.3682885, 17.4370288], [78.3684012, 17.4371661], [78.3683211, 17.4372342], [78.3682072, 17.4370969]]]}, "properties": {"osm_id": 646297155, "building_type": "yes", "osm_height": null, "osm_levels": null, "name": null}}, {"type": "Feature", "geometry": {"type": "Polygon", "coordinates": [[[78.3681947, 17.4367051], [78.3681286, 17.4366285], [78.3682455, 17.4365393], [78.3683116, 17.4366149], [78.3681947, 17.4367051]]]}, "properties": {"osm_id": 646297157, "building_type": "yes", "osm_height": null, "osm_levels": null, "name": null}}, {"type": "Feature", "geometry": {"type": "Polygon", "coordinates": [[[78.3682262, 17.4367225], [78.3683268, 17.4368399], [78.3684315, 17.4367623], [78.3683258, 17.436644], [78.3682262, 17.4367225]]]}, "properties": {"osm_id": 646297159, "building_type": "yes", "osm_height": null, "osm_levels": null, "name": null}}, {"type": "Feature", "geometry": {"type": "Polygon", "coordinates": [[[78.3685603, 17.4365305], [78.3686281, 17.4366055], [78.3688438, 17.4364306], [78.3687821, 17.4363542], [78.3685603, 17.4365305]]]}, "properties": {"osm_id": 646297161, "building_type": "yes", "osm_height": null, "osm_levels": null, "name": null}}, {"type": "Feature", "geometry": {"type": "Polygon", "coordinates": [[[78.3687331, 17.4354695], [78.3688394, 17.435396], [78.3688902, 17.4354592], [78.3687901, 17.4355341], [78.3687331, 17.4354695]]]}, "properties": {"osm_id": 646297163, "building_type": "yes", "osm_height": null, "osm_levels": null, "name": null}}, {"type": "Feature", "geometry": {"type": "Polygon", "coordinates": [[[78.3687993, 17.4355694], [78.3689072, 17.4354842], [78.3689611, 17.4355474], [78.3688532, 17.4356311], [78.3687993, 17.4355694]]]}, "properties": {"osm_id": 646297165, "building_type": "yes", "osm_height": null, "osm_levels": null, "name": null}}, {"type": "Feature", "geometry": {"type": "Polygon", "coordinates": [[[78.368881, 17.4354019], [78.3689272, 17.4354518], [78.3689595, 17.4354283], [78.368978, 17.4354474], [78.3689457, 17.4354709], [78.368995, 17.4355238], [78.3690319, 17.4354989], [78.3690504, 17.4355209], [78.3690165, 17.4355488], [78.3690581, 17.4355988], [78.3691444, 17.4355356], [78.3689534, 17.4353372], [78.368881, 17.4354019]]]}, "properties": {"osm_id": 646297167, "building_type": "yes", "osm_height": null, "osm_levels": null, "name": null}}, {"type": "Feature", "geometry": {"type": "Polygon", "coordinates": [[[78.3690796, 17.4352549], [78.3692503, 17.4354367], [78.3694382, 17.435297], [78.369377, 17.4352284], [78.3693123, 17.4352725], [78.3692738, 17.4352308], [78.3693323, 17.4351829], [78.369265, 17.4351088], [78.3690796, 17.4352549]]]}, "properties": {"osm_id": 646297169, "building_type": "yes", "osm_height": null, "osm_levels": null, "name": null}}, {"type": "Feature", "geometry": {"type": "Polygon", "coordinates": [[[78.3690087, 17.4358333], [78.3690613, 17.4358882], [78.3691714, 17.4358034], [78.3691164, 17.4357449], [78.3690087, 17.4358333]]]}, "properties": {"osm_id": 646297171, "building_type": "yes", "osm_height": null, "osm_levels": null, "name": null}}, {"type": "Feature", "geometry": {"type": "Polygon", "coordinates": [[[78.3691614, 17.4357425], [78.3693503, 17.4359634], [78.3694429, 17.4358953], [78.3692502, 17.4356709], [78.3691614, 17.4357425]]]}, "properties": {"osm_id": 646297174, "building_type": "yes", "osm_height": null, "osm_levels": null, "name": null}}, {"type": "Feature", "geometry": {"type": "Polygon", "coordinates": [[[78.3693629, 17.4355957], [78.3695043, 17.4357592], [78.3695918, 17.4356996], [78.3694442, 17.4355312], [78.3693629, 17.4355957]]]}, "properties": {"osm_id": 646297176, "building_type": "yes", "osm_height": null, "osm_levels": null, "name": null}}, {"type": "Feature", "geometry": {"type": "Polygon", "coordinates": [[[78.3695956, 17.4358643], [78.3697658, 17.4360732], [78.3698596, 17.4360004], [78.3696907, 17.4357951], [78.3695956, 17.4358643]]]}, "properties": {"osm_id": 646297177, "building_type": "yes", "osm_height": null, "osm_levels": null, "name": null}}, {"type": "Feature", "geometry": {"type": "Polygon", "coordinates": [[[78.3695105, 17.4361711], [78.3696231, 17.4360804], [78.3696907, 17.4361568], [78.3695756, 17.4362511], [78.3695105, 17.4361711]]]}, "properties": {"osm_id": 646297180, "building_type": "yes", "osm_height": null, "osm_levels": null, "name": null}}, {"type": "Feature", "geometry": {"type": "Polygon", "coordinates": [[[78.3697045, 17.4362475], [78.3698358, 17.4361413], [78.3698696, 17.4361878], [78.3697432, 17.4362977], [78.3697045, 17.4362475]]]}, "properties": {"osm_id": 646297182, "building_type": "yes", "osm_height": null, "osm_levels": null, "name": null}}, {"type": "Feature", "geometry": {"type": "Polygon", "coordinates": [[[78.3698709, 17.4361723], [78.3700023, 17.436343], [78.3700698, 17.4363], [78.3699309, 17.4361246], [78.3698709, 17.4361723]]]}, "properties": {"osm_id": 646297184, "building_type": "yes", "osm_height": null, "osm_levels": null, "name": null}}, {"type": "Feature", "geometry": {"type": "Polygon", "coordinates": [[[78.36943, 17.4365833], [78.3695039, 17.4366597], [78.3696657, 17.4365172], [78.3695841, 17.4364363], [78.36943, 17.4365833]]]}, "properties": {"osm_id": 646297186, "building_type": "yes", "osm_height": null, "osm_levels": null, "name": null}}, {"type": "Feature", "geometry": {"type": "Polygon", "coordinates": [[[78.3697905, 17.4365804], [78.3698906, 17.4367068], [78.3699938, 17.4366333], [78.3698583, 17.4365378], [78.3697905, 17.4365804]]]}, "properties": {"osm_id": 646297188, "building_type": "yes", "osm_height": null, "osm_levels": null, "name": null}}, {"type": "Feature", "geometry": {"type": "Polygon", "coordinates": [[[78.368814, 17.437373], [78.3690622, 17.4371804], [78.3691561, 17.4372905], [78.3689078, 17.437483], [78.368814, 17.437373]]]}, "properties": {"osm_id": 646297190, "building_type": "yes", "osm_height": null, "osm_levels": null, "name": null}}, {"type": "Feature", "geometry": {"type": "Polygon", "coordinates": [[[78.369182, 17.4372344], [78.369105, 17.4371506], [78.3691743, 17.4370904], [78.3691912, 17.437111], [78.3692559, 17.437061], [78.3692374, 17.4370375], [78.3693206, 17.4369743], [78.3693977, 17.4370683], [78.369182, 17.4372344]]]}, "properties": {"osm_id": 646297192, "building_type": "yes", "osm_height": null, "osm_levels": null, "name": null}}, {"type": "Feature", "geometry": {"type": "Polygon", "coordinates": [[[78.3693653, 17.436939], [78.3694454, 17.4370301], [78.369581, 17.4369243], [78.3695039, 17.4368244], [78.3693653, 17.436939]]]}, "properties": {"osm_id": 646297194, "building_type": "yes", "osm_height": null, "osm_levels": null, "name": null}}, {"type": "Feature", "geometry": {"type": "Polygon", "coordinates": [[[78.3743003, 17.4303394], [78.3744808, 17.4301844], [78.3742515, 17.4299413], [78.374071, 17.4300962], [78.3743003, 17.4303394]]]}, "properties": {"osm_id": 698866534, "building_type": "yes", "osm_height": null, "osm_levels": null, "name": null}}, {"type": "Feature", "geometry": {"type": "Polygon", "coordinates": [[[78.3715841, 17.4194905], [78.3717378, 17.4194805], [78.3717282, 17.4193474], [78.3715745, 17.4193574], [78.3715841, 17.4194905]]]}, "properties": {"osm_id": 700244403, "building_type": "yes", "osm_height": null, "osm_levels": null, "name": null}}, {"type": "Feature", "geometry": {"type": "Polygon", "coordinates": [[[78.3713727, 17.4195027], [78.3715269, 17.4194964], [78.3715207, 17.4193602], [78.3713665, 17.4193666], [78.3713727, 17.4195027]]]}, "properties": {"osm_id": 700244404, "building_type": "yes", "osm_height": null, "osm_levels": null, "name": null}}, {"type": "Feature", "geometry": {"type": "Polygon", "coordinates": [[[78.378061, 17.4232056], [78.3785117, 17.4227254], [78.377742, 17.4220711], [78.3772791, 17.4224524], [78.3776664, 17.422809], [78.378061, 17.4232056]]]}, "properties": {"osm_id": 715656771, "building_type": "yes", "osm_height": null, "osm_levels": null, "name": null}}, {"type": "Feature", "geometry": {"type": "Polygon", "coordinates": [[[78.3695083, 17.4330915], [78.3695575, 17.4331523], [78.3696359, 17.4330753], [78.369589, 17.4330189], [78.3695083, 17.4330915]]]}, "properties": {"osm_id": 721888814, "building_type": "commercial", "osm_height": null, "osm_levels": 4, "name": "Central Bank of India", "addr_street": "Old Bombay Highway, sri Shayam Nagar, Lumbini Avenue, Gachibowli"}}, {"type": "Feature", "geometry": {"type": "Polygon", "coordinates": [[[78.3675478, 17.434398], [78.3676189, 17.4344747], [78.36773, 17.4343811], [78.3676589, 17.4343043], [78.3675478, 17.434398]]]}, "properties": {"osm_id": 724296691, "building_type": "yes", "osm_height": null, "osm_levels": null, "name": null}}, {"type": "Feature", "geometry": {"type": "Polygon", "coordinates": [[[78.3902974, 17.4373089], [78.390292, 17.4372256], [78.3904682, 17.4372152], [78.3904736, 17.4372985], [78.3902974, 17.4373089]]]}, "properties": {"osm_id": 746544660, "building_type": "apartments", "osm_height": null, "osm_levels": null, "name": null}}, {"type": "Feature", "geometry": {"type": "Polygon", "coordinates": [[[78.3902901, 17.4372175], [78.3902847, 17.4371341], [78.3904608, 17.4371237], [78.3904662, 17.4372071], [78.3902901, 17.4372175]]]}, "properties": {"osm_id": 746544661, "building_type": "apartments", "osm_height": null, "osm_levels": null, "name": null}}, {"type": "Feature", "geometry": {"type": "Polygon", "coordinates": [[[78.3902847, 17.4371279], [78.3902793, 17.4370446], [78.3904555, 17.4370342], [78.3904609, 17.4371175], [78.3902847, 17.4371279]]]}, "properties": {"osm_id": 746544662, "building_type": "apartments", "osm_height": null, "osm_levels": null, "name": null}}, {"type": "Feature", "geometry": {"type": "Polygon", "coordinates": [[[78.390276, 17.4370326], [78.3902706, 17.4369493], [78.3904468, 17.4369389], [78.3904522, 17.4370222], [78.390276, 17.4370326]]]}, "properties": {"osm_id": 746544663, "building_type": "apartments", "osm_height": null, "osm_levels": null, "name": null}}, {"type": "Feature", "geometry": {"type": "Polygon", "coordinates": [[[78.3902689, 17.4369366], [78.3902635, 17.4368533], [78.3904397, 17.4368429], [78.3904451, 17.4369262], [78.3902689, 17.4369366]]]}, "properties": {"osm_id": 746544664, "building_type": "apartments", "osm_height": null, "osm_levels": null, "name": null}}, {"type": "Feature", "geometry": {"type": "Polygon", "coordinates": [[[78.3902357, 17.4368422], [78.3902303, 17.4367589], [78.3904065, 17.4367485], [78.3904119, 17.4368319], [78.3902357, 17.4368422]]]}, "properties": {"osm_id": 746544665, "building_type": "apartments", "osm_height": null, "osm_levels": null, "name": null}}, {"type": "Feature", "geometry": {"type": "Polygon", "coordinates": [[[78.3893837, 17.4368978], [78.3894987, 17.4368965], [78.3894979, 17.4368278], [78.3893829, 17.4368291], [78.3893837, 17.4368978]]]}, "properties": {"osm_id": 746544666, "building_type": "yes", "osm_height": null, "osm_levels": null, "name": null}}, {"type": "Feature", "geometry": {"type": "Polygon", "coordinates": [[[78.3894048, 17.437063], [78.3894034, 17.4370119], [78.3895587, 17.4370079], [78.3895602, 17.437059], [78.3894048, 17.437063]]]}, "properties": {"osm_id": 746544667, "building_type": "apartments", "osm_height": null, "osm_levels": null, "name": null}}, {"type": "Feature", "geometry": {"type": "Polygon", "coordinates": [[[78.3894121, 17.4371626], [78.3894115, 17.4370747], [78.3895604, 17.4370737], [78.3895611, 17.4371616], [78.3894121, 17.4371626]]]}, "properties": {"osm_id": 746544668, "building_type": "apartments", "osm_height": null, "osm_levels": null, "name": null}}, {"type": "Feature", "geometry": {"type": "Polygon", "coordinates": [[[78.3894142, 17.4372572], [78.3894135, 17.4371694], [78.3895625, 17.4371684], [78.3895631, 17.4372563], [78.3894142, 17.4372572]]]}, "properties": {"osm_id": 746544669, "building_type": "apartments", "osm_height": null, "osm_levels": null, "name": null}}, {"type": "Feature", "geometry": {"type": "Polygon", "coordinates": [[[78.3894048, 17.4369969], [78.3894041, 17.436909], [78.3895531, 17.436908], [78.3895537, 17.4369959], [78.3894048, 17.4369969]]]}, "properties": {"osm_id": 746544670, "building_type": "apartments", "osm_height": null, "osm_levels": null, "name": null}}, {"type": "Feature", "geometry": {"type": "Polygon", "coordinates": [[[78.3901044, 17.4371613], [78.3901025, 17.437041], [78.3901875, 17.4370398], [78.3901894, 17.4371601], [78.3901044, 17.4371613]]]}, "properties": {"osm_id": 746544671, "building_type": "apartments", "osm_height": null, "osm_levels": null, "name": null}}, {"type": "Feature", "geometry": {"type": "Polygon", "coordinates": [[[78.3900109, 17.4371771], [78.3900087, 17.4370596], [78.3900702, 17.4370586], [78.3900723, 17.437176], [78.3900109, 17.4371771]]]}, "properties": {"osm_id": 746544672, "building_type": "apartments", "osm_height": null, "osm_levels": null, "name": null}}, {"type": "Feature", "geometry": {"type": "Polygon", "coordinates": [[[78.389935, 17.4371976], [78.3899329, 17.4370876], [78.3899905, 17.4370866], [78.3899925, 17.4371967], [78.389935, 17.4371976]]]}, "properties": {"osm_id": 746544673, "building_type": "apartments", "osm_height": null, "osm_levels": null, "name": null}}, {"type": "Feature", "geometry": {"type": "Polygon", "coordinates": [[[78.3898431, 17.437196], [78.389841, 17.437086], [78.3898986, 17.437085], [78.3899007, 17.4371951], [78.3898431, 17.437196]]]}, "properties": {"osm_id": 746544674, "building_type": "apartments", "osm_height": null, "osm_levels": null, "name": null}}, {"type": "Feature", "geometry": {"type": "Polygon", "coordinates": [[[78.3897677, 17.4371967], [78.3897656, 17.4370867], [78.3898232, 17.4370857], [78.3898252, 17.4371957], [78.3897677, 17.4371967]]]}, "properties": {"osm_id": 746544675, "building_type": "apartments", "osm_height": null, "osm_levels": null, "name": null}}, {"type": "Feature", "geometry": {"type": "Polygon", "coordinates": [[[78.3902717, 17.4365688], [78.3902696, 17.4364899], [78.3903585, 17.4364878], [78.3903606, 17.4365667], [78.3902717, 17.4365688]]]}, "properties": {"osm_id": 746544677, "building_type": "apartments", "osm_height": null, "osm_levels": null, "name": null}}, {"type": "Feature", "geometry": {"type": "Polygon", "coordinates": [[[78.3901624, 17.4365727], [78.3901603, 17.4364938], [78.3902492, 17.4364916], [78.3902513, 17.4365705], [78.3901624, 17.4365727]]]}, "properties": {"osm_id": 746544678, "building_type": "apartments", "osm_height": null, "osm_levels": null, "name": null}}, {"type": "Feature", "geometry": {"type": "Polygon", "coordinates": [[[78.3900638, 17.4365893], [78.3900617, 17.4365104], [78.3901507, 17.4365083], [78.3901528, 17.4365872], [78.3900638, 17.4365893]]]}, "properties": {"osm_id": 746544679, "building_type": "apartments", "osm_height": null, "osm_levels": null, "name": null}}, {"type": "Feature", "geometry": {"type": "Polygon", "coordinates": [[[78.3899578, 17.4365951], [78.3899558, 17.4365162], [78.3900447, 17.436514], [78.3900468, 17.4365929], [78.3899578, 17.4365951]]]}, "properties": {"osm_id": 746544680, "building_type": "apartments", "osm_height": null, "osm_levels": null, "name": null}}, {"type": "Feature", "geometry": {"type": "Polygon", "coordinates": [[[78.3898579, 17.4366021], [78.3898558, 17.4365232], [78.3899448, 17.436521], [78.3899469, 17.4365999], [78.3898579, 17.4366021]]]}, "properties": {"osm_id": 746544681, "building_type": "apartments", "osm_height": null, "osm_levels": null, "name": null}}, {"type": "Feature", "geometry": {"type": "Polygon", "coordinates": [[[78.3897573, 17.4366098], [78.3897553, 17.4365309], [78.3898442, 17.4365287], [78.3898463, 17.4366076], [78.3897573, 17.4366098]]]}, "properties": {"osm_id": 746544682, "building_type": "apartments", "osm_height": null, "osm_levels": null, "name": null}}, {"type": "Feature", "geometry": {"type": "Polygon", "coordinates": [[[78.3896527, 17.436611], [78.3896507, 17.4365322], [78.3897396, 17.43653], [78.3897417, 17.4366089], [78.3896527, 17.436611]]]}, "properties": {"osm_id": 746544683, "building_type": "apartments", "osm_height": null, "osm_levels": null, "name": null}}, {"type": "Feature", "geometry": {"type": "Polygon", "coordinates": [[[78.3895274, 17.4366279], [78.3895246, 17.4365224], [78.3896436, 17.4365195], [78.3896464, 17.4366251], [78.3895274, 17.4366279]]]}, "properties": {"osm_id": 746544684, "building_type": "apartments", "osm_height": null, "osm_levels": null, "name": null}}, {"type": "Feature", "geometry": {"type": "Polygon", "coordinates": [[[78.3894341, 17.4366354], [78.3894321, 17.4365565], [78.389521, 17.4365543], [78.3895231, 17.4366332], [78.3894341, 17.4366354]]]}, "properties": {"osm_id": 746544685, "building_type": "apartments", "osm_height": null, "osm_levels": null, "name": null}}, {"type": "Feature", "geometry": {"type": "Polygon", "coordinates": [[[78.3898346, 17.4373675], [78.389839, 17.437429], [78.3899478, 17.4374211], [78.3899765, 17.4374201], [78.3899721, 17.4373586], [78.3899389, 17.4373596], [78.3898346, 17.4373675]]]}, "properties": {"osm_id": 746544688, "building_type": "roof", "osm_height": null, "osm_levels": null, "name": null}}, {"type": "Feature", "geometry": {"type": "Polygon", "coordinates": [[[78.3869656, 17.4370824], [78.3872402, 17.4372016], [78.387353, 17.436965], [78.3870785, 17.4368457], [78.3869656, 17.4370824]]]}, "properties": {"osm_id": 746920848, "building_type": "yes", "osm_height": null, "osm_levels": null, "name": null}}, {"type": "Feature", "geometry": {"type": "Polygon", "coordinates": [[[78.3875705, 17.4354472], [78.3875865, 17.4355264], [78.3877501, 17.4354963], [78.3877341, 17.4354171], [78.3875705, 17.4354472]]]}, "properties": {"osm_id": 746920849, "building_type": "yes", "osm_height": null, "osm_levels": null, "name": null}}, {"type": "Feature", "geometry": {"type": "Polygon", "coordinates": [[[78.3879943, 17.4356935], [78.3881646, 17.4356922], [78.3881636, 17.4355718], [78.3879933, 17.4355731], [78.3879943, 17.4356935]]]}, "properties": {"osm_id": 746920850, "building_type": "yes", "osm_height": null, "osm_levels": null, "name": null}}, {"type": "Feature", "geometry": {"type": "Polygon", "coordinates": [[[78.387402, 17.4338544], [78.3874028, 17.4339559], [78.38756, 17.4339547], [78.3875592, 17.4338533], [78.387402, 17.4338544]]]}, "properties": {"osm_id": 746947570, "building_type": "yes", "osm_height": null, "osm_levels": null, "name": null}}, {"type": "Feature", "geometry": {"type": "Polygon", "coordinates": [[[78.3874461, 17.4347575], [78.3874691, 17.4348878], [78.3876904, 17.4348523], [78.3876674, 17.434722], [78.3874461, 17.4347575]]]}, "properties": {"osm_id": 746947571, "building_type": "yes", "osm_height": null, "osm_levels": null, "name": null}}, {"type": "Feature", "geometry": {"type": "Polygon", "coordinates": [[[78.3874748, 17.434939], [78.387497, 17.4350731], [78.3876968, 17.4350429], [78.3876746, 17.4349089], [78.3874748, 17.434939]]]}, "properties": {"osm_id": 746947572, "building_type": "apartments", "osm_height": null, "osm_levels": null, "name": "LA PALAZZO Apartments B"}}, {"type": "Feature", "geometry": {"type": "Polygon", "coordinates": [[[78.3881688, 17.437381], [78.3881741, 17.4374588], [78.3882836, 17.437452], [78.3884246, 17.4374433], [78.3884194, 17.4373655], [78.3882787, 17.4373742], [78.3881688, 17.437381]]]}, "properties": {"osm_id": 746947577, "building_type": "yes", "osm_height": null, "osm_levels": null, "name": null}}, {"type": "Feature", "geometry": {"type": "Polygon", "coordinates": [[[78.3875499, 17.4375288], [78.3875519, 17.4376474], [78.3879563, 17.437641], [78.3879542, 17.4375219], [78.3877954, 17.4375245], [78.3877947, 17.4374886], [78.3879624, 17.4374859], [78.38796, 17.4373429], [78.3875885, 17.4373488], [78.387591, 17.4374913], [78.3877042, 17.4374895], [78.3877048, 17.4375263], [78.3875499, 17.4375288]]]}, "properties": {"osm_id": 746947579, "building_type": "yes", "osm_height": null, "osm_levels": null, "name": null}}, {"type": "Feature", "geometry": {"type": "Polygon", "coordinates": [[[78.3878688, 17.4370222], [78.3879416, 17.4370205], [78.3879396, 17.4369411], [78.3879177, 17.4369416], [78.3879162, 17.4368832], [78.3877084, 17.436888], [78.38771, 17.4369482], [78.387689, 17.4369487], [78.387691, 17.4370249], [78.3877568, 17.4370233], [78.3877572, 17.4370392], [78.3876576, 17.4370415], [78.3876596, 17.4371176], [78.3876298, 17.4371182], [78.3876328, 17.4372366], [78.3879465, 17.4372293], [78.3879434, 17.437107], [78.387921, 17.4371076], [78.3879192, 17.4370384], [78.3878693, 17.4370395], [78.3878688, 17.4370222]]]}, "properties": {"osm_id": 746947580, "building_type": "yes", "osm_height": null, "osm_levels": null, "name": null}}, {"type": "Feature", "geometry": {"type": "Polygon", "coordinates": [[[78.3946973, 17.4357211], [78.3947889, 17.4359045], [78.3948574, 17.4358734], [78.3947658, 17.43569], [78.3946973, 17.4357211]]]}, "properties": {"osm_id": 746949869, "building_type": "yes", "osm_height": null, "osm_levels": null, "name": null}}, {"type": "Feature", "geometry": {"type": "Polygon", "coordinates": [[[78.3951507, 17.4355587], [78.3950412, 17.4356086], [78.3950914, 17.4357092], [78.3950584, 17.4357243], [78.3950074, 17.4356222], [78.394934, 17.4356556], [78.3950204, 17.4358286], [78.3952364, 17.4357303], [78.3951507, 17.4355587]]]}, "properties": {"osm_id": 746949870, "building_type": "apartments", "osm_height": null, "osm_levels": null, "name": "Srinivasam Apartment"}}, {"type": "Feature", "geometry": {"type": "Polygon", "coordinates": [[[78.395021, 17.435886], [78.3950967, 17.4360475], [78.3952818, 17.4359685], [78.3952061, 17.435807], [78.395021, 17.435886]]]}, "properties": {"osm_id": 746949871, "building_type": "yes", "osm_height": null, "osm_levels": null, "name": null}}, {"type": "Feature", "geometry": {"type": "Polygon", "coordinates": [[[78.3947549, 17.4359909], [78.3948286, 17.4361609], [78.3950264, 17.4360829], [78.3949527, 17.4359129], [78.3947549, 17.4359909]]]}, "properties": {"osm_id": 746949872, "building_type": "yes", "osm_height": null, "osm_levels": null, "name": null}}, {"type": "Feature", "geometry": {"type": "Polygon", "coordinates": [[[78.39489, 17.4362238], [78.3949586, 17.4363704], [78.3953908, 17.4361861], [78.3953221, 17.4360395], [78.39489, 17.4362238]]]}, "properties": {"osm_id": 746949873, "building_type": "yes", "osm_height": null, "osm_levels": null, "name": null}}, {"type": "Feature", "geometry": {"type": "Polygon", "coordinates": [[[78.3858581, 17.4358988], [78.3859981, 17.4361508], [78.3865672, 17.4358631], [78.3864435, 17.4356404], [78.3863113, 17.4357072], [78.386295, 17.435678], [78.3858581, 17.4358988]]]}, "properties": {"osm_id": 747200715, "building_type": "yes", "osm_height": null, "osm_levels": null, "name": null}}, {"type": "Feature", "geometry": {"type": "Polygon", "coordinates": [[[78.3852202, 17.435097], [78.3848581, 17.4351959], [78.3850361, 17.4357898], [78.3851782, 17.435751], [78.3851716, 17.4357289], [78.3852678, 17.4357026], [78.3852552, 17.4356604], [78.385379, 17.4356266], [78.3852202, 17.435097]]]}, "properties": {"osm_id": 747200716, "building_type": "yes", "osm_height": null, "osm_levels": null, "name": null}}, {"type": "Feature", "geometry": {"type": "Polygon", "coordinates": [[[78.3872969, 17.4331722], [78.3870135, 17.4333164], [78.38711, 17.433621], [78.3874579, 17.4333833], [78.3872969, 17.4331722]]]}, "properties": {"osm_id": 747204274, "building_type": "yes", "osm_height": null, "osm_levels": null, "name": null}}, {"type": "Feature", "geometry": {"type": "Polygon", "coordinates": [[[78.3926706, 17.4370276], [78.3927287, 17.4371448], [78.392782, 17.4371208], [78.3927238, 17.4370036], [78.3926706, 17.4370276]]]}, "properties": {"osm_id": 747214549, "building_type": "yes", "osm_height": null, "osm_levels": null, "name": null}}, {"type": "Feature", "geometry": {"type": "Polygon", "coordinates": [[[78.3924971, 17.4371021], [78.3925172, 17.4371482], [78.3926527, 17.4370944], [78.3926326, 17.4370484], [78.3924971, 17.4371021]]]}, "properties": {"osm_id": 747214550, "building_type": "yes", "osm_height": null, "osm_levels": null, "name": null}}, {"type": "Feature", "geometry": {"type": "Polygon", "coordinates": [[[78.3923295, 17.4373542], [78.3921846, 17.4374233], [78.392219, 17.4374888], [78.3923638, 17.4374198], [78.3923295, 17.4373542]]]}, "properties": {"osm_id": 747214552, "building_type": "yes", "osm_height": null, "osm_levels": null, "name": null}}, {"type": "Feature", "geometry": {"type": "Polygon", "coordinates": [[[78.3924657, 17.4375398], [78.3928947, 17.4373514], [78.3927966, 17.4371481], [78.392732, 17.4371765], [78.3927006, 17.4371114], [78.3926225, 17.4371457], [78.3926535, 17.43721], [78.3925112, 17.4372725], [78.3924794, 17.4372066], [78.3924045, 17.4372395], [78.3924377, 17.4373084], [78.3923686, 17.4373387], [78.3924657, 17.4375398]]]}, "properties": {"osm_id": 747214554, "building_type": "yes", "osm_height": null, "osm_levels": null, "name": null}}, {"type": "Feature", "geometry": {"type": "Polygon", "coordinates": [[[78.3920258, 17.4335025], [78.3919745, 17.4335372], [78.3920066, 17.4335804], [78.3920579, 17.4335458], [78.3920258, 17.4335025]]]}, "properties": {"osm_id": 747218313, "building_type": "yes", "osm_height": null, "osm_levels": null, "name": null}}, {"type": "Feature", "geometry": {"type": "Polygon", "coordinates": [[[78.3924166, 17.4359414], [78.3923812, 17.4359772], [78.3924026, 17.4359965], [78.392438, 17.4359607], [78.3924166, 17.4359414]]]}, "properties": {"osm_id": 747221008, "building_type": "yes", "osm_height": null, "osm_levels": null, "name": null}}, {"type": "Feature", "geometry": {"type": "Polygon", "coordinates": [[[78.3922946, 17.4358802], [78.3922711, 17.4358984], [78.3922939, 17.4359253], [78.3923174, 17.4359071], [78.3922946, 17.4358802]]]}, "properties": {"osm_id": 747221009, "building_type": "yes", "osm_height": null, "osm_levels": null, "name": null}}, {"type": "Feature", "geometry": {"type": "Polygon", "coordinates": [[[78.39231, 17.4357734], [78.3922479, 17.4358287], [78.3922761, 17.4358574], [78.3923382, 17.4358022], [78.39231, 17.4357734]]]}, "properties": {"osm_id": 747221010, "building_type": "yes", "osm_height": null, "osm_levels": null, "name": null}}, {"type": "Feature", "geometry": {"type": "Polygon", "coordinates": [[[78.3923422, 17.435352], [78.3921823, 17.4354734], [78.3922422, 17.4355453], [78.3924022, 17.4354239], [78.3923422, 17.435352]]]}, "properties": {"osm_id": 747221011, "building_type": "yes", "osm_height": null, "osm_levels": null, "name": null}}, {"type": "Feature", "geometry": {"type": "Polygon", "coordinates": [[[78.3941218, 17.435419], [78.3940043, 17.4354898], [78.3941169, 17.43566], [78.3942345, 17.4355891], [78.3941218, 17.435419]]]}, "properties": {"osm_id": 747221012, "building_type": "yes", "osm_height": null, "osm_levels": null, "name": null}}, {"type": "Feature", "geometry": {"type": "Polygon", "coordinates": [[[78.3940374, 17.4352821], [78.3939145, 17.4353669], [78.3939775, 17.4354501], [78.3941004, 17.4353653], [78.3940374, 17.4352821]]]}, "properties": {"osm_id": 747221013, "building_type": "yes", "osm_height": null, "osm_levels": null, "name": null}}, {"type": "Feature", "geometry": {"type": "Polygon", "coordinates": [[[78.3938482, 17.4352923], [78.3938938, 17.4353435], [78.3940179, 17.4352429], [78.3939723, 17.4351917], [78.3938482, 17.4352923]]]}, "properties": {"osm_id": 747221014, "building_type": "yes", "osm_height": null, "osm_levels": null, "name": null}}, {"type": "Feature", "geometry": {"type": "Polygon", "coordinates": [[[78.393871, 17.4350249], [78.3937464, 17.4351113], [78.3938323, 17.4352239], [78.3939568, 17.4351375], [78.393871, 17.4350249]]]}, "properties": {"osm_id": 747221015, "building_type": "yes", "osm_height": null, "osm_levels": null, "name": null}}, {"type": "Feature", "geometry": {"type": "Polygon", "coordinates": [[[78.3925387, 17.4360914], [78.3925534, 17.4361125], [78.3926484, 17.4360521], [78.3926337, 17.4360309], [78.3925387, 17.4360914]]]}, "properties": {"osm_id": 747221016, "building_type": "yes", "osm_height": null, "osm_levels": null, "name": null}}, {"type": "Feature", "geometry": {"type": "Polygon", "coordinates": [[[78.3941695, 17.4329847], [78.3941807, 17.4330881], [78.394262, 17.4330801], [78.3942738, 17.4331893], [78.3941814, 17.4331984], [78.3941966, 17.433339], [78.394596, 17.4332997], [78.394581, 17.4331606], [78.3946582, 17.433153], [78.3946472, 17.4330511], [78.3945834, 17.4330573], [78.3945713, 17.4329452], [78.3941695, 17.4329847]]]}, "properties": {"osm_id": 747231170, "building_type": "yes", "osm_height": null, "osm_levels": null, "name": null}}, {"type": "Feature", "geometry": {"type": "Polygon", "coordinates": [[[78.3943438, 17.4351944], [78.3944806, 17.4351023], [78.3944082, 17.4350045], [78.3942714, 17.4350967], [78.3943438, 17.4351944]]]}, "properties": {"osm_id": 747231171, "building_type": "yes", "osm_height": null, "osm_levels": null, "name": null}}, {"type": "Feature", "geometry": {"type": "Polygon", "coordinates": [[[78.392617, 17.4339434], [78.3925136, 17.4340281], [78.3925794, 17.4341012], [78.3926827, 17.4340165], [78.392617, 17.4339434]]]}, "properties": {"osm_id": 747231172, "building_type": "yes", "osm_height": null, "osm_levels": null, "name": null}}, {"type": "Feature", "geometry": {"type": "Polygon", "coordinates": [[[78.3931811, 17.4352169], [78.3932461, 17.4352881], [78.3932608, 17.4352759], [78.3932885, 17.4353061], [78.3933819, 17.4352285], [78.3933015, 17.4351405], [78.3933219, 17.4351235], [78.3934036, 17.4352129], [78.3935417, 17.4350981], [78.3934479, 17.4349953], [78.3931811, 17.4352169]]]}, "properties": {"osm_id": 747231173, "building_type": "yes", "osm_height": null, "osm_levels": null, "name": null}}, {"type": "Feature", "geometry": {"type": "Polygon", "coordinates": [[[78.3921484, 17.434433], [78.3920768, 17.4344991], [78.3921905, 17.4346111], [78.392262, 17.4345449], [78.3921484, 17.434433]]]}, "properties": {"osm_id": 747231174, "building_type": "yes", "osm_height": null, "osm_levels": null, "name": null}}, {"type": "Feature", "geometry": {"type": "Polygon", "coordinates": [[[78.3919797, 17.4348284], [78.3921069, 17.4349623], [78.3921763, 17.4349022], [78.3920492, 17.4347684], [78.3919797, 17.4348284]]]}, "properties": {"osm_id": 747231175, "building_type": "yes", "osm_height": null, "osm_levels": null, "name": null}}, {"type": "Feature", "geometry": {"type": "Polygon", "coordinates": [[[78.393057, 17.4353], [78.3930048, 17.4353461], [78.3930383, 17.4353807], [78.3930905, 17.4353345], [78.393057, 17.4353]]]}, "properties": {"osm_id": 747231176, "building_type": "yes", "osm_height": null, "osm_levels": null, "name": null}}, {"type": "Feature", "geometry": {"type": "Polygon", "coordinates": [[[78.3943458, 17.4358271], [78.3941746, 17.435904], [78.3942618, 17.4360806], [78.394433, 17.4360037], [78.3943458, 17.4358271]]]}, "properties": {"osm_id": 747293669, "building_type": "yes", "osm_height": null, "osm_levels": null, "name": null}}, {"type": "Feature", "geometry": {"type": "Polygon", "coordinates": [[[78.3944544, 17.4360421], [78.3942924, 17.4361145], [78.3943327, 17.4361964], [78.3944947, 17.436124], [78.3944544, 17.4360421]]]}, "properties": {"osm_id": 747293670, "building_type": "yes", "osm_height": null, "osm_levels": null, "name": null}}, {"type": "Feature", "geometry": {"type": "Polygon", "coordinates": [[[78.3942286, 17.4361806], [78.394053, 17.4362613], [78.3942008, 17.436554], [78.3943764, 17.4364733], [78.3942286, 17.4361806]]]}, "properties": {"osm_id": 747293671, "building_type": "yes", "osm_height": null, "osm_levels": null, "name": null}}, {"type": "Feature", "geometry": {"type": "Polygon", "coordinates": [[[78.3946925, 17.4365494], [78.3944995, 17.4366445], [78.3945424, 17.4367238], [78.3947354, 17.4366287], [78.3946925, 17.4365494]]]}, "properties": {"osm_id": 747293672, "building_type": "yes", "osm_height": null, "osm_levels": null, "name": null}}, {"type": "Feature", "geometry": {"type": "Polygon", "coordinates": [[[78.3943096, 17.4368405], [78.3945054, 17.4367548], [78.3944622, 17.436665], [78.3942664, 17.4367507], [78.3943096, 17.4368405]]]}, "properties": {"osm_id": 747293673, "building_type": "yes", "osm_height": null, "osm_levels": null, "name": null}}, {"type": "Feature", "geometry": {"type": "Polygon", "coordinates": [[[78.3946003, 17.4369521], [78.3944033, 17.4370442], [78.3944558, 17.4371464], [78.3946528, 17.4370544], [78.3946003, 17.4369521]]]}, "properties": {"osm_id": 747293674, "building_type": "yes", "osm_height": null, "osm_levels": null, "name": null}}, {"type": "Feature", "geometry": {"type": "Polygon", "coordinates": [[[78.3946395, 17.4369378], [78.3946868, 17.4370309], [78.3948666, 17.4369477], [78.3948192, 17.4368546], [78.3946395, 17.4369378]]]}, "properties": {"osm_id": 747293675, "building_type": "yes", "osm_height": null, "osm_levels": null, "name": null}}, {"type": "Feature", "geometry": {"type": "Polygon", "coordinates": [[[78.3947518, 17.4371429], [78.3949186, 17.4370723], [78.3948809, 17.4369913], [78.3947141, 17.4370619], [78.3947518, 17.4371429]]]}, "properties": {"osm_id": 747293676, "building_type": "yes", "osm_height": null, "osm_levels": null, "name": null}}, {"type": "Feature", "geometry": {"type": "Polygon", "coordinates": [[[78.3949654, 17.4376223], [78.395137, 17.4375558], [78.3950558, 17.4373649], [78.3948841, 17.4374314], [78.3949654, 17.4376223]]]}, "properties": {"osm_id": 747293677, "building_type": "yes", "osm_height": null, "osm_levels": null, "name": null}}, {"type": "Feature", "geometry": {"type": "Polygon", "coordinates": [[[78.3933902, 17.4363624], [78.3935717, 17.4362784], [78.3935393, 17.4362145], [78.3934036, 17.4362773], [78.3933783, 17.4362274], [78.3933324, 17.4362486], [78.3933902, 17.4363624]]]}, "properties": {"osm_id": 747293678, "building_type": "yes", "osm_height": null, "osm_levels": null, "name": null}}, {"type": "Feature", "geometry": {"type": "Polygon", "coordinates": [[[78.3940447, 17.4370945], [78.3942244, 17.4370177], [78.3941804, 17.4369239], [78.3940007, 17.4370007], [78.3940447, 17.4370945]]]}, "properties": {"osm_id": 747293679, "building_type": "yes", "osm_height": null, "osm_levels": null, "name": null}}, {"type": "Feature", "geometry": {"type": "Polygon", "coordinates": [[[78.394252, 17.4370542], [78.39407, 17.4371395], [78.3941089, 17.437215], [78.3942909, 17.4371297], [78.394252, 17.4370542]]]}, "properties": {"osm_id": 747293680, "building_type": "yes", "osm_height": null, "osm_levels": null, "name": null}}, {"type": "Feature", "geometry": {"type": "Polygon", "coordinates": [[[78.3940266, 17.4372281], [78.3938553, 17.4373082], [78.393921, 17.4374361], [78.3940923, 17.4373561], [78.3940266, 17.4372281]]]}, "properties": {"osm_id": 747293681, "building_type": "yes", "osm_height": null, "osm_levels": null, "name": null}}, {"type": "Feature", "geometry": {"type": "Polygon", "coordinates": [[[78.3932159, 17.4368795], [78.3930169, 17.4369671], [78.3930571, 17.4370503], [78.3932561, 17.4369627], [78.3932159, 17.4368795]]]}, "properties": {"osm_id": 747293687, "building_type": "yes", "osm_height": null, "osm_levels": null, "name": null}}, {"type": "Feature", "geometry": {"type": "Polygon", "coordinates": [[[78.3932978, 17.4369652], [78.3933447, 17.4370804], [78.3935497, 17.4370043], [78.3935028, 17.4368892], [78.3932978, 17.4369652]]]}, "properties": {"osm_id": 747293688, "building_type": "yes", "osm_height": null, "osm_levels": null, "name": null}}, {"type": "Feature", "geometry": {"type": "Polygon", "coordinates": [[[78.3936196, 17.4371546], [78.3934281, 17.4372409], [78.3934737, 17.437333], [78.3936652, 17.4372468], [78.3936196, 17.4371546]]]}, "properties": {"osm_id": 747293689, "building_type": "yes", "osm_height": null, "osm_levels": null, "name": null}}, {"type": "Feature", "geometry": {"type": "Polygon", "coordinates": [[[78.3934499, 17.4373721], [78.3932236, 17.437465], [78.3932733, 17.437575], [78.3934996, 17.4374821], [78.3934499, 17.4373721]]]}, "properties": {"osm_id": 747293690, "building_type": "yes", "osm_height": null, "osm_levels": null, "name": null}}, {"type": "Feature", "geometry": {"type": "Polygon", "coordinates": [[[78.3859545, 17.4344584], [78.3860628, 17.4344267], [78.3860446, 17.43437], [78.3859363, 17.4344017], [78.3859545, 17.4344584]]]}, "properties": {"osm_id": 747519475, "building_type": "yes", "osm_height": null, "osm_levels": null, "name": null}}, {"type": "Feature", "geometry": {"type": "Polygon", "coordinates": [[[78.3859237, 17.4345029], [78.3859713, 17.4346404], [78.386108, 17.4345973], [78.3860604, 17.4344598], [78.3859237, 17.4345029]]]}, "properties": {"osm_id": 747519476, "building_type": "yes", "osm_height": null, "osm_levels": null, "name": null}}, {"type": "Feature", "geometry": {"type": "Polygon", "coordinates": [[[78.3859542, 17.4346705], [78.3859934, 17.434788], [78.3861249, 17.434748], [78.3860856, 17.4346305], [78.3859542, 17.4346705]]]}, "properties": {"osm_id": 747519477, "building_type": "yes", "osm_height": null, "osm_levels": null, "name": null}}, {"type": "Feature", "geometry": {"type": "Polygon", "coordinates": [[[78.3862972, 17.4349961], [78.386083, 17.4350631], [78.3861749, 17.4353305], [78.386389, 17.4352635], [78.3862972, 17.4349961]]]}, "properties": {"osm_id": 747519478, "building_type": "yes", "osm_height": null, "osm_levels": null, "name": null}}, {"type": "Feature", "geometry": {"type": "Polygon", "coordinates": [[[78.3856289, 17.4335216], [78.3857214, 17.4338377], [78.3856699, 17.4338514], [78.3856886, 17.4339153], [78.3857105, 17.4339095], [78.3857263, 17.4339637], [78.3858296, 17.4339362], [78.3857026, 17.433502], [78.3856289, 17.4335216]]]}, "properties": {"osm_id": 747981456, "building_type": "yes", "osm_height": null, "osm_levels": null, "name": null}}, {"type": "Feature", "geometry": {"type": "Polygon", "coordinates": [[[78.3954064, 17.4259858], [78.3953163, 17.4255686], [78.3954812, 17.425543], [78.3955579, 17.4259785], [78.3954064, 17.4259858]]]}, "properties": {"osm_id": 749409082, "building_type": "yes", "osm_height": null, "osm_levels": null, "name": null}}, {"type": "Feature", "geometry": {"type": "Polygon", "coordinates": [[[78.3948771, 17.4254899], [78.394973, 17.4252868], [78.3952031, 17.4253783], [78.3951072, 17.4255924], [78.3948771, 17.4254899]]]}, "properties": {"osm_id": 749409083, "building_type": "yes", "osm_height": null, "osm_levels": null, "name": null}}, {"type": "Feature", "geometry": {"type": "Polygon", "coordinates": [[[78.3947307, 17.4216848], [78.3947679, 17.4213224], [78.395032, 17.421352], [78.3950093, 17.4217182], [78.3947307, 17.4216848]]]}, "properties": {"osm_id": 749409084, "building_type": "yes", "osm_height": null, "osm_levels": null, "name": null}}, {"type": "Feature", "geometry": {"type": "Polygon", "coordinates": [[[78.384447, 17.4143706], [78.3844571, 17.4142607], [78.3845164, 17.4142704], [78.3845181, 17.4142543], [78.3844639, 17.4142494], [78.3844741, 17.4141622], [78.3845892, 17.4141606], [78.384574, 17.4143835], [78.384447, 17.4143706]]]}, "properties": {"osm_id": 749560231, "building_type": "yes", "osm_height": null, "osm_levels": null, "name": null}}, {"type": "Feature", "geometry": {"type": "Polygon", "coordinates": [[[78.3834729, 17.4147887], [78.3836006, 17.4147977], [78.383625, 17.4145762], [78.3834824, 17.4145632], [78.383477, 17.4146643], [78.3835395, 17.4146695], [78.3835313, 17.4146954], [78.3834756, 17.4146902], [78.3834729, 17.4147887]]]}, "properties": {"osm_id": 749560232, "building_type": "yes", "osm_height": null, "osm_levels": null, "name": null}}, {"type": "Feature", "geometry": {"type": "Polygon", "coordinates": [[[78.3884012, 17.4263296], [78.3885799, 17.4263608], [78.3886266, 17.4261178], [78.3884479, 17.4260865], [78.3884012, 17.4263296]]]}, "properties": {"osm_id": 750393600, "building_type": "yes", "osm_height": null, "osm_levels": null, "name": "Masjid-e-Qutub Shahi", "amenity": "place_of_worship"}}, {"type": "Feature", "geometry": {"type": "Polygon", "coordinates": [[[78.3894158, 17.4240874], [78.389476, 17.424085], [78.3894703, 17.4239539], [78.3894101, 17.4239563], [78.3894158, 17.4240874]]]}, "properties": {"osm_id": 750394290, "building_type": "yes", "osm_height": null, "osm_levels": null, "name": "Sri LaxmiNarasimha Swamy Temple", "amenity": "place_of_worship"}}, {"type": "Feature", "geometry": {"type": "Polygon", "coordinates": [[[78.3869467, 17.4195631], [78.3870495, 17.4196774], [78.3874512, 17.4193484], [78.3873099, 17.4191913], [78.3871551, 17.4193181], [78.3871937, 17.4193609], [78.3869467, 17.4195631]]]}, "properties": {"osm_id": 750398138, "building_type": "commercial", "osm_height": null, "osm_levels": null, "name": "HDFC Bank ATM"}}, {"type": "Feature", "geometry": {"type": "Polygon", "coordinates": [[[78.3886259, 17.4195648], [78.3894526, 17.4190441], [78.3893108, 17.418839], [78.3890704, 17.4189904], [78.3889906, 17.4188751], [78.3886625, 17.4188148], [78.3885654, 17.4188721], [78.3884761, 17.4192513], [78.3885213, 17.4193166], [78.3884746, 17.419346], [78.3886259, 17.4195648]]]}, "properties": {"osm_id": 750398139, "building_type": "commercial", "osm_height": null, "osm_levels": null, "name": "FDDI, An Institue of National Importance, Ministry of Commerce & Industry, Government of India"}}, {"type": "Feature", "geometry": {"type": "Polygon", "coordinates": [[[78.3881621, 17.4345545], [78.3879383, 17.4345623], [78.3879446, 17.4347255], [78.3881684, 17.4347177], [78.3881621, 17.4345545]]]}, "properties": {"osm_id": 754163942, "building_type": "yes", "osm_height": null, "osm_levels": null, "name": null}}, {"type": "Feature", "geometry": {"type": "Polygon", "coordinates": [[[78.3879219, 17.4352104], [78.3879466, 17.4355313], [78.3882202, 17.4355121], [78.3881955, 17.4351912], [78.3879219, 17.4352104]]]}, "properties": {"osm_id": 754163943, "building_type": "yes", "osm_height": null, "osm_levels": null, "name": "Ratnadeep"}}, {"type": "Feature", "geometry": {"type": "Polygon", "coordinates": [[[78.3877972, 17.4339309], [78.3877123, 17.4339365], [78.3877244, 17.4341041], [78.3878092, 17.4340986], [78.3877972, 17.4339309]]]}, "properties": {"osm_id": 754163944, "building_type": "yes", "osm_height": null, "osm_levels": null, "name": null}}, {"type": "Feature", "geometry": {"type": "Polygon", "coordinates": [[[78.3862361, 17.4355137], [78.3863729, 17.4354817], [78.386328, 17.4353068], [78.3861912, 17.4353388], [78.3862361, 17.4355137]]]}, "properties": {"osm_id": 754163945, "building_type": "yes", "osm_height": null, "osm_levels": null, "name": null}}, {"type": "Feature", "geometry": {"type": "Polygon", "coordinates": [[[78.385703, 17.4341321], [78.3857469, 17.4341079], [78.3857071, 17.434042], [78.3856632, 17.4340661], [78.385703, 17.4341321]]]}, "properties": {"osm_id": 754163947, "building_type": "yes", "osm_height": null, "osm_levels": null, "name": null}}, {"type": "Feature", "geometry": {"type": "Polygon", "coordinates": [[[78.385634, 17.4340512], [78.3857144, 17.4339936], [78.3856768, 17.4339457], [78.3855963, 17.4340033], [78.385634, 17.4340512]]]}, "properties": {"osm_id": 754163948, "building_type": "yes", "osm_height": null, "osm_levels": null, "name": null}}, {"type": "Feature", "geometry": {"type": "Polygon", "coordinates": [[[78.3858338, 17.4340934], [78.3859438, 17.4340666], [78.3859094, 17.4339386], [78.3857994, 17.4339654], [78.3858338, 17.4340934]]]}, "properties": {"osm_id": 754163949, "building_type": "yes", "osm_height": null, "osm_levels": null, "name": null}}, {"type": "Feature", "geometry": {"type": "Polygon", "coordinates": [[[78.3874015, 17.4344146], [78.38742, 17.4345624], [78.3876118, 17.4345407], [78.3875933, 17.4343928], [78.3874015, 17.4344146]]]}, "properties": {"osm_id": 754163950, "building_type": "yes", "osm_height": null, "osm_levels": null, "name": null}}, {"type": "Feature", "geometry": {"type": "Polygon", "coordinates": [[[78.3860028, 17.4367583], [78.3863246, 17.4375071], [78.3867713, 17.4377326], [78.3869983, 17.4373234], [78.3867538, 17.4372], [78.3864831, 17.4365704], [78.3860028, 17.4367583]]]}, "properties": {"osm_id": 754163951, "building_type": "construction", "osm_height": null, "osm_levels": null, "name": "Building 12D"}}, {"type": "Feature", "geometry": {"type": "Polygon", "coordinates": [[[78.3693264, 17.433397], [78.3693023, 17.4333684], [78.3693321, 17.4333443], [78.3693523, 17.4333709], [78.3693475, 17.4333757], [78.3693264, 17.433397]]]}, "properties": {"osm_id": 756207732, "building_type": "yes", "osm_height": null, "osm_levels": 1, "name": "Book Mark"}}, {"type": "Feature", "geometry": {"type": "Polygon", "coordinates": [[[78.3692856, 17.4334374], [78.3692594, 17.4334049], [78.3692771, 17.4333922], [78.3693025, 17.4334207], [78.3692856, 17.4334374]]]}, "properties": {"osm_id": 756208268, "building_type": "yes", "osm_height": null, "osm_levels": 1, "name": "Sweet Basket"}}, {"type": "Feature", "geometry": {"type": "Polygon", "coordinates": [[[78.3692377, 17.4334833], [78.3692053, 17.433447], [78.3692284, 17.4334307], [78.3692584, 17.4334641], [78.3692377, 17.4334833]]]}, "properties": {"osm_id": 756209177, "building_type": "yes", "osm_height": null, "osm_levels": 1, "name": "B.Bicha Reddy Sweets"}}, {"type": "Feature", "geometry": {"type": "Polygon", "coordinates": [[[78.3691813, 17.4334655], [78.3692053, 17.433447], [78.3692377, 17.4334833], [78.3692129, 17.4335023], [78.3691813, 17.4334655]]]}, "properties": {"osm_id": 756209516, "building_type": "yes", "osm_height": null, "osm_levels": 1, "name": "MedPlus Pharmacy and General store"}}, {"type": "Feature", "geometry": {"type": "Polygon", "coordinates": [[[78.3692284, 17.4334307], [78.3692594, 17.4334049], [78.3692856, 17.4334374], [78.3692584, 17.4334641], [78.3692284, 17.4334307]]]}, "properties": {"osm_id": 756210428, "building_type": "yes", "osm_height": null, "osm_levels": 1, "name": "Apollo Pharmacy"}}, {"type": "Feature", "geometry": {"type": "Polygon", "coordinates": [[[78.3692811, 17.4333603], [78.3693084, 17.4333414], [78.3692823, 17.4333124], [78.3692544, 17.4333319], [78.3692811, 17.4333603]]]}, "properties": {"osm_id": 756210629, "building_type": "yes", "osm_height": null, "osm_levels": 1, "name": "Torque Cars"}}, {"type": "Feature", "geometry": {"type": "Polygon", "coordinates": [[[78.3693041, 17.4334191], [78.3692795, 17.4333901], [78.3693012, 17.4333709], [78.3693249, 17.4333985], [78.3693041, 17.4334191]]]}, "properties": {"osm_id": 756212171, "building_type": "yes", "osm_height": null, "osm_levels": null, "name": "360 Degree Tyre showroom"}}, {"type": "Feature", "geometry": {"type": "Polygon", "coordinates": [[[78.3843007, 17.4314673], [78.3843259, 17.4314984], [78.3843893, 17.4314517], [78.3843642, 17.4314206], [78.3843007, 17.4314673]]]}, "properties": {"osm_id": 759754733, "building_type": "yes", "osm_height": null, "osm_levels": null, "name": null}}, {"type": "Feature", "geometry": {"type": "Polygon", "coordinates": [[[78.3846703, 17.4318145], [78.3846668, 17.4317936], [78.3846489, 17.4317792], [78.3846535, 17.4317736], [78.3846656, 17.4317853], [78.3846822, 17.4317786], [78.3847172, 17.4318066], [78.3847452, 17.4317841], [78.3847255, 17.4317543], [78.3847452, 17.4316844], [78.3847561, 17.4316735], [78.3847707, 17.4316796], [78.3848433, 17.4317798], [78.3848211, 17.4318266], [78.3848421, 17.431837], [78.3848542, 17.4318248], [78.3848656, 17.4318236], [78.3849465, 17.4319135], [78.3849485, 17.4319372], [78.3849281, 17.4319798], [78.3849497, 17.4320102], [78.3849822, 17.4319919], [78.3850109, 17.4319944], [78.3850313, 17.432012], [78.3850568, 17.4320065], [78.3850638, 17.4319938], [78.3851377, 17.4319652], [78.3851389, 17.4319233], [78.3851459, 17.4319172], [78.3851561, 17.4319196], [78.3852584, 17.4320389], [78.3848496, 17.4320042], [78.3846703, 17.4318145]]]}, "properties": {"osm_id": 759754734, "building_type": "yes", "osm_height": null, "osm_levels": null, "name": null}}, {"type": "Feature", "geometry": {"type": "Polygon", "coordinates": [[[78.3847115, 17.4321789], [78.3852613, 17.4329335], [78.3852883, 17.4329495], [78.3853128, 17.4329495], [78.3853334, 17.4329396], [78.3853565, 17.4329097], [78.385424, 17.4326829], [78.3848228, 17.4321755], [78.3847115, 17.4321789]]]}, "properties": {"osm_id": 761604458, "building_type": "yes", "osm_height": null, "osm_levels": null, "name": null}}, {"type": "Feature", "geometry": {"type": "Polygon", "coordinates": [[[78.3856543, 17.4327853], [78.385635, 17.4327484], [78.385689, 17.4327202], [78.3857173, 17.4327497], [78.3856543, 17.4327853]]]}, "properties": {"osm_id": 761604459, "building_type": "yes", "osm_height": null, "osm_levels": null, "name": null}}, {"type": "Feature", "geometry": {"type": "Polygon", "coordinates": [[[78.3863193, 17.4331031], [78.3862993, 17.4330725], [78.3859914, 17.4329982], [78.3859834, 17.432981], [78.3860454, 17.4329371], [78.3860814, 17.4329867], [78.3861994, 17.4329161], [78.3861754, 17.4329562], [78.3862193, 17.433002], [78.3862513, 17.4329963], [78.3863153, 17.4330706], [78.3863381, 17.4330579], [78.386243, 17.4329268], [78.3862621, 17.4329142], [78.3862453, 17.4328856], [78.3862113, 17.4329028], [78.3861454, 17.4328189], [78.3858955, 17.4329734], [78.3859714, 17.4330649], [78.3861154, 17.4331012], [78.3863193, 17.4331031]]]}, "properties": {"osm_id": 761604462, "building_type": "roof", "osm_height": null, "osm_levels": null, "name": null}}, {"type": "Feature", "geometry": {"type": "Polygon", "coordinates": [[[78.3858445, 17.4330127], [78.3858883, 17.4329814], [78.3859262, 17.4330298], [78.3858825, 17.433061], [78.3858445, 17.4330127]]]}, "properties": {"osm_id": 761604463, "building_type": "yes", "osm_height": null, "osm_levels": null, "name": null}}, {"type": "Feature", "geometry": {"type": "Polygon", "coordinates": [[[78.3846043, 17.4311853], [78.384633, 17.4311625], [78.3846886, 17.4312262], [78.3846599, 17.431249], [78.3846043, 17.4311853]]]}, "properties": {"osm_id": 762417405, "building_type": "yes", "osm_height": null, "osm_levels": null, "name": null}}, {"type": "Feature", "geometry": {"type": "Polygon", "coordinates": [[[78.3846812, 17.4312647], [78.3847146, 17.4312389], [78.3847526, 17.4312837], [78.3847192, 17.4313095], [78.3846812, 17.4312647]]]}, "properties": {"osm_id": 762417406, "building_type": "yes", "osm_height": null, "osm_levels": null, "name": null}}, {"type": "Feature", "geometry": {"type": "Polygon", "coordinates": [[[78.3730812, 17.430942], [78.3732573, 17.4311343], [78.3738514, 17.4306391], [78.3736753, 17.4304468], [78.3730812, 17.430942]]]}, "properties": {"osm_id": 763535120, "building_type": "yes", "osm_height": null, "osm_levels": null, "name": "Preston Prime Mall", "shop": "mall"}}, {"type": "Feature", "geometry": {"type": "Polygon", "coordinates": [[[78.3850349, 17.4203465], [78.3853957, 17.4200985], [78.3852442, 17.4198979], [78.3851149, 17.4199868], [78.3851429, 17.4200239], [78.3850646, 17.4200777], [78.3849895, 17.4199784], [78.385023, 17.4199553], [78.3849326, 17.4198356], [78.3847594, 17.4199547], [78.3849772, 17.420243], [78.3849637, 17.4202523], [78.3850349, 17.4203465]]]}, "properties": {"osm_id": 764583679, "building_type": "yes", "osm_height": null, "osm_levels": null, "name": null}}, {"type": "Feature", "geometry": {"type": "Polygon", "coordinates": [[[78.3781439, 17.4262103], [78.3782968, 17.4260427], [78.3782646, 17.426003], [78.3780876, 17.4261463], [78.3781439, 17.4262103]]]}, "properties": {"osm_id": 764584002, "building_type": "yes", "osm_height": null, "osm_levels": null, "name": null}}, {"type": "Feature", "geometry": {"type": "Polygon", "coordinates": [[[78.3783142, 17.4259467], [78.3783504, 17.4259902], [78.3784685, 17.425875], [78.3784403, 17.4258443], [78.3783142, 17.4259467]]]}, "properties": {"osm_id": 764584003, "building_type": "yes", "osm_height": null, "osm_levels": null, "name": null}}, {"type": "Feature", "geometry": {"type": "Polygon", "coordinates": [[[78.3743467, 17.4222362], [78.3750135, 17.4221868], [78.3750049, 17.4220799], [78.3750767, 17.4220689], [78.3750595, 17.4215507], [78.3749848, 17.4215561], [78.3749445, 17.4212134], [78.3742749, 17.4212517], [78.3743122, 17.4217618], [78.3746542, 17.4217371], [78.3746657, 17.4218742], [78.3743122, 17.4219017], [78.3743467, 17.4222362]]]}, "properties": {"osm_id": 771251606, "building_type": "yes", "osm_height": null, "osm_levels": null, "name": null, "office": "yes"}}, {"type": "Feature", "geometry": {"type": "Polygon", "coordinates": [[[78.3798766, 17.4339988], [78.3793701, 17.4334106], [78.3796118, 17.4332211], [78.3799182, 17.4335768], [78.380201, 17.4333551], [78.3798947, 17.4329994], [78.3801372, 17.4328092], [78.3806437, 17.4333974], [78.3798766, 17.4339988]]]}, "properties": {"osm_id": 793742588, "building_type": "office", "osm_height": null, "osm_levels": null, "name": null}}, {"type": "Feature", "geometry": {"type": "Polygon", "coordinates": [[[78.3753524, 17.4318615], [78.375781, 17.4319226], [78.3755701, 17.4332694], [78.3751416, 17.4332084], [78.3753524, 17.4318615]]]}, "properties": {"osm_id": 793742591, "building_type": "office", "osm_height": null, "osm_levels": 22, "name": null, "building_material": "metal_plates", "building_colour": "#bd764a", "addr_street": "Hi Tech City Main Road", "addr_housenumber": "Skyview 10"}}, {"type": "Feature", "geometry": {"type": "Polygon", "coordinates": [[[78.3755904, 17.4301802], [78.3760307, 17.4302378], [78.3758362, 17.4315925], [78.3753959, 17.431535], [78.3755904, 17.4301802]]]}, "properties": {"osm_id": 793742592, "building_type": "office", "osm_height": null, "osm_levels": 30, "name": "The Skyview", "building_material": "metal_plates", "building_colour": "#bd764a"}}, {"type": "Feature", "geometry": {"type": "Polygon", "coordinates": [[[78.3746678, 17.4307876], [78.3748395, 17.4309411], [78.3748717, 17.4308439], [78.3747966, 17.4307262], [78.3746678, 17.4307876]]]}, "properties": {"osm_id": 793742593, "building_type": "yes", "osm_height": null, "osm_levels": null, "name": null}}, {"type": "Feature", "geometry": {"type": "Polygon", "coordinates": [[[78.3711112, 17.4310371], [78.3711227, 17.4310521], [78.3711897, 17.4310051], [78.3712327, 17.431061], [78.3711657, 17.4311079], [78.3711745, 17.4311193], [78.3710699, 17.4311926], [78.371285, 17.4314719], [78.3712147, 17.4315212], [78.3709364, 17.4311597], [78.3711112, 17.4310371]]]}, "properties": {"osm_id": 793742594, "building_type": "yes", "osm_height": null, "osm_levels": null, "name": null}}, {"type": "Feature", "geometry": {"type": "Polygon", "coordinates": [[[78.371474, 17.4307995], [78.371596, 17.4309624], [78.3717149, 17.4308813], [78.371593, 17.4307185], [78.371474, 17.4307995]]]}, "properties": {"osm_id": 793742595, "building_type": "yes", "osm_height": null, "osm_levels": null, "name": null}}, {"type": "Feature", "geometry": {"type": "Polygon", "coordinates": [[[78.3732998, 17.4316035], [78.3734393, 17.4315677], [78.3736378, 17.4320897], [78.3735037, 17.4321767], [78.3732569, 17.4316803], [78.3732998, 17.4316035]]]}, "properties": {"osm_id": 793742596, "building_type": "yes", "osm_height": null, "osm_levels": null, "name": null}}, {"type": "Feature", "geometry": {"type": "Polygon", "coordinates": [[[78.3742096, 17.4312042], [78.3743598, 17.4315573], [78.3744724, 17.4315522], [78.3743169, 17.4311734], [78.3742096, 17.4312042]]]}, "properties": {"osm_id": 793742597, "building_type": "yes", "osm_height": null, "osm_levels": null, "name": null}}, {"type": "Feature", "geometry": {"type": "Polygon", "coordinates": [[[78.3740884, 17.4312453], [78.3741581, 17.4313988], [78.3742493, 17.4313732], [78.3742011, 17.4312453], [78.3740884, 17.4312453]]]}, "properties": {"osm_id": 793742598, "building_type": "yes", "osm_height": null, "osm_levels": null, "name": null}}, {"type": "Feature", "geometry": {"type": "Polygon", "coordinates": [[[78.3738978, 17.431529], [78.3736993, 17.4311707], [78.3738066, 17.4310837], [78.3740159, 17.4314471], [78.3738978, 17.431529]]]}, "properties": {"osm_id": 793742599, "building_type": "yes", "osm_height": null, "osm_levels": null, "name": null}}, {"type": "Feature", "geometry": {"type": "Polygon", "coordinates": [[[78.3735305, 17.4312555], [78.3736807, 17.4314909], [78.3737773, 17.43145], [78.3737129, 17.431235], [78.3735305, 17.4312555]]]}, "properties": {"osm_id": 793742600, "building_type": "yes", "osm_height": null, "osm_levels": null, "name": null}}, {"type": "Feature", "geometry": {"type": "Polygon", "coordinates": [[[78.3738416, 17.4318338], [78.3741099, 17.4317519], [78.3740669, 17.4315728], [78.3738899, 17.4316035], [78.3737719, 17.4316803], [78.3738416, 17.4318338]]]}, "properties": {"osm_id": 793742601, "building_type": "yes", "osm_height": null, "osm_levels": null, "name": null}}, {"type": "Feature", "geometry": {"type": "Polygon", "coordinates": [[[78.3742922, 17.4324992], [78.3744049, 17.4326988], [78.3745229, 17.4326425], [78.3744049, 17.4324429], [78.3742922, 17.4324992]]]}, "properties": {"osm_id": 793742602, "building_type": "yes", "osm_height": null, "osm_levels": null, "name": null}}, {"type": "Feature", "geometry": {"type": "Polygon", "coordinates": [[[78.3740777, 17.4323456], [78.3743137, 17.4322502], [78.3741528, 17.4319976], [78.3739811, 17.4320232], [78.3740777, 17.4323456]]]}, "properties": {"osm_id": 793742603, "building_type": "yes", "osm_height": null, "osm_levels": null, "name": null}}, {"type": "Feature", "geometry": {"type": "Polygon", "coordinates": [[[78.3741367, 17.4328267], [78.3741045, 17.4326476], [78.3742279, 17.4326118], [78.374303, 17.43275], [78.3741367, 17.4328267]]]}, "properties": {"osm_id": 793742604, "building_type": "yes", "osm_height": null, "osm_levels": null, "name": null}}, {"type": "Feature", "geometry": {"type": "Polygon", "coordinates": [[[78.3739221, 17.4328216], [78.3737773, 17.4325862], [78.3739382, 17.4325197], [78.3740455, 17.4326425], [78.3739221, 17.4328216]]]}, "properties": {"osm_id": 793742605, "building_type": "yes", "osm_height": null, "osm_levels": null, "name": null}}, {"type": "Feature", "geometry": {"type": "Polygon", "coordinates": [[[78.3732784, 17.4324838], [78.37345, 17.4327448], [78.3735788, 17.4326937], [78.3734554, 17.4324634], [78.3732784, 17.4324838]]]}, "properties": {"osm_id": 793742606, "building_type": "yes", "osm_height": null, "osm_levels": null, "name": null}}, {"type": "Feature", "geometry": {"type": "Polygon", "coordinates": [[[78.3729994, 17.4327039], [78.3731013, 17.4328114], [78.3732462, 17.4327141], [78.3731389, 17.4325811], [78.3729994, 17.4327039]]]}, "properties": {"osm_id": 793742607, "building_type": "yes", "osm_height": null, "osm_levels": null, "name": null}}, {"type": "Feature", "geometry": {"type": "Polygon", "coordinates": [[[78.3726615, 17.4328677], [78.3725434, 17.4327244], [78.3727151, 17.432576], [78.3727956, 17.4326322], [78.3726829, 17.4327141], [78.3727312, 17.4328063], [78.3726615, 17.4328677]]]}, "properties": {"osm_id": 793742608, "building_type": "yes", "osm_height": null, "osm_levels": null, "name": null}}, {"type": "Feature", "geometry": {"type": "Polygon", "coordinates": [[[78.3712204, 17.4322381], [78.3715262, 17.4326015], [78.3717086, 17.4324889], [78.3714243, 17.4321204], [78.3712204, 17.4322381]]]}, "properties": {"osm_id": 793742609, "building_type": "yes", "osm_height": null, "osm_levels": null, "name": null}}, {"type": "Feature", "geometry": {"type": "Polygon", "coordinates": [[[78.3711219, 17.4324531], [78.3713579, 17.4327653], [78.3715081, 17.432663], [78.3712614, 17.4323712], [78.3711219, 17.4324531]]]}, "properties": {"osm_id": 793742610, "building_type": "yes", "osm_height": null, "osm_levels": null, "name": null}}, {"type": "Feature", "geometry": {"type": "Polygon", "coordinates": [[[78.372135, 17.4333648], [78.3723335, 17.4336514], [78.3725051, 17.4335439], [78.3723174, 17.4332522], [78.372135, 17.4333648]]]}, "properties": {"osm_id": 793742611, "building_type": "yes", "osm_height": null, "osm_levels": null, "name": null}}, {"type": "Feature", "geometry": {"type": "Polygon", "coordinates": [[[78.3713633, 17.4334818], [78.3715618, 17.4336814], [78.371771, 17.4334972], [78.37161, 17.4333078], [78.3713633, 17.4334818]]]}, "properties": {"osm_id": 793742612, "building_type": "yes", "osm_height": null, "osm_levels": null, "name": null}}, {"type": "Feature", "geometry": {"type": "Polygon", "coordinates": [[[78.3704366, 17.4329291], [78.3707424, 17.4332618], [78.3710428, 17.4329496], [78.3707853, 17.4325913], [78.3706619, 17.4326527], [78.3707263, 17.4327653], [78.3704366, 17.4329291]]]}, "properties": {"osm_id": 793742613, "building_type": "yes", "osm_height": null, "osm_levels": null, "name": null}}, {"type": "Feature", "geometry": {"type": "Polygon", "coordinates": [[[78.370918, 17.4336968], [78.371138, 17.4339681], [78.3712828, 17.433835], [78.3710092, 17.4336047], [78.370918, 17.4336968]]]}, "properties": {"osm_id": 793742614, "building_type": "yes", "osm_height": null, "osm_levels": null, "name": null}}, {"type": "Feature", "geometry": {"type": "Polygon", "coordinates": [[[78.3683371, 17.4360924], [78.3684607, 17.4359819], [78.3685571, 17.4361121], [78.3684258, 17.4362104], [78.3683371, 17.4360924]]]}, "properties": {"osm_id": 793742615, "building_type": "yes", "osm_height": null, "osm_levels": null, "name": null}}, {"type": "Feature", "geometry": {"type": "Polygon", "coordinates": [[[78.3680427, 17.435529], [78.3683485, 17.4352373], [78.3685523, 17.4354881], [78.3682734, 17.4356979], [78.3680427, 17.435529]]]}, "properties": {"osm_id": 793742616, "building_type": "yes", "osm_height": null, "osm_levels": null, "name": null}}, {"type": "Feature", "geometry": {"type": "Polygon", "coordinates": [[[78.3684504, 17.4351759], [78.3689225, 17.4348023], [78.3691263, 17.4350172], [78.3686489, 17.435396], [78.3684504, 17.4351759]]]}, "properties": {"osm_id": 793742617, "building_type": "yes", "osm_height": null, "osm_levels": null, "name": null}}, {"type": "Feature", "geometry": {"type": "Polygon", "coordinates": [[[78.3695072, 17.4348074], [78.3696359, 17.4346897], [78.3697379, 17.4348125], [78.3696628, 17.4349251], [78.3695072, 17.4348074]]]}, "properties": {"osm_id": 793742618, "building_type": "yes", "osm_height": null, "osm_levels": null, "name": null}}, {"type": "Feature", "geometry": {"type": "Polygon", "coordinates": [[[78.3693833, 17.4350277], [78.3695227, 17.4351659], [78.3696622, 17.4350277], [78.3694852, 17.4348947], [78.3693833, 17.4350277]]]}, "properties": {"osm_id": 793742619, "building_type": "yes", "osm_height": null, "osm_levels": null, "name": null}}, {"type": "Feature", "geometry": {"type": "Polygon", "coordinates": [[[78.3700973, 17.43492], [78.3701831, 17.4348535], [78.3702797, 17.4349405], [78.3702099, 17.435007], [78.3700973, 17.43492]]]}, "properties": {"osm_id": 793742620, "building_type": "yes", "osm_height": null, "osm_levels": null, "name": null}}, {"type": "Feature", "geometry": {"type": "Polygon", "coordinates": [[[78.3698505, 17.4348023], [78.3699256, 17.4346948], [78.3700544, 17.4348176], [78.3699793, 17.4348995], [78.3698505, 17.4348023]]]}, "properties": {"osm_id": 793742621, "building_type": "yes", "osm_height": null, "osm_levels": null, "name": null}}, {"type": "Feature", "geometry": {"type": "Polygon", "coordinates": [[[78.370285, 17.4344798], [78.3703816, 17.4344082], [78.3705103, 17.4345617], [78.370403, 17.4346334], [78.370285, 17.4344798]]]}, "properties": {"osm_id": 793742622, "building_type": "yes", "osm_height": null, "osm_levels": null, "name": null}}, {"type": "Feature", "geometry": {"type": "Polygon", "coordinates": [[[78.3702689, 17.4342598], [78.3704191, 17.4341369], [78.3705157, 17.4342188], [78.3703655, 17.4343365], [78.3702689, 17.4342598]]]}, "properties": {"osm_id": 793742623, "building_type": "yes", "osm_height": null, "osm_levels": null, "name": null}}, {"type": "Feature", "geometry": {"type": "Polygon", "coordinates": [[[78.3697647, 17.4336661], [78.3701456, 17.4340755], [78.3702475, 17.4339936], [78.3699417, 17.4335893], [78.3697647, 17.4336661]]]}, "properties": {"osm_id": 793742624, "building_type": "yes", "osm_height": null, "osm_levels": null, "name": null}}, {"type": "Feature", "geometry": {"type": "Polygon", "coordinates": [[[78.3699202, 17.4341932], [78.3700758, 17.434357], [78.370167, 17.4342751], [78.3699954, 17.4341062], [78.3699202, 17.4341932]]]}, "properties": {"osm_id": 793742625, "building_type": "yes", "osm_height": null, "osm_levels": null, "name": null}}, {"type": "Feature", "geometry": {"type": "Polygon", "coordinates": [[[78.3695179, 17.4340397], [78.3698612, 17.4344594], [78.3699685, 17.4343775], [78.3696681, 17.4340039], [78.3695179, 17.4340397]]]}, "properties": {"osm_id": 793742626, "building_type": "yes", "osm_height": null, "osm_levels": null, "name": null}}, {"type": "Feature", "geometry": {"type": "Polygon", "coordinates": [[[78.3707571, 17.4347255], [78.370859, 17.4346692], [78.3710682, 17.4349405], [78.3709556, 17.4349507], [78.3707571, 17.4347255]]]}, "properties": {"osm_id": 793742627, "building_type": "yes", "osm_height": null, "osm_levels": null, "name": null}}, {"type": "Feature", "geometry": {"type": "Polygon", "coordinates": [[[78.3711433, 17.4347767], [78.3714437, 17.4350735], [78.3716047, 17.4349814], [78.3712533, 17.4347332], [78.3711433, 17.4347767]]]}, "properties": {"osm_id": 793742628, "building_type": "yes", "osm_height": null, "osm_levels": null, "name": null}}, {"type": "Feature", "geometry": {"type": "Polygon", "coordinates": [[[78.3712721, 17.4346846], [78.3714223, 17.4348279], [78.3716369, 17.4346641], [78.3714437, 17.4344696], [78.3712721, 17.4346846]]]}, "properties": {"osm_id": 793742629, "building_type": "yes", "osm_height": null, "osm_levels": null, "name": null}}, {"type": "Feature", "geometry": {"type": "Polygon", "coordinates": [[[78.3714652, 17.4338759], [78.3717133, 17.4341267], [78.3721733, 17.4337736], [78.3718943, 17.4335177], [78.3714652, 17.4338759]]]}, "properties": {"osm_id": 793742630, "building_type": "yes", "osm_height": null, "osm_levels": null, "name": null}}, {"type": "Feature", "geometry": {"type": "Polygon", "coordinates": [[[78.3717186, 17.4344529], [78.3719332, 17.4346474], [78.3720942, 17.4344734], [78.3719118, 17.4343608], [78.3717186, 17.4344529]]]}, "properties": {"osm_id": 793742631, "building_type": "yes", "osm_height": null, "osm_levels": null, "name": null}}, {"type": "Feature", "geometry": {"type": "Polygon", "coordinates": [[[78.3740152, 17.4347737], [78.3740184, 17.4347329], [78.373875, 17.4347227], [78.3738654, 17.4348451], [78.3739831, 17.4348536], [78.3739666, 17.4350632], [78.3738425, 17.4350543], [78.3738308, 17.4352027], [78.3739879, 17.435214], [78.3739976, 17.4350904], [78.3741426, 17.4351008], [78.3741674, 17.4347846], [78.3740152, 17.4347737]]]}, "properties": {"osm_id": 793742632, "building_type": "apartments", "osm_height": null, "osm_levels": null, "name": "NCC Urban Gardenia Tower"}}, {"type": "Feature", "geometry": {"type": "Polygon", "coordinates": [[[78.3727028, 17.4365692], [78.3723652, 17.436884], [78.3726199, 17.4371326], [78.3729575, 17.4368177], [78.3727028, 17.4365692]]]}, "properties": {"osm_id": 793742634, "building_type": "yes", "osm_height": null, "osm_levels": null, "name": null}}, {"type": "Feature", "geometry": {"type": "Polygon", "coordinates": [[[78.3708215, 17.4343161], [78.3710039, 17.4346232], [78.3712292, 17.4345208], [78.371079, 17.4342751], [78.3708215, 17.4343161]]]}, "properties": {"osm_id": 793742635, "building_type": "yes", "osm_height": null, "osm_levels": null, "name": null}}, {"type": "Feature", "geometry": {"type": "Polygon", "coordinates": [[[78.3704607, 17.4348061], [78.3708899, 17.4352975], [78.3710508, 17.4351746], [78.3706431, 17.4347243], [78.3704607, 17.4348061]]]}, "properties": {"osm_id": 793742636, "building_type": "yes", "osm_height": null, "osm_levels": null, "name": null}}, {"type": "Feature", "geometry": {"type": "Polygon", "coordinates": [[[78.3710039, 17.4352373], [78.3712506, 17.4355034], [78.3713364, 17.435442], [78.3711219, 17.4351452], [78.3710039, 17.4352373]]]}, "properties": {"osm_id": 793742637, "building_type": "yes", "osm_height": null, "osm_levels": null, "name": null}}, {"type": "Feature", "geometry": {"type": "Polygon", "coordinates": [[[78.3705096, 17.4356959], [78.3706384, 17.4358494], [78.3708422, 17.4357675], [78.3709817, 17.4355935], [78.37081, 17.435399], [78.3705096, 17.4356959]]]}, "properties": {"osm_id": 793742638, "building_type": "yes", "osm_height": null, "osm_levels": null, "name": null}}, {"type": "Feature", "geometry": {"type": "Polygon", "coordinates": [[[78.3702636, 17.4354113], [78.3704352, 17.435616], [78.3705854, 17.4354932], [78.3707785, 17.4353294], [78.3705318, 17.4351042], [78.3702636, 17.4354113]]]}, "properties": {"osm_id": 793742639, "building_type": "yes", "osm_height": null, "osm_levels": null, "name": null}}, {"type": "Feature", "geometry": {"type": "Polygon", "coordinates": [[[78.3697379, 17.4352373], [78.3699095, 17.4354216], [78.3702099, 17.4351759], [78.3700168, 17.4349814], [78.3697379, 17.4352373]]]}, "properties": {"osm_id": 793742640, "building_type": "yes", "osm_height": null, "osm_levels": null, "name": null}}, {"type": "Feature", "geometry": {"type": "Polygon", "coordinates": [[[78.3699953, 17.413628], [78.3701992, 17.4136178], [78.3701992, 17.4133516], [78.3699524, 17.4133516], [78.3699953, 17.413628]]]}, "properties": {"osm_id": 793742646, "building_type": "yes", "osm_height": null, "osm_levels": null, "name": null}}, {"type": "Feature", "geometry": {"type": "Polygon", "coordinates": [[[78.3695662, 17.4138737], [78.3698022, 17.4138737], [78.3698022, 17.4137099], [78.3695984, 17.4137099], [78.3695662, 17.4138737]]]}, "properties": {"osm_id": 793742647, "building_type": "yes", "osm_height": null, "osm_levels": null, "name": null}}, {"type": "Feature", "geometry": {"type": "Polygon", "coordinates": [[[78.3696306, 17.4145801], [78.3697593, 17.4145801], [78.3697271, 17.4142422], [78.3695769, 17.4142422], [78.3696306, 17.4145801]]]}, "properties": {"osm_id": 793742648, "building_type": "yes", "osm_height": null, "osm_levels": null, "name": null}}, {"type": "Feature", "geometry": {"type": "Polygon", "coordinates": [[[78.3714008, 17.4139249], [78.3716476, 17.4138839], [78.3716047, 17.4135154], [78.3713043, 17.4135461], [78.3714008, 17.4139249]]]}, "properties": {"osm_id": 793742649, "building_type": "yes", "osm_height": null, "osm_levels": null, "name": null}}, {"type": "Feature", "geometry": {"type": "Polygon", "coordinates": [[[78.3714437, 17.4146005], [78.3716905, 17.4146005], [78.3716905, 17.4143856], [78.3714545, 17.4143856], [78.3714437, 17.4146005]]]}, "properties": {"osm_id": 793742650, "building_type": "yes", "osm_height": null, "osm_levels": null, "name": null}}, {"type": "Feature", "geometry": {"type": "Polygon", "coordinates": [[[78.3714437, 17.4142627], [78.37183, 17.4142627], [78.3716047, 17.414058], [78.3713794, 17.4141501], [78.3714437, 17.4142627]]]}, "properties": {"osm_id": 793742651, "building_type": "yes", "osm_height": null, "osm_levels": null, "name": null}}, {"type": "Feature", "geometry": {"type": "Polygon", "coordinates": [[[78.3708644, 17.4139454], [78.3712506, 17.4139454], [78.3711433, 17.4134438], [78.3708322, 17.4134438], [78.3708644, 17.4139454]]]}, "properties": {"osm_id": 793742652, "building_type": "yes", "osm_height": null, "osm_levels": null, "name": null}}, {"type": "Feature", "geometry": {"type": "Polygon", "coordinates": [[[78.3703716, 17.4137838], [78.3707153, 17.4137544], [78.3706894, 17.4135078], [78.3703456, 17.4135424], [78.3703716, 17.4137838]]]}, "properties": {"osm_id": 793742653, "building_type": "yes", "osm_height": null, "osm_levels": null, "name": null}}, {"type": "Feature", "geometry": {"type": "Polygon", "coordinates": [[[78.3750695, 17.416554], [78.3752103, 17.4165486], [78.3752008, 17.4163241], [78.37506, 17.4163295], [78.3750695, 17.416554]]]}, "properties": {"osm_id": 793742654, "building_type": "yes", "osm_height": null, "osm_levels": null, "name": null}}, {"type": "Feature", "geometry": {"type": "Polygon", "coordinates": [[[78.3737007, 17.4162977], [78.3737388, 17.416125], [78.3739951, 17.4161721], [78.3739451, 17.4163388], [78.3737007, 17.4162977]]]}, "properties": {"osm_id": 793742655, "building_type": "apartments", "osm_height": null, "osm_levels": null, "name": null}}, {"type": "Feature", "geometry": {"type": "Polygon", "coordinates": [[[78.3726916, 17.4156773], [78.3730068, 17.4157423], [78.3730452, 17.4155655], [78.3727391, 17.4155049], [78.3726916, 17.4156773]]]}, "properties": {"osm_id": 793742656, "building_type": "apartments", "osm_height": null, "osm_levels": null, "name": null}}, {"type": "Feature", "geometry": {"type": "Polygon", "coordinates": [[[78.373164, 17.4163233], [78.373213, 17.4161312], [78.3733193, 17.4161559], [78.3732703, 17.416348], [78.373164, 17.4163233]]]}, "properties": {"osm_id": 793742657, "building_type": "apartments", "osm_height": null, "osm_levels": null, "name": null}}, {"type": "Feature", "geometry": {"type": "Polygon", "coordinates": [[[78.3725421, 17.4164845], [78.3726517, 17.4165057], [78.3727332, 17.416122], [78.3726236, 17.4161008], [78.3725421, 17.4164845]]]}, "properties": {"osm_id": 793742658, "building_type": "apartments", "osm_height": null, "osm_levels": null, "name": null}}, {"type": "Feature", "geometry": {"type": "Polygon", "coordinates": [[[78.3728459, 17.4168365], [78.3731779, 17.4169065], [78.3732233, 17.4167185], [78.3728923, 17.4166386], [78.3728459, 17.4168365]]]}, "properties": {"osm_id": 793742659, "building_type": "apartments", "osm_height": null, "osm_levels": null, "name": null}}, {"type": "Feature", "geometry": {"type": "Polygon", "coordinates": [[[78.3724449, 17.4169469], [78.3726817, 17.4169941], [78.3727117, 17.416857], [78.3724749, 17.4168098], [78.3724449, 17.4169469]]]}, "properties": {"osm_id": 793742660, "building_type": "apartments", "osm_height": null, "osm_levels": null, "name": null}}, {"type": "Feature", "geometry": {"type": "Polygon", "coordinates": [[[78.3690904, 17.4158502], [78.3694146, 17.415821], [78.3694563, 17.4152797], [78.3689842, 17.4152797], [78.3690904, 17.4158502]]]}, "properties": {"osm_id": 793742662, "building_type": "yes", "osm_height": null, "osm_levels": null, "name": null}}, {"type": "Feature", "geometry": {"type": "Polygon", "coordinates": [[[78.3690405, 17.4150715], [78.3693731, 17.4150715], [78.3693516, 17.4148462], [78.3689976, 17.4148462], [78.3690405, 17.4150715]]]}, "properties": {"osm_id": 793742663, "building_type": "yes", "osm_height": null, "osm_levels": null, "name": null}}, {"type": "Feature", "geometry": {"type": "Polygon", "coordinates": [[[78.3700542, 17.4147819], [78.3702903, 17.4147512], [78.3702688, 17.4144646], [78.3699899, 17.4144646], [78.3700542, 17.4147819]]]}, "properties": {"osm_id": 793742664, "building_type": "yes", "osm_height": null, "osm_levels": null, "name": null}}, {"type": "Feature", "geometry": {"type": "Polygon", "coordinates": [[[78.3724737, 17.4134591], [78.3724737, 17.4130752], [78.372758, 17.4130343], [78.3727902, 17.4134693], [78.3724737, 17.4134591]]]}, "properties": {"osm_id": 793742665, "building_type": "yes", "osm_height": null, "osm_levels": null, "name": null}}, {"type": "Feature", "geometry": {"type": "Polygon", "coordinates": [[[78.3708113, 17.413229], [78.3710956, 17.413229], [78.3710795, 17.4126557], [78.3707684, 17.4127069], [78.3708113, 17.413229]]]}, "properties": {"osm_id": 793742666, "building_type": "yes", "osm_height": null, "osm_levels": null, "name": null}}, {"type": "Feature", "geometry": {"type": "Polygon", "coordinates": [[[78.3716741, 17.4131768], [78.371953, 17.4131716], [78.3718994, 17.4123476], [78.3716097, 17.4123731], [78.3716741, 17.4131768]]]}, "properties": {"osm_id": 793742667, "building_type": "yes", "osm_height": null, "osm_levels": null, "name": null}}, {"type": "Feature", "geometry": {"type": "Polygon", "coordinates": [[[78.3739107, 17.4158934], [78.3738654, 17.4160566], [78.3739723, 17.4160778], [78.3740137, 17.4159146], [78.3739107, 17.4158934]]]}, "properties": {"osm_id": 807369858, "building_type": "apartments", "osm_height": null, "osm_levels": null, "name": null}}, {"type": "Feature", "geometry": {"type": "Polygon", "coordinates": [[[78.3732296, 17.4159738], [78.3733845, 17.4160108], [78.373427, 17.4158319], [78.3732694, 17.4157975], [78.3732296, 17.4159738]]]}, "properties": {"osm_id": 807369859, "building_type": "apartments", "osm_height": null, "osm_levels": null, "name": null}}, {"type": "Feature", "geometry": {"type": "Polygon", "coordinates": [[[78.3770799, 17.4305749], [78.3771987, 17.4305893], [78.3771968, 17.4306035], [78.3772864, 17.4306143], [78.3772883, 17.4306002], [78.3774017, 17.430614], [78.3774242, 17.4304457], [78.3773171, 17.4304327], [78.3773187, 17.4304211], [78.3771038, 17.430395], [78.3770799, 17.4305749]]]}, "properties": {"osm_id": 820206332, "building_type": "yes", "osm_height": null, "osm_levels": 30, "name": null}}, {"type": "Feature", "geometry": {"type": "Polygon", "coordinates": [[[78.3774496, 17.4335971], [78.3774616, 17.4335004], [78.3763169, 17.4333708], [78.3763048, 17.4334675], [78.3774496, 17.4335971]]]}, "properties": {"osm_id": 820206333, "building_type": "yes", "osm_height": null, "osm_levels": null, "name": null}}, {"type": "Feature", "geometry": {"type": "Polygon", "coordinates": [[[78.3778002, 17.431672], [78.3776383, 17.4316475], [78.3776241, 17.4317326], [78.3775679, 17.4317241], [78.3775821, 17.4316391], [78.3774066, 17.4316125], [78.3773792, 17.4317773], [78.3775816, 17.4318079], [78.3775756, 17.4318444], [78.3775047, 17.4318337], [78.3774718, 17.4320315], [78.3775427, 17.4320422], [78.3775327, 17.4321025], [78.3773491, 17.4320747], [78.3773236, 17.4322283], [78.3777016, 17.4322855], [78.3777267, 17.4321341], [78.3775794, 17.4321118], [78.3775969, 17.4320061], [78.3777351, 17.432027], [78.377754, 17.4319133], [78.3776158, 17.4318924], [78.3776287, 17.431815], [78.3777728, 17.4318368], [78.3778002, 17.431672]]]}, "properties": {"osm_id": 820206334, "building_type": "yes", "osm_height": null, "osm_levels": 35, "name": null}}, {"type": "Feature", "geometry": {"type": "Polygon", "coordinates": [[[78.377233, 17.4331774], [78.3774075, 17.4332029], [78.3774021, 17.433236], [78.3775556, 17.4332584], [78.3775797, 17.4331086], [78.3774302, 17.4330867], [78.3774399, 17.4330265], [78.3775792, 17.4330469], [78.3776, 17.4329173], [78.3774607, 17.432897], [78.3774718, 17.4328278], [78.3776119, 17.4328483], [78.3776337, 17.4327123], [78.3774937, 17.4326918], [78.3774974, 17.4326686], [78.3776395, 17.4326894], [78.3776648, 17.4325321], [78.3774979, 17.4325077], [78.3774928, 17.4325395], [78.3773155, 17.4325135], [78.3772956, 17.4326378], [78.3774644, 17.4326625], [78.3774608, 17.4326847], [78.3773749, 17.4326722], [78.3773575, 17.4327804], [78.3773106, 17.4327736], [78.3773279, 17.4326656], [78.3771634, 17.4326416], [78.3771383, 17.4327979], [78.3773259, 17.4328254], [78.3773285, 17.432809], [78.3774383, 17.4328251], [78.3774286, 17.4328852], [78.3773418, 17.4328725], [78.377328, 17.4329581], [78.377289, 17.4329524], [78.3773028, 17.4328667], [78.3771365, 17.4328424], [78.3771102, 17.4330063], [78.3774023, 17.433049], [78.377397, 17.4330819], [78.3772518, 17.4330606], [78.377233, 17.4331774]]]}, "properties": {"osm_id": 820206335, "building_type": "yes", "osm_height": null, "osm_levels": 35, "name": null}}, {"type": "Feature", "geometry": {"type": "Polygon", "coordinates": [[[78.3768457, 17.4315351], [78.3766838, 17.4315106], [78.3766697, 17.4315957], [78.3766135, 17.4315872], [78.3766276, 17.4315021], [78.3764521, 17.4314756], [78.3764247, 17.4316403], [78.3766272, 17.4316709], [78.3766211, 17.4317075], [78.3765502, 17.4316968], [78.3765174, 17.4318946], [78.3765883, 17.4319053], [78.3765783, 17.4319655], [78.3763946, 17.4319378], [78.3763691, 17.4320913], [78.3767471, 17.4321485], [78.3767723, 17.4319971], [78.3766249, 17.4319749], [78.3766425, 17.4318691], [78.3767806, 17.43189], [78.3767995, 17.4317764], [78.3766614, 17.4317555], [78.3766742, 17.431678], [78.3768184, 17.4316998], [78.3768457, 17.4315351]]]}, "properties": {"osm_id": 820206336, "building_type": "yes", "osm_height": null, "osm_levels": 35, "name": null}}, {"type": "Feature", "geometry": {"type": "Polygon", "coordinates": [[[78.3765371, 17.4331136], [78.3763629, 17.4330865], [78.3763573, 17.4331196], [78.3762041, 17.4330957], [78.3762296, 17.4329461], [78.3763789, 17.4329693], [78.3763891, 17.4329092], [78.3762501, 17.4328876], [78.3762722, 17.4327582], [78.3764112, 17.4327799], [78.376423, 17.4327108], [78.3762832, 17.432689], [78.3763064, 17.4325532], [78.3764462, 17.432575], [78.3764501, 17.4325518], [78.3763082, 17.4325298], [78.376335, 17.4323727], [78.3765017, 17.4323986], [78.3764963, 17.4324304], [78.3766733, 17.4324579], [78.3766521, 17.4325819], [78.3764835, 17.4325557], [78.3764797, 17.4325779], [78.3765655, 17.4325913], [78.3765471, 17.4326994], [78.3765939, 17.4327067], [78.3766123, 17.4325989], [78.3767766, 17.4326244], [78.3767499, 17.4327806], [78.3765626, 17.4327515], [78.3765654, 17.4327351], [78.3764558, 17.4327181], [78.3764455, 17.4327781], [78.3765323, 17.4327915], [78.3765177, 17.4328771], [78.3765566, 17.4328831], [78.3765712, 17.4327976], [78.3767372, 17.4328234], [78.3767093, 17.432987], [78.3764176, 17.4329417], [78.376412, 17.4329745], [78.376557, 17.432997], [78.3765371, 17.4331136]]]}, "properties": {"osm_id": 820206337, "building_type": "yes", "osm_height": null, "osm_levels": 35, "name": null}}, {"type": "Feature", "geometry": {"type": "Polygon", "coordinates": [[[78.3768214, 17.431262], [78.3766472, 17.4312349], [78.3766415, 17.431268], [78.3764883, 17.4312441], [78.3765139, 17.4310945], [78.3766631, 17.4311177], [78.3766734, 17.4310576], [78.3765343, 17.431036], [78.3765564, 17.4309066], [78.3766954, 17.4309283], [78.3767072, 17.4308592], [78.3765674, 17.4308374], [78.3765906, 17.4307016], [78.3767304, 17.4307234], [78.3767344, 17.4307002], [78.3765925, 17.4306782], [78.3766193, 17.4305211], [78.376786, 17.430547], [78.3767806, 17.4305788], [78.3769575, 17.4306063], [78.3769364, 17.4307303], [78.3767677, 17.4307041], [78.376764, 17.4307263], [78.3768498, 17.4307397], [78.3768313, 17.4308478], [78.3768781, 17.4308551], [78.3768965, 17.4307473], [78.3770608, 17.4307728], [78.3770341, 17.430929], [78.3768469, 17.4308999], [78.3768497, 17.4308835], [78.37674, 17.4308665], [78.3767298, 17.4309265], [78.3768165, 17.4309399], [78.3768019, 17.4310255], [78.3768408, 17.4310315], [78.3768554, 17.430946], [78.3770214, 17.4309718], [78.3769935, 17.4311354], [78.3767019, 17.4310901], [78.3766963, 17.4311229], [78.3768413, 17.4311454], [78.3768214, 17.431262]]]}, "properties": {"osm_id": 820206338, "building_type": "yes", "osm_height": null, "osm_levels": 35, "name": null}}, {"type": "Feature", "geometry": {"type": "Polygon", "coordinates": [[[78.3775297, 17.4313713], [78.3777041, 17.4313968], [78.3776988, 17.4314299], [78.3778523, 17.4314523], [78.3778763, 17.4313025], [78.3777269, 17.4312807], [78.3777366, 17.4312204], [78.3778758, 17.4312408], [78.3778967, 17.4311113], [78.3777574, 17.4310909], [78.3777685, 17.4310217], [78.3779085, 17.4310422], [78.3779304, 17.4309062], [78.3777904, 17.4308857], [78.3777941, 17.4308625], [78.3779362, 17.4308833], [78.3779615, 17.430726], [78.3777946, 17.4307016], [78.3777895, 17.4307334], [78.3776122, 17.4307075], [78.3775922, 17.4308317], [78.3777611, 17.4308564], [78.3777575, 17.4308787], [78.3776716, 17.4308661], [78.3776542, 17.4309744], [78.3776073, 17.4309675], [78.3776246, 17.4308596], [78.3774601, 17.4308355], [78.377435, 17.4309919], [78.3776226, 17.4310193], [78.3776252, 17.4310029], [78.377735, 17.431019], [78.3777253, 17.4310791], [78.3776385, 17.4310664], [78.3776247, 17.431152], [78.3775857, 17.4311463], [78.3775995, 17.4310607], [78.3774332, 17.4310363], [78.3774069, 17.4312002], [78.377699, 17.4312429], [78.3776937, 17.4312758], [78.3775484, 17.4312545], [78.3775297, 17.4313713]]]}, "properties": {"osm_id": 820206339, "building_type": "yes", "osm_height": null, "osm_levels": 35, "name": null}}, {"type": "Feature", "geometry": {"type": "Polygon", "coordinates": [[[78.3831874, 17.4344411], [78.3833989, 17.4342734], [78.3826242, 17.4333843], [78.3823348, 17.4336138], [78.3828542, 17.4342099], [78.3829321, 17.4341481], [78.3831874, 17.4344411]]]}, "properties": {"osm_id": 852979201, "building_type": "commercial", "osm_height": null, "osm_levels": null, "name": "Salapuria Sattva Knowledge City"}}, {"type": "Feature", "geometry": {"type": "Polygon", "coordinates": [[[78.3825083, 17.4350198], [78.3828727, 17.4347308], [78.3826641, 17.4344914], [78.3825244, 17.4346023], [78.3818168, 17.4337902], [78.3820433, 17.4336105], [78.3817042, 17.4332213], [78.381253, 17.4335791], [78.3825083, 17.4350198]]]}, "properties": {"osm_id": 852979202, "building_type": "commercial", "osm_height": null, "osm_levels": null, "name": "Salapuria Sattva Knowledge City"}}, {"type": "Feature", "geometry": {"type": "Polygon", "coordinates": [[[78.3755583, 17.4371514], [78.3769155, 17.4359641], [78.3766677, 17.4357063], [78.3753105, 17.4368936], [78.3755583, 17.4371514]]]}, "properties": {"osm_id": 852979203, "building_type": "yes", "osm_height": null, "osm_levels": 25, "name": "Galaxy By Auro Reality"}}, {"type": "Feature", "geometry": {"type": "Polygon", "coordinates": [[[78.3672863, 17.4243613], [78.3673352, 17.4244538], [78.3675162, 17.4243668], [78.3674674, 17.4242743], [78.3672863, 17.4243613]]]}, "properties": {"osm_id": 855227530, "building_type": "yes", "osm_height": null, "osm_levels": null, "name": null}}, {"type": "Feature", "geometry": {"type": "Polygon", "coordinates": [[[78.3675063, 17.4290406], [78.3675906, 17.4291304], [78.3677596, 17.4289858], [78.3676752, 17.428896], [78.3675063, 17.4290406]]]}, "properties": {"osm_id": 855239480, "building_type": "yes", "osm_height": null, "osm_levels": null, "name": null}}, {"type": "Feature", "geometry": {"type": "Polygon", "coordinates": [[[78.3689305, 17.4284623], [78.3690338, 17.4286606], [78.3691157, 17.4286218], [78.3690125, 17.4284234], [78.3689305, 17.4284623]]]}, "properties": {"osm_id": 855239481, "building_type": "yes", "osm_height": null, "osm_levels": null, "name": null}}, {"type": "Feature", "geometry": {"type": "Polygon", "coordinates": [[[78.3687884, 17.4285493], [78.3689024, 17.4287566], [78.3690065, 17.4287044], [78.3688926, 17.4284971], [78.3687884, 17.4285493]]]}, "properties": {"osm_id": 855239482, "building_type": "yes", "osm_height": null, "osm_levels": null, "name": null}}, {"type": "Feature", "geometry": {"type": "Polygon", "coordinates": [[[78.3686408, 17.4286158], [78.3687535, 17.4288308], [78.368872, 17.4287742], [78.3687594, 17.4285593], [78.3686408, 17.4286158]]]}, "properties": {"osm_id": 855239483, "building_type": "yes", "osm_height": null, "osm_levels": null, "name": null}}, {"type": "Feature", "geometry": {"type": "Polygon", "coordinates": [[[78.3685108, 17.4286888], [78.3685765, 17.4288078], [78.3686772, 17.4287571], [78.3686115, 17.4286381], [78.3685108, 17.4286888]]]}, "properties": {"osm_id": 855239484, "building_type": "yes", "osm_height": null, "osm_levels": null, "name": null}}, {"type": "Feature", "geometry": {"type": "Polygon", "coordinates": [[[78.3708094, 17.4287156], [78.3709234, 17.4286529], [78.3707542, 17.4283729], [78.3706402, 17.4284356], [78.3708094, 17.4287156]]]}, "properties": {"osm_id": 855239485, "building_type": "yes", "osm_height": null, "osm_levels": null, "name": null}}, {"type": "Feature", "geometry": {"type": "Polygon", "coordinates": [[[78.3695434, 17.4294629], [78.3696138, 17.429546], [78.3697208, 17.4294636], [78.3696504, 17.4293804], [78.3695434, 17.4294629]]]}, "properties": {"osm_id": 855239486, "building_type": "yes", "osm_height": null, "osm_levels": null, "name": null}}, {"type": "Feature", "geometry": {"type": "Polygon", "coordinates": [[[78.3694851, 17.4295761], [78.3695084, 17.4296081], [78.3695614, 17.4295729], [78.369538, 17.4295409], [78.3694851, 17.4295761]]]}, "properties": {"osm_id": 855239487, "building_type": "yes", "osm_height": null, "osm_levels": null, "name": null}}, {"type": "Feature", "geometry": {"type": "Polygon", "coordinates": [[[78.3693992, 17.4296497], [78.3694263, 17.4296803], [78.3694699, 17.4296451], [78.3694428, 17.4296145], [78.3693992, 17.4296497]]]}, "properties": {"osm_id": 855239488, "building_type": "yes", "osm_height": null, "osm_levels": null, "name": null}}, {"type": "Feature", "geometry": {"type": "Polygon", "coordinates": [[[78.3711735, 17.4304686], [78.3713096, 17.4303809], [78.3712008, 17.430227], [78.3710646, 17.4303147], [78.3711735, 17.4304686]]]}, "properties": {"osm_id": 855380272, "building_type": "yes", "osm_height": null, "osm_levels": null, "name": null}}, {"type": "Feature", "geometry": {"type": "Polygon", "coordinates": [[[78.3717643, 17.4303547], [78.3718675, 17.4302933], [78.3717464, 17.4301078], [78.3716431, 17.4301692], [78.3717643, 17.4303547]]]}, "properties": {"osm_id": 855380273, "building_type": "yes", "osm_height": null, "osm_levels": null, "name": null}}, {"type": "Feature", "geometry": {"type": "Polygon", "coordinates": [[[78.3733508, 17.4290675], [78.3734554, 17.4293477], [78.3736863, 17.4292693], [78.3735817, 17.4289891], [78.3733508, 17.4290675]]]}, "properties": {"osm_id": 855380274, "building_type": "yes", "osm_height": null, "osm_levels": null, "name": null}}, {"type": "Feature", "geometry": {"type": "Polygon", "coordinates": [[[78.373324, 17.428882], [78.3735171, 17.4288116], [78.3734778, 17.4287134], [78.3732847, 17.4287838], [78.373324, 17.428882]]]}, "properties": {"osm_id": 855380275, "building_type": "yes", "osm_height": null, "osm_levels": null, "name": null}}, {"type": "Feature", "geometry": {"type": "Polygon", "coordinates": [[[78.3700741, 17.4301854], [78.3701776, 17.4303006], [78.3702325, 17.4302557], [78.370129, 17.4301405], [78.3700741, 17.4301854]]]}, "properties": {"osm_id": 855380276, "building_type": "yes", "osm_height": null, "osm_levels": null, "name": null}}, {"type": "Feature", "geometry": {"type": "Polygon", "coordinates": [[[78.3698961, 17.4302076], [78.36996, 17.4302787], [78.3700741, 17.4301854], [78.370129, 17.4301405], [78.3700651, 17.4300694], [78.3698961, 17.4302076]]]}, "properties": {"osm_id": 855380277, "building_type": "yes", "osm_height": null, "osm_levels": null, "name": null}}, {"type": "Feature", "geometry": {"type": "Polygon", "coordinates": [[[78.3704138, 17.429651], [78.3705043, 17.4295851], [78.3704257, 17.4294868], [78.3703352, 17.4295527], [78.3704138, 17.429651]]]}, "properties": {"osm_id": 855380278, "building_type": "yes", "osm_height": null, "osm_levels": 5, "name": null}}, {"type": "Feature", "geometry": {"type": "Polygon", "coordinates": [[[78.3702844, 17.4297457], [78.3703876, 17.4296695], [78.3702935, 17.4295533], [78.3701902, 17.4296294], [78.3702844, 17.4297457]]]}, "properties": {"osm_id": 855380279, "building_type": "yes", "osm_height": null, "osm_levels": 5, "name": null}}, {"type": "Feature", "geometry": {"type": "Polygon", "coordinates": [[[78.3701368, 17.4298742], [78.370273, 17.4297712], [78.3701627, 17.4296386], [78.3700266, 17.4297416], [78.3701368, 17.4298742]]]}, "properties": {"osm_id": 855380280, "building_type": "yes", "osm_height": null, "osm_levels": 5, "name": null}}, {"type": "Feature", "geometry": {"type": "Polygon", "coordinates": [[[78.3699819, 17.4299715], [78.3701, 17.4298902], [78.3700061, 17.4297661], [78.369888, 17.4298473], [78.3699819, 17.4299715]]]}, "properties": {"osm_id": 855380281, "building_type": "yes", "osm_height": null, "osm_levels": 5, "name": null}}, {"type": "Feature", "geometry": {"type": "Polygon", "coordinates": [[[78.3709985, 17.4282793], [78.3709968, 17.4283649], [78.3712127, 17.4283688], [78.3712144, 17.4282831], [78.3709985, 17.4282793]]]}, "properties": {"osm_id": 855380282, "building_type": "yes", "osm_height": null, "osm_levels": null, "name": null}}, {"type": "Feature", "geometry": {"type": "Polygon", "coordinates": [[[78.3686449, 17.4270957], [78.3687106, 17.4273197], [78.3688293, 17.4272879], [78.3687636, 17.427064], [78.3686449, 17.4270957]]]}, "properties": {"osm_id": 855380283, "building_type": "yes", "osm_height": null, "osm_levels": null, "name": null}}, {"type": "Feature", "geometry": {"type": "Polygon", "coordinates": [[[78.3723647, 17.4197892], [78.3725973, 17.4197071], [78.3723865, 17.4191632], [78.3721539, 17.4192453], [78.3723647, 17.4197892]]]}, "properties": {"osm_id": 856344745, "building_type": "yes", "osm_height": null, "osm_levels": null, "name": null}}, {"type": "Feature", "geometry": {"type": "Polygon", "coordinates": [[[78.3678053, 17.4184759], [78.3678062, 17.4185334], [78.3678531, 17.4185327], [78.3678523, 17.4184752], [78.3678053, 17.4184759]]]}, "properties": {"osm_id": 856344746, "building_type": "yes", "osm_height": null, "osm_levels": null, "name": null}}, {"type": "Feature", "geometry": {"type": "Polygon", "coordinates": [[[78.3677973, 17.4184164], [78.3677986, 17.4184631], [78.3678358, 17.4184621], [78.3678345, 17.4184154], [78.3677973, 17.4184164]]]}, "properties": {"osm_id": 856344747, "building_type": "yes", "osm_height": null, "osm_levels": null, "name": null}}, {"type": "Feature", "geometry": {"type": "Polygon", "coordinates": [[[78.3677483, 17.4182471], [78.3677456, 17.418303], [78.3678455, 17.4183075], [78.3678482, 17.4182516], [78.3677483, 17.4182471]]]}, "properties": {"osm_id": 856344748, "building_type": "yes", "osm_height": null, "osm_levels": null, "name": null}}, {"type": "Feature", "geometry": {"type": "Polygon", "coordinates": [[[78.3685309, 17.4188815], [78.3685345, 17.4189316], [78.3686022, 17.4189271], [78.3685986, 17.418877], [78.3685309, 17.4188815]]]}, "properties": {"osm_id": 856344749, "building_type": "yes", "osm_height": null, "osm_levels": null, "name": null}}, {"type": "Feature", "geometry": {"type": "Polygon", "coordinates": [[[78.3684752, 17.4188732], [78.3685952, 17.4188687], [78.3685926, 17.418805], [78.3684726, 17.4188095], [78.3684752, 17.4188732]]]}, "properties": {"osm_id": 856344750, "building_type": "yes", "osm_height": null, "osm_levels": null, "name": null}}, {"type": "Feature", "geometry": {"type": "Polygon", "coordinates": [[[78.3682416, 17.4189464], [78.3683247, 17.4189432], [78.3683201, 17.4188331], [78.3682369, 17.4188363], [78.3682416, 17.4189464]]]}, "properties": {"osm_id": 856344751, "building_type": "yes", "osm_height": null, "osm_levels": null, "name": null}}, {"type": "Feature", "geometry": {"type": "Polygon", "coordinates": [[[78.3676538, 17.4198681], [78.3676523, 17.419898], [78.3677079, 17.4199005], [78.3677094, 17.4198706], [78.3676538, 17.4198681]]]}, "properties": {"osm_id": 856344752, "building_type": "yes", "osm_height": null, "osm_levels": null, "name": null}}, {"type": "Feature", "geometry": {"type": "Polygon", "coordinates": [[[78.367222, 17.4197062], [78.367222, 17.4197644], [78.3672843, 17.4197644], [78.3672843, 17.4197062], [78.367222, 17.4197062]]]}, "properties": {"osm_id": 856344753, "building_type": "yes", "osm_height": null, "osm_levels": null, "name": null}}, {"type": "Feature", "geometry": {"type": "Polygon", "coordinates": [[[78.3674506, 17.4196755], [78.3674526, 17.4197047], [78.3674935, 17.4197021], [78.3674915, 17.4196729], [78.3674506, 17.4196755]]]}, "properties": {"osm_id": 856344754, "building_type": "yes", "osm_height": null, "osm_levels": null, "name": null}}, {"type": "Feature", "geometry": {"type": "Polygon", "coordinates": [[[78.3675522, 17.4196982], [78.3675643, 17.4197667], [78.3676082, 17.4197597], [78.3675961, 17.4196912], [78.3675522, 17.4196982]]]}, "properties": {"osm_id": 856344755, "building_type": "yes", "osm_height": null, "osm_levels": null, "name": null}}, {"type": "Feature", "geometry": {"type": "Polygon", "coordinates": [[[78.3678821, 17.4194612], [78.3678858, 17.419491], [78.3679173, 17.4194875], [78.3679136, 17.4194576], [78.3678821, 17.4194612]]]}, "properties": {"osm_id": 856344756, "building_type": "yes", "osm_height": null, "osm_levels": null, "name": null}}, {"type": "Feature", "geometry": {"type": "Polygon", "coordinates": [[[78.3678865, 17.4195024], [78.3678885, 17.4195346], [78.3679824, 17.4195292], [78.3679803, 17.419497], [78.3678865, 17.4195024]]]}, "properties": {"osm_id": 856344757, "building_type": "yes", "osm_height": null, "osm_levels": null, "name": null}}, {"type": "Feature", "geometry": {"type": "Polygon", "coordinates": [[[78.3678623, 17.4193281], [78.3678642, 17.4193669], [78.3679212, 17.4193643], [78.3679193, 17.4193255], [78.3678623, 17.4193281]]]}, "properties": {"osm_id": 856344758, "building_type": "yes", "osm_height": null, "osm_levels": null, "name": null}}, {"type": "Feature", "geometry": {"type": "Polygon", "coordinates": [[[78.3678677, 17.4193844], [78.3678737, 17.4194554], [78.3679076, 17.4194528], [78.3679015, 17.4193818], [78.3678677, 17.4193844]]]}, "properties": {"osm_id": 856344759, "building_type": "yes", "osm_height": null, "osm_levels": null, "name": null}}, {"type": "Feature", "geometry": {"type": "Polygon", "coordinates": [[[78.3673085, 17.4193326], [78.3673098, 17.4193754], [78.3673457, 17.4193744], [78.3673443, 17.4193315], [78.3673085, 17.4193326]]]}, "properties": {"osm_id": 856344760, "building_type": "yes", "osm_height": null, "osm_levels": null, "name": null}}, {"type": "Feature", "geometry": {"type": "Polygon", "coordinates": [[[78.3672863, 17.4193889], [78.3672863, 17.4194356], [78.3673433, 17.4194356], [78.3673433, 17.4193889], [78.3672863, 17.4193889]]]}, "properties": {"osm_id": 856344761, "building_type": "yes", "osm_height": null, "osm_levels": null, "name": null}}, {"type": "Feature", "geometry": {"type": "Polygon", "coordinates": [[[78.3673943, 17.4194349], [78.3673949, 17.4194656], [78.3674327, 17.4194649], [78.367432, 17.4194342], [78.3673943, 17.4194349]]]}, "properties": {"osm_id": 856344762, "building_type": "yes", "osm_height": null, "osm_levels": null, "name": null}}, {"type": "Feature", "geometry": {"type": "Polygon", "coordinates": [[[78.3673608, 17.4194356], [78.3673614, 17.4194663], [78.3673949, 17.4194656], [78.3673943, 17.4194349], [78.3673608, 17.4194356]]]}, "properties": {"osm_id": 856344763, "building_type": "yes", "osm_height": null, "osm_levels": null, "name": null}}, {"type": "Feature", "geometry": {"type": "Polygon", "coordinates": [[[78.3673869, 17.4195021], [78.3673875, 17.4195495], [78.3674465, 17.4195489], [78.3674459, 17.4195015], [78.3673869, 17.4195021]]]}, "properties": {"osm_id": 856344764, "building_type": "yes", "osm_height": null, "osm_levels": null, "name": null}}, {"type": "Feature", "geometry": {"type": "Polygon", "coordinates": [[[78.3676233, 17.4194566], [78.3676326, 17.4195193], [78.3677038, 17.4195096], [78.3676944, 17.4194469], [78.3676233, 17.4194566]]]}, "properties": {"osm_id": 856344765, "building_type": "yes", "osm_height": null, "osm_levels": null, "name": null}}, {"type": "Feature", "geometry": {"type": "Polygon", "coordinates": [[[78.367574, 17.4193735], [78.3675747, 17.4194567], [78.3676157, 17.4194564], [78.3676151, 17.4193732], [78.367574, 17.4193735]]]}, "properties": {"osm_id": 856344766, "building_type": "yes", "osm_height": null, "osm_levels": null, "name": null}}, {"type": "Feature", "geometry": {"type": "Polygon", "coordinates": [[[78.367568, 17.4194727], [78.3675673, 17.4195187], [78.3676087, 17.4195193], [78.3676093, 17.4194732], [78.367568, 17.4194727]]]}, "properties": {"osm_id": 856344767, "building_type": "yes", "osm_height": null, "osm_levels": null, "name": null}}, {"type": "Feature", "geometry": {"type": "Polygon", "coordinates": [[[78.3675975, 17.4195463], [78.3676048, 17.4195853], [78.3676661, 17.4195747], [78.3676587, 17.4195357], [78.3675975, 17.4195463]]]}, "properties": {"osm_id": 856344768, "building_type": "yes", "osm_height": null, "osm_levels": null, "name": null}}, {"type": "Feature", "geometry": {"type": "Polygon", "coordinates": [[[78.3677591, 17.4195232], [78.3677617, 17.4195527], [78.3678319, 17.4195468], [78.3678292, 17.4195174], [78.3677591, 17.4195232]]]}, "properties": {"osm_id": 856344769, "building_type": "yes", "osm_height": null, "osm_levels": null, "name": null}}, {"type": "Feature", "geometry": {"type": "Polygon", "coordinates": [[[78.3677215, 17.4197196], [78.3677215, 17.4197638], [78.3677745, 17.4197638], [78.3677745, 17.4197196], [78.3677215, 17.4197196]]]}, "properties": {"osm_id": 856344770, "building_type": "yes", "osm_height": null, "osm_levels": null, "name": null}}, {"type": "Feature", "geometry": {"type": "Polygon", "coordinates": [[[78.3677081, 17.4196589], [78.3677095, 17.4196864], [78.3677645, 17.4196838], [78.3677631, 17.4196563], [78.3677081, 17.4196589]]]}, "properties": {"osm_id": 856344771, "building_type": "yes", "osm_height": null, "osm_levels": null, "name": null}}, {"type": "Feature", "geometry": {"type": "Polygon", "coordinates": [[[78.367694, 17.4195322], [78.3677041, 17.4196448], [78.3677488, 17.4196411], [78.3677387, 17.4195285], [78.367694, 17.4195322]]]}, "properties": {"osm_id": 856344772, "building_type": "yes", "osm_height": null, "osm_levels": null, "name": null}}, {"type": "Feature", "geometry": {"type": "Polygon", "coordinates": [[[78.3741278, 17.4223109], [78.3741308, 17.4224166], [78.374291, 17.4224125], [78.3742881, 17.4223068], [78.3741278, 17.4223109]]]}, "properties": {"osm_id": 860330919, "building_type": "yes", "osm_height": null, "osm_levels": null, "name": null}}, {"type": "Feature", "geometry": {"type": "Polygon", "coordinates": [[[78.374132, 17.4224336], [78.374135, 17.4225526], [78.3742992, 17.4225489], [78.3742962, 17.4224298], [78.374132, 17.4224336]]]}, "properties": {"osm_id": 860330920, "building_type": "yes", "osm_height": null, "osm_levels": null, "name": null}}, {"type": "Feature", "geometry": {"type": "Polygon", "coordinates": [[[78.374132, 17.4225793], [78.3741337, 17.4226921], [78.3742973, 17.4226899], [78.3742956, 17.4225771], [78.374132, 17.4225793]]]}, "properties": {"osm_id": 860330921, "building_type": "yes", "osm_height": null, "osm_levels": null, "name": null}}, {"type": "Feature", "geometry": {"type": "Polygon", "coordinates": [[[78.374138, 17.4227196], [78.3741385, 17.4228432], [78.3743082, 17.4228425], [78.3743077, 17.422719], [78.374138, 17.4227196]]]}, "properties": {"osm_id": 860330922, "building_type": "yes", "osm_height": null, "osm_levels": null, "name": null}}, {"type": "Feature", "geometry": {"type": "Polygon", "coordinates": [[[78.3741514, 17.4230159], [78.3741519, 17.423138], [78.3743223, 17.4231374], [78.3743218, 17.4230152], [78.3741514, 17.4230159]]]}, "properties": {"osm_id": 860330923, "building_type": "yes", "osm_height": null, "osm_levels": null, "name": null}}, {"type": "Feature", "geometry": {"type": "Polygon", "coordinates": [[[78.3747154, 17.4228917], [78.374716, 17.4230031], [78.37488, 17.4230022], [78.3748793, 17.4228908], [78.3747154, 17.4228917]]]}, "properties": {"osm_id": 860330924, "building_type": "yes", "osm_height": null, "osm_levels": null, "name": null}}, {"type": "Feature", "geometry": {"type": "Polygon", "coordinates": [[[78.3745357, 17.4228937], [78.3745387, 17.4230173], [78.3746815, 17.4230141], [78.3746785, 17.4228905], [78.3745357, 17.4228937]]]}, "properties": {"osm_id": 860330925, "building_type": "yes", "osm_height": null, "osm_levels": null, "name": null}}, {"type": "Feature", "geometry": {"type": "Polygon", "coordinates": [[[78.3745303, 17.422751], [78.3745297, 17.4228691], [78.3746672, 17.4228697], [78.3746678, 17.4227516], [78.3745303, 17.422751]]]}, "properties": {"osm_id": 860330926, "building_type": "yes", "osm_height": null, "osm_levels": null, "name": null}}, {"type": "Feature", "geometry": {"type": "Polygon", "coordinates": [[[78.3747033, 17.4227446], [78.3747008, 17.4228621], [78.3748644, 17.4228653], [78.3748669, 17.4227478], [78.3747033, 17.4227446]]]}, "properties": {"osm_id": 860330927, "building_type": "yes", "osm_height": null, "osm_levels": null, "name": null}}, {"type": "Feature", "geometry": {"type": "Polygon", "coordinates": [[[78.3746959, 17.4226], [78.3746974, 17.4227097], [78.3748563, 17.4227077], [78.3748548, 17.4225981], [78.3746959, 17.4226]]]}, "properties": {"osm_id": 860330928, "building_type": "yes", "osm_height": null, "osm_levels": null, "name": null}}, {"type": "Feature", "geometry": {"type": "Polygon", "coordinates": [[[78.3745189, 17.4225962], [78.3745183, 17.4227201], [78.3746604, 17.4227207], [78.3746611, 17.4225968], [78.3745189, 17.4225962]]]}, "properties": {"osm_id": 860330929, "building_type": "yes", "osm_height": null, "osm_levels": null, "name": null}}, {"type": "Feature", "geometry": {"type": "Polygon", "coordinates": [[[78.3745129, 17.4224599], [78.3745134, 17.4225718], [78.3746669, 17.4225712], [78.3746664, 17.4224592], [78.3745129, 17.4224599]]]}, "properties": {"osm_id": 860330930, "building_type": "yes", "osm_height": null, "osm_levels": null, "name": null}}, {"type": "Feature", "geometry": {"type": "Polygon", "coordinates": [[[78.3746919, 17.4224528], [78.3746919, 17.4225802], [78.3748542, 17.4225802], [78.3748542, 17.4224528], [78.3746919, 17.4224528]]]}, "properties": {"osm_id": 860330931, "building_type": "yes", "osm_height": null, "osm_levels": null, "name": null}}, {"type": "Feature", "geometry": {"type": "Polygon", "coordinates": [[[78.3746859, 17.4223082], [78.3746859, 17.4224247], [78.3748488, 17.4224247], [78.3748488, 17.4223082], [78.3746859, 17.4223082]]]}, "properties": {"osm_id": 860330932, "building_type": "yes", "osm_height": null, "osm_levels": null, "name": null}}, {"type": "Feature", "geometry": {"type": "Polygon", "coordinates": [[[78.3745041, 17.4223153], [78.3745117, 17.4224351], [78.3746458, 17.4224274], [78.3746383, 17.4223076], [78.3745041, 17.4223153]]]}, "properties": {"osm_id": 860330933, "building_type": "yes", "osm_height": null, "osm_levels": null, "name": null}}, {"type": "Feature", "geometry": {"type": "Polygon", "coordinates": [[[78.3759244, 17.4222731], [78.3759235, 17.4223305], [78.3760589, 17.4223324], [78.3760598, 17.422275], [78.3759244, 17.4222731]]]}, "properties": {"osm_id": 860330934, "building_type": "yes", "osm_height": null, "osm_levels": null, "name": null}}, {"type": "Feature", "geometry": {"type": "Polygon", "coordinates": [[[78.3759217, 17.4223978], [78.3759264, 17.4226397], [78.3760659, 17.4226372], [78.3760612, 17.4223954], [78.3759217, 17.4223978]]]}, "properties": {"osm_id": 860330935, "building_type": "yes", "osm_height": null, "osm_levels": null, "name": null}}, {"type": "Feature", "geometry": {"type": "Polygon", "coordinates": [[[78.3754526, 17.4222865], [78.3754559, 17.422405], [78.3755961, 17.4224015], [78.3755928, 17.422283], [78.3754526, 17.4222865]]]}, "properties": {"osm_id": 860330936, "building_type": "yes", "osm_height": null, "osm_levels": null, "name": null}}, {"type": "Feature", "geometry": {"type": "Polygon", "coordinates": [[[78.375457, 17.4224266], [78.3754596, 17.4225435], [78.3755876, 17.4225409], [78.3755851, 17.422424], [78.375457, 17.4224266]]]}, "properties": {"osm_id": 860330937, "building_type": "yes", "osm_height": null, "osm_levels": null, "name": null}}, {"type": "Feature", "geometry": {"type": "Polygon", "coordinates": [[[78.3754684, 17.4225686], [78.3754722, 17.4226841], [78.375599, 17.4226803], [78.3755951, 17.4225648], [78.3754684, 17.4225686]]]}, "properties": {"osm_id": 860330938, "building_type": "yes", "osm_height": null, "osm_levels": null, "name": null}}, {"type": "Feature", "geometry": {"type": "Polygon", "coordinates": [[[78.3754711, 17.4227107], [78.375473, 17.4228316], [78.3756038, 17.4228297], [78.3756018, 17.4227088], [78.3754711, 17.4227107]]]}, "properties": {"osm_id": 860330939, "building_type": "yes", "osm_height": null, "osm_levels": null, "name": null}}, {"type": "Feature", "geometry": {"type": "Polygon", "coordinates": [[[78.3754798, 17.4228533], [78.3754828, 17.4229675], [78.3756169, 17.4229643], [78.3756139, 17.4228501], [78.3754798, 17.4228533]]]}, "properties": {"osm_id": 860330940, "building_type": "yes", "osm_height": null, "osm_levels": null, "name": null}}, {"type": "Feature", "geometry": {"type": "Polygon", "coordinates": [[[78.3754858, 17.4230011], [78.375489, 17.4231198], [78.3756204, 17.4231166], [78.3756173, 17.4229979], [78.3754858, 17.4230011]]]}, "properties": {"osm_id": 860330941, "building_type": "yes", "osm_height": null, "osm_levels": null, "name": null}}, {"type": "Feature", "geometry": {"type": "Polygon", "coordinates": [[[78.3754919, 17.4231483], [78.3754938, 17.423272], [78.3756326, 17.4232701], [78.3756307, 17.4231464], [78.3754919, 17.4231483]]]}, "properties": {"osm_id": 860330942, "building_type": "yes", "osm_height": null, "osm_levels": null, "name": null}}, {"type": "Feature", "geometry": {"type": "Polygon", "coordinates": [[[78.3756609, 17.4231402], [78.3756629, 17.4232667], [78.3758172, 17.4232644], [78.3758151, 17.4231379], [78.3756609, 17.4231402]]]}, "properties": {"osm_id": 860330943, "building_type": "yes", "osm_height": null, "osm_levels": null, "name": null}}, {"type": "Feature", "geometry": {"type": "Polygon", "coordinates": [[[78.3756577, 17.4229952], [78.3756599, 17.4230987], [78.3758074, 17.4230958], [78.3758052, 17.4229924], [78.3756577, 17.4229952]]]}, "properties": {"osm_id": 860330944, "building_type": "yes", "osm_height": null, "osm_levels": null, "name": null}}, {"type": "Feature", "geometry": {"type": "Polygon", "coordinates": [[[78.3756468, 17.4228367], [78.3756479, 17.4229468], [78.37579, 17.4229455], [78.3757889, 17.4228354], [78.3756468, 17.4228367]]]}, "properties": {"osm_id": 860330945, "building_type": "yes", "osm_height": null, "osm_levels": null, "name": null}}, {"type": "Feature", "geometry": {"type": "Polygon", "coordinates": [[[78.3756407, 17.4227011], [78.3756413, 17.4228144], [78.3757734, 17.4228138], [78.3757728, 17.4227004], [78.3756407, 17.4227011]]]}, "properties": {"osm_id": 860330946, "building_type": "yes", "osm_height": null, "osm_levels": null, "name": null}}, {"type": "Feature", "geometry": {"type": "Polygon", "coordinates": [[[78.375636, 17.4225558], [78.3756382, 17.4226691], [78.3757844, 17.4226666], [78.3757822, 17.4225533], [78.375636, 17.4225558]]]}, "properties": {"osm_id": 860330947, "building_type": "yes", "osm_height": null, "osm_levels": null, "name": null}}, {"type": "Feature", "geometry": {"type": "Polygon", "coordinates": [[[78.3756394, 17.4225277], [78.3757789, 17.4225226], [78.3757743, 17.4224105], [78.3756349, 17.4224156], [78.3756394, 17.4225277]]]}, "properties": {"osm_id": 860330948, "building_type": "yes", "osm_height": null, "osm_levels": null, "name": null}}, {"type": "Feature", "geometry": {"type": "Polygon", "coordinates": [[[78.375634, 17.4223921], [78.3757708, 17.4223908], [78.3757697, 17.4222807], [78.3756329, 17.422282], [78.375634, 17.4223921]]]}, "properties": {"osm_id": 860330949, "building_type": "yes", "osm_height": null, "osm_levels": null, "name": null}}, {"type": "Feature", "geometry": {"type": "Polygon", "coordinates": [[[78.3759552, 17.4231086], [78.3759592, 17.4232466], [78.3760799, 17.4232434], [78.3760759, 17.4231054], [78.3759552, 17.4231086]]]}, "properties": {"osm_id": 860330950, "building_type": "yes", "osm_height": null, "osm_levels": null, "name": null}}, {"type": "Feature", "geometry": {"type": "Polygon", "coordinates": [[[78.3759472, 17.4229736], [78.3759478, 17.4230876], [78.3760739, 17.4230869], [78.3760732, 17.422973], [78.3759472, 17.4229736]]]}, "properties": {"osm_id": 860330951, "building_type": "yes", "osm_height": null, "osm_levels": null, "name": null}}, {"type": "Feature", "geometry": {"type": "Polygon", "coordinates": [[[78.3759445, 17.4228207], [78.3759478, 17.4229544], [78.376075, 17.4229515], [78.3760716, 17.4228178], [78.3759445, 17.4228207]]]}, "properties": {"osm_id": 860330952, "building_type": "yes", "osm_height": null, "osm_levels": null, "name": null}}, {"type": "Feature", "geometry": {"type": "Polygon", "coordinates": [[[78.3762664, 17.4234106], [78.376269, 17.4235718], [78.376348, 17.4235706], [78.376376, 17.4235702], [78.3763736, 17.4234285], [78.3763733, 17.423409], [78.3762664, 17.4234106]]]}, "properties": {"osm_id": 860330953, "building_type": "yes", "osm_height": null, "osm_levels": null, "name": null}}, {"type": "Feature", "geometry": {"type": "Polygon", "coordinates": [[[78.3759673, 17.4234202], [78.3759673, 17.4235993], [78.3761108, 17.4235993], [78.3761108, 17.4234202], [78.3759673, 17.4234202]]]}, "properties": {"osm_id": 860330954, "building_type": "yes", "osm_height": null, "osm_levels": null, "name": null}}, {"type": "Feature", "geometry": {"type": "Polygon", "coordinates": [[[78.375982, 17.4236403], [78.3759711, 17.4238399], [78.3761381, 17.4238482], [78.376149, 17.4236486], [78.375982, 17.4236403]]]}, "properties": {"osm_id": 860330955, "building_type": "yes", "osm_height": null, "osm_levels": null, "name": null}}, {"type": "Feature", "geometry": {"type": "Polygon", "coordinates": [[[78.375683, 17.423449], [78.3756917, 17.4236947], [78.3758533, 17.4236894], [78.3758446, 17.4234438], [78.375683, 17.423449]]]}, "properties": {"osm_id": 860330956, "building_type": "yes", "osm_height": null, "osm_levels": null, "name": null}}, {"type": "Feature", "geometry": {"type": "Polygon", "coordinates": [[[78.375687, 17.4237247], [78.375687, 17.4238418], [78.3758278, 17.4238418], [78.3758278, 17.4237247], [78.375687, 17.4237247]]]}, "properties": {"osm_id": 860330957, "building_type": "yes", "osm_height": null, "osm_levels": null, "name": null}}, {"type": "Feature", "geometry": {"type": "Polygon", "coordinates": [[[78.3756877, 17.4238642], [78.3756905, 17.4240037], [78.3758313, 17.4240011], [78.3758285, 17.4238617], [78.3756877, 17.4238642]]]}, "properties": {"osm_id": 860330958, "building_type": "yes", "osm_height": null, "osm_levels": null, "name": null}}, {"type": "Feature", "geometry": {"type": "Polygon", "coordinates": [[[78.375518, 17.4238623], [78.3755173, 17.4239831], [78.3756427, 17.4239837], [78.3756434, 17.4238629], [78.375518, 17.4238623]]]}, "properties": {"osm_id": 860330959, "building_type": "yes", "osm_height": null, "osm_levels": null, "name": null}}, {"type": "Feature", "geometry": {"type": "Polygon", "coordinates": [[[78.375512, 17.423726], [78.3755126, 17.4238432], [78.3756467, 17.4238425], [78.3756461, 17.4237254], [78.375512, 17.423726]]]}, "properties": {"osm_id": 860330960, "building_type": "yes", "osm_height": null, "osm_levels": null, "name": null}}, {"type": "Feature", "geometry": {"type": "Polygon", "coordinates": [[[78.375514, 17.4235833], [78.3755153, 17.4236949], [78.375638, 17.4236937], [78.3756367, 17.4235821], [78.375514, 17.4235833]]]}, "properties": {"osm_id": 860330961, "building_type": "yes", "osm_height": null, "osm_levels": null, "name": null}}, {"type": "Feature", "geometry": {"type": "Polygon", "coordinates": [[[78.3755227, 17.4235686], [78.3756367, 17.4235648], [78.3756324, 17.4234483], [78.3755184, 17.4234521], [78.3755227, 17.4235686]]]}, "properties": {"osm_id": 860330962, "building_type": "yes", "osm_height": null, "osm_levels": null, "name": null}}, {"type": "Feature", "geometry": {"type": "Polygon", "coordinates": [[[78.375178, 17.423735], [78.3751792, 17.4237759], [78.3751797, 17.4237972], [78.3752569, 17.4237953], [78.3752552, 17.4237331], [78.3752191, 17.423734], [78.375178, 17.423735]]]}, "properties": {"osm_id": 860331811, "building_type": "yes", "osm_height": null, "osm_levels": null, "name": null}}, {"type": "Feature", "geometry": {"type": "Polygon", "coordinates": [[[78.3752793, 17.4237766], [78.3752786, 17.423877], [78.3753616, 17.4238775], [78.3753622, 17.4237771], [78.3752793, 17.4237766]]]}, "properties": {"osm_id": 860331812, "building_type": "yes", "osm_height": null, "osm_levels": null, "name": null}}, {"type": "Feature", "geometry": {"type": "Polygon", "coordinates": [[[78.3752753, 17.423687], [78.3752733, 17.4237542], [78.3753231, 17.4237555], [78.3753251, 17.4236883], [78.3752753, 17.423687]]]}, "properties": {"osm_id": 860331813, "building_type": "yes", "osm_height": null, "osm_levels": null, "name": null}}, {"type": "Feature", "geometry": {"type": "Polygon", "coordinates": [[[78.3750346, 17.4235091], [78.3750379, 17.4236588], [78.3753496, 17.4236525], [78.3753463, 17.4235028], [78.3750346, 17.4235091]]]}, "properties": {"osm_id": 860331814, "building_type": "yes", "osm_height": null, "osm_levels": null, "name": null}}, {"type": "Feature", "geometry": {"type": "Polygon", "coordinates": [[[78.3751559, 17.4223044], [78.3751575, 17.4224163], [78.3753064, 17.4224144], [78.3753048, 17.4223025], [78.3751559, 17.4223044]]]}, "properties": {"osm_id": 860331815, "building_type": "yes", "osm_height": null, "osm_levels": null, "name": null}}, {"type": "Feature", "geometry": {"type": "Polygon", "coordinates": [[[78.375164, 17.4224388], [78.3751698, 17.4225622], [78.3753187, 17.4225558], [78.3753128, 17.4224324], [78.375164, 17.4224388]]]}, "properties": {"osm_id": 860331816, "building_type": "yes", "osm_height": null, "osm_levels": null, "name": null}}, {"type": "Feature", "geometry": {"type": "Polygon", "coordinates": [[[78.3751667, 17.4225853], [78.3751678, 17.4227069], [78.3753193, 17.4227056], [78.3753182, 17.422584], [78.3751667, 17.4225853]]]}, "properties": {"osm_id": 860331817, "building_type": "yes", "osm_height": null, "osm_levels": null, "name": null}}, {"type": "Feature", "geometry": {"type": "Polygon", "coordinates": [[[78.3751754, 17.4227299], [78.3751799, 17.42286], [78.3753201, 17.4228556], [78.3753155, 17.4227254], [78.3751754, 17.4227299]]]}, "properties": {"osm_id": 860331818, "building_type": "yes", "osm_height": null, "osm_levels": null, "name": null}}, {"type": "Feature", "geometry": {"type": "Polygon", "coordinates": [[[78.3751821, 17.4228751], [78.3751855, 17.4229876], [78.3753223, 17.4229838], [78.3753189, 17.4228713], [78.3751821, 17.4228751]]]}, "properties": {"osm_id": 860331819, "building_type": "yes", "osm_height": null, "osm_levels": null, "name": null}}, {"type": "Feature", "geometry": {"type": "Polygon", "coordinates": [[[78.3751935, 17.4230088], [78.3751953, 17.4231202], [78.3753274, 17.4231183], [78.3753256, 17.4230069], [78.3751935, 17.4230088]]]}, "properties": {"osm_id": 860331820, "building_type": "yes", "osm_height": null, "osm_levels": null, "name": null}}, {"type": "Feature", "geometry": {"type": "Polygon", "coordinates": [[[78.3751978, 17.4231504], [78.3752007, 17.4232694], [78.3753336, 17.4232664], [78.3753307, 17.4231474], [78.3751978, 17.4231504]]]}, "properties": {"osm_id": 860331821, "building_type": "yes", "osm_height": null, "osm_levels": null, "name": null}}, {"type": "Feature", "geometry": {"type": "Polygon", "coordinates": [[[78.3750191, 17.4231598], [78.3750179, 17.4232792], [78.3751533, 17.4232805], [78.3751546, 17.4231611], [78.3750191, 17.4231598]]]}, "properties": {"osm_id": 860331822, "building_type": "yes", "osm_height": null, "osm_levels": null, "name": null}}, {"type": "Feature", "geometry": {"type": "Polygon", "coordinates": [[[78.3750191, 17.4230197], [78.375021, 17.4231345], [78.3751478, 17.4231326], [78.3751459, 17.4230178], [78.3750191, 17.4230197]]]}, "properties": {"osm_id": 860331823, "building_type": "yes", "osm_height": null, "osm_levels": null, "name": null}}, {"type": "Feature", "geometry": {"type": "Polygon", "coordinates": [[[78.3750118, 17.4228757], [78.3750118, 17.4229954], [78.3751412, 17.4229954], [78.3751412, 17.4228757], [78.3750118, 17.4228757]]]}, "properties": {"osm_id": 860331824, "building_type": "yes", "osm_height": null, "osm_levels": null, "name": null}}, {"type": "Feature", "geometry": {"type": "Polygon", "coordinates": [[[78.3749963, 17.4227311], [78.3749975, 17.422847], [78.3751376, 17.4228458], [78.3751365, 17.4227299], [78.3749963, 17.4227311]]]}, "properties": {"osm_id": 860331825, "building_type": "yes", "osm_height": null, "osm_levels": null, "name": null}}, {"type": "Feature", "geometry": {"type": "Polygon", "coordinates": [[[78.374995, 17.4225923], [78.3749981, 17.4227035], [78.3751248, 17.4227003], [78.3751217, 17.4225891], [78.374995, 17.4225923]]]}, "properties": {"osm_id": 860331826, "building_type": "yes", "osm_height": null, "osm_levels": null, "name": null}}, {"type": "Feature", "geometry": {"type": "Polygon", "coordinates": [[[78.3749903, 17.4224599], [78.3749897, 17.4225659], [78.3751185, 17.4225666], [78.375119, 17.4224605], [78.3749903, 17.4224599]]]}, "properties": {"osm_id": 860331827, "building_type": "yes", "osm_height": null, "osm_levels": null, "name": null}}, {"type": "Feature", "geometry": {"type": "Polygon", "coordinates": [[[78.3749809, 17.4223038], [78.374989, 17.4224375], [78.3751206, 17.4224303], [78.3751126, 17.4222966], [78.3749809, 17.4223038]]]}, "properties": {"osm_id": 860331828, "building_type": "yes", "osm_height": null, "osm_levels": null, "name": null}}, {"type": "Feature", "geometry": {"type": "Polygon", "coordinates": [[[78.3803084, 17.4233757], [78.3803735, 17.4234576], [78.3804153, 17.4234274], [78.3803502, 17.4233455], [78.3803084, 17.4233757]]]}, "properties": {"osm_id": 860333008, "building_type": "yes", "osm_height": null, "osm_levels": null, "name": null}}, {"type": "Feature", "geometry": {"type": "Polygon", "coordinates": [[[78.3804791, 17.4140721], [78.3807058, 17.4140772], [78.380708, 17.4139883], [78.3806369, 17.4139866], [78.3806381, 17.4139379], [78.3807092, 17.4139395], [78.3807113, 17.4138555], [78.3806382, 17.4138538], [78.3806396, 17.4138006], [78.3807126, 17.4138023], [78.3807144, 17.4137291], [78.3804878, 17.4137239], [78.380486, 17.413797], [78.3805717, 17.4137989], [78.3805704, 17.4138518], [78.3804847, 17.4138499], [78.3804826, 17.4139333], [78.3805627, 17.4139352], [78.3805614, 17.4139861], [78.3804813, 17.4139842], [78.3804791, 17.4140721]]]}, "properties": {"osm_id": 881984793, "building_type": "yes", "osm_height": null, "osm_levels": null, "name": "Hig 01"}}, {"type": "Feature", "geometry": {"type": "Polygon", "coordinates": [[[78.380117, 17.4140465], [78.3803437, 17.4140516], [78.3803459, 17.4139627], [78.3802748, 17.4139611], [78.380276, 17.4139123], [78.3803471, 17.4139139], [78.3803492, 17.4138299], [78.3802761, 17.4138282], [78.3802775, 17.413775], [78.3803505, 17.4137767], [78.3803523, 17.4137035], [78.3801257, 17.4136984], [78.3801239, 17.4137714], [78.3802096, 17.4137733], [78.3802083, 17.4138262], [78.3801226, 17.4138243], [78.3801205, 17.4139078], [78.3802006, 17.4139096], [78.3801993, 17.4139605], [78.3801192, 17.4139587], [78.380117, 17.4140465]]]}, "properties": {"osm_id": 881984794, "building_type": "yes", "osm_height": null, "osm_levels": null, "name": "Hig 02"}}, {"type": "Feature", "geometry": {"type": "Polygon", "coordinates": [[[78.3797979, 17.4140401], [78.3800245, 17.4140452], [78.3800267, 17.4139563], [78.3799556, 17.4139547], [78.3799568, 17.4139059], [78.3800279, 17.4139075], [78.38003, 17.4138235], [78.379957, 17.4138218], [78.3799583, 17.4137686], [78.3800313, 17.4137703], [78.3800331, 17.4136971], [78.3798065, 17.413692], [78.3798047, 17.413765], [78.3798904, 17.4137669], [78.3798891, 17.4138198], [78.3798034, 17.4138179], [78.3798013, 17.4139014], [78.3798814, 17.4139032], [78.3798801, 17.4139541], [78.3798, 17.4139523], [78.3797979, 17.4140401]]]}, "properties": {"osm_id": 881984795, "building_type": "yes", "osm_height": null, "osm_levels": null, "name": "Hig 03"}}, {"type": "Feature", "geometry": {"type": "Polygon", "coordinates": [[[78.3790777, 17.4140324], [78.3793043, 17.4140375], [78.3793065, 17.4139486], [78.3792354, 17.413947], [78.3792366, 17.4138982], [78.3793078, 17.4138998], [78.3793098, 17.4138158], [78.3792368, 17.4138142], [78.3792381, 17.413761], [78.3793112, 17.4137626], [78.379313, 17.4136894], [78.3790863, 17.4136843], [78.3790845, 17.4137573], [78.3791702, 17.4137592], [78.3791689, 17.4138122], [78.3790832, 17.4138102], [78.3790811, 17.4138937], [78.3791612, 17.4138955], [78.37916, 17.4139464], [78.3790799, 17.4139446], [78.3790777, 17.4140324]]]}, "properties": {"osm_id": 881984796, "building_type": "yes", "osm_height": null, "osm_levels": null, "name": "Hig 05"}}, {"type": "Feature", "geometry": {"type": "Polygon", "coordinates": [[[78.3794327, 17.4140452], [78.3796594, 17.4140503], [78.3796616, 17.4139613], [78.3795904, 17.4139597], [78.3795917, 17.413911], [78.3796628, 17.4139126], [78.3796649, 17.4138286], [78.3795918, 17.4138269], [78.3795931, 17.4137737], [78.3796662, 17.4137754], [78.379668, 17.4137021], [78.3794413, 17.413697], [78.3794395, 17.41377], [78.3795252, 17.413772], [78.3795239, 17.4138249], [78.3794382, 17.413823], [78.3794361, 17.4139064], [78.3795162, 17.4139082], [78.379515, 17.4139591], [78.3794349, 17.4139573], [78.3794327, 17.4140452]]]}, "properties": {"osm_id": 881984797, "building_type": "yes", "osm_height": null, "osm_levels": null, "name": "Hig 04"}}, {"type": "Feature", "geometry": {"type": "Polygon", "coordinates": [[[78.3789679, 17.4148101], [78.3789907, 17.414235], [78.3788041, 17.414235], [78.3787936, 17.4148115], [78.3789679, 17.4148101]]]}, "properties": {"osm_id": 901113762, "building_type": "apartments", "osm_height": null, "osm_levels": null, "name": "Block 2"}}, {"type": "Feature", "geometry": {"type": "Polygon", "coordinates": [[[78.3780728, 17.41679], [78.3781764, 17.4167941], [78.3781925, 17.416423], [78.3780889, 17.4164189], [78.3780728, 17.41679]]]}, "properties": {"osm_id": 901113763, "building_type": "yes", "osm_height": null, "osm_levels": null, "name": null}}, {"type": "Feature", "geometry": {"type": "Polygon", "coordinates": [[[78.3782203, 17.4167772], [78.3783541, 17.416779], [78.3783595, 17.4164181], [78.3782257, 17.4164163], [78.3782203, 17.4167772]]]}, "properties": {"osm_id": 901113764, "building_type": "yes", "osm_height": null, "osm_levels": null, "name": null}}, {"type": "Feature", "geometry": {"type": "Polygon", "coordinates": [[[78.3795105, 17.4162154], [78.3796458, 17.41622], [78.3796579, 17.4158924], [78.3795226, 17.4158878], [78.3795105, 17.4162154]]]}, "properties": {"osm_id": 901113765, "building_type": "yes", "osm_height": null, "osm_levels": null, "name": null}}, {"type": "Feature", "geometry": {"type": "Polygon", "coordinates": [[[78.3793496, 17.4162615], [78.3794861, 17.4162658], [78.3794995, 17.4158807], [78.379363, 17.4158763], [78.3793496, 17.4162615]]]}, "properties": {"osm_id": 901113766, "building_type": "yes", "osm_height": null, "osm_levels": null, "name": null}}, {"type": "Feature", "geometry": {"type": "Polygon", "coordinates": [[[78.37908, 17.4163779], [78.3792077, 17.4163822], [78.3792265, 17.4158716], [78.3790988, 17.4158674], [78.37908, 17.4163779]]]}, "properties": {"osm_id": 901113767, "building_type": "yes", "osm_height": null, "osm_levels": null, "name": null}}, {"type": "Feature", "geometry": {"type": "Polygon", "coordinates": [[[78.3789191, 17.4163792], [78.3790473, 17.4163816], [78.379058, 17.4158544], [78.3789298, 17.415852], [78.3789191, 17.4163792]]]}, "properties": {"osm_id": 901113768, "building_type": "yes", "osm_height": null, "osm_levels": null, "name": null}}, {"type": "Feature", "geometry": {"type": "Polygon", "coordinates": [[[78.3786482, 17.4163805], [78.3787684, 17.4163849], [78.3787898, 17.4158539], [78.3786696, 17.4158495], [78.3786482, 17.4163805]]]}, "properties": {"osm_id": 901113769, "building_type": "yes", "osm_height": null, "osm_levels": null, "name": null}}, {"type": "Feature", "geometry": {"type": "Polygon", "coordinates": [[[78.378498, 17.4163792], [78.3786265, 17.4163827], [78.3786426, 17.4158466], [78.3785141, 17.4158431], [78.378498, 17.4163792]]]}, "properties": {"osm_id": 901113770, "building_type": "yes", "osm_height": null, "osm_levels": null, "name": null}}, {"type": "Feature", "geometry": {"type": "Polygon", "coordinates": [[[78.3819698, 17.416951], [78.3821321, 17.4168711], [78.3820463, 17.4167124], [78.3818839, 17.4167924], [78.3819698, 17.416951]]]}, "properties": {"osm_id": 901113772, "building_type": "yes", "osm_height": null, "osm_levels": null, "name": null}}, {"type": "Feature", "geometry": {"type": "Polygon", "coordinates": [[[78.3776906, 17.4153402], [78.377932, 17.4153402], [78.377932, 17.4150817], [78.3776906, 17.4150817], [78.3776906, 17.4153402]]]}, "properties": {"osm_id": 901113774, "building_type": "yes", "osm_height": null, "osm_levels": null, "name": null}}, {"type": "Feature", "geometry": {"type": "Polygon", "coordinates": [[[78.3781131, 17.4151149], [78.3782445, 17.4151149], [78.3782445, 17.4148821], [78.3781131, 17.4148821], [78.3781131, 17.4151149]]]}, "properties": {"osm_id": 901113775, "building_type": "yes", "osm_height": null, "osm_levels": null, "name": null}}, {"type": "Feature", "geometry": {"type": "Polygon", "coordinates": [[[78.3791145, 17.4151675], [78.3792309, 17.415173], [78.3792443, 17.4149106], [78.3791279, 17.4149052], [78.3791145, 17.4151675]]]}, "properties": {"osm_id": 901113776, "building_type": "yes", "osm_height": null, "osm_levels": null, "name": null}}, {"type": "Feature", "geometry": {"type": "Polygon", "coordinates": [[[78.3793426, 17.4151668], [78.3794671, 17.4151691], [78.3794725, 17.4149055], [78.3793479, 17.4149032], [78.3793426, 17.4151668]]]}, "properties": {"osm_id": 901113777, "building_type": "yes", "osm_height": null, "osm_levels": null, "name": null}}, {"type": "Feature", "geometry": {"type": "Polygon", "coordinates": [[[78.3795453, 17.4151876], [78.3796727, 17.4151899], [78.379678, 17.4149122], [78.3795507, 17.41491], [78.3795453, 17.4151876]]]}, "properties": {"osm_id": 901113778, "building_type": "yes", "osm_height": null, "osm_levels": null, "name": null}}, {"type": "Feature", "geometry": {"type": "Polygon", "coordinates": [[[78.3798087, 17.4151959], [78.379924, 17.4151972], [78.3799275, 17.414913], [78.3798122, 17.4149117], [78.3798087, 17.4151959]]]}, "properties": {"osm_id": 901113779, "building_type": "yes", "osm_height": null, "osm_levels": null, "name": null}}, {"type": "Feature", "geometry": {"type": "Polygon", "coordinates": [[[78.3799612, 17.4151929], [78.3800775, 17.4151955], [78.3800842, 17.4149178], [78.3799679, 17.4149152], [78.3799612, 17.4151929]]]}, "properties": {"osm_id": 901113780, "building_type": "yes", "osm_height": null, "osm_levels": null, "name": null}}, {"type": "Feature", "geometry": {"type": "Polygon", "coordinates": [[[78.3806408, 17.4154929], [78.3807709, 17.4154935], [78.3807735, 17.414951], [78.3806435, 17.4149504], [78.3806408, 17.4154929]]]}, "properties": {"osm_id": 901113781, "building_type": "yes", "osm_height": null, "osm_levels": null, "name": null}}, {"type": "Feature", "geometry": {"type": "Polygon", "coordinates": [[[78.3804201, 17.4154828], [78.3805342, 17.4154864], [78.3805489, 17.4149559], [78.3804235, 17.4149552], [78.3804201, 17.4154828]]]}, "properties": {"osm_id": 901113782, "building_type": "yes", "osm_height": null, "osm_levels": null, "name": null}}, {"type": "Feature", "geometry": {"type": "Polygon", "coordinates": [[[78.3802432, 17.4154836], [78.3803772, 17.4154855], [78.3803852, 17.4149532], [78.3802512, 17.4149513], [78.3802432, 17.4154836]]]}, "properties": {"osm_id": 901113783, "building_type": "yes", "osm_height": null, "osm_levels": null, "name": null}}, {"type": "Feature", "geometry": {"type": "Polygon", "coordinates": [[[78.3804112, 17.4157886], [78.3805319, 17.4157897], [78.3805346, 17.415521], [78.3804139, 17.4155199], [78.3804112, 17.4157886]]]}, "properties": {"osm_id": 901113784, "building_type": "yes", "osm_height": null, "osm_levels": null, "name": null}}, {"type": "Feature", "geometry": {"type": "Polygon", "coordinates": [[[78.3802391, 17.4157804], [78.3803524, 17.4157839], [78.3803618, 17.4155088], [78.3802484, 17.4155053], [78.3802391, 17.4157804]]]}, "properties": {"osm_id": 901113785, "building_type": "yes", "osm_height": null, "osm_levels": null, "name": null}}, {"type": "Feature", "geometry": {"type": "Polygon", "coordinates": [[[78.3799504, 17.4157496], [78.3800738, 17.415751], [78.3800805, 17.4152085], [78.3799571, 17.4152071], [78.3799504, 17.4157496]]]}, "properties": {"osm_id": 901113786, "building_type": "yes", "osm_height": null, "osm_levels": null, "name": null}}, {"type": "Feature", "geometry": {"type": "Polygon", "coordinates": [[[78.3797948, 17.4157586], [78.3799194, 17.4157602], [78.3799274, 17.4152062], [78.3798029, 17.4152045], [78.3797948, 17.4157586]]]}, "properties": {"osm_id": 901113787, "building_type": "yes", "osm_height": null, "osm_levels": null, "name": null}}, {"type": "Feature", "geometry": {"type": "Polygon", "coordinates": [[[78.3795266, 17.4157368], [78.379646, 17.4157391], [78.3796567, 17.4152106], [78.3795373, 17.4152084], [78.3795266, 17.4157368]]]}, "properties": {"osm_id": 901113788, "building_type": "yes", "osm_height": null, "osm_levels": null, "name": null}}, {"type": "Feature", "geometry": {"type": "Polygon", "coordinates": [[[78.3793657, 17.4157177], [78.3794916, 17.4157206], [78.379505, 17.4151959], [78.3793791, 17.415193], [78.3793657, 17.4157177]]]}, "properties": {"osm_id": 901113789, "building_type": "yes", "osm_height": null, "osm_levels": null, "name": null}}, {"type": "Feature", "geometry": {"type": "Polygon", "coordinates": [[[78.3791028, 17.41571], [78.3792286, 17.4157138], [78.379246, 17.4151956], [78.3791202, 17.4151917], [78.3791028, 17.41571]]]}, "properties": {"osm_id": 901113790, "building_type": "yes", "osm_height": null, "osm_levels": null, "name": null}}, {"type": "Feature", "geometry": {"type": "Polygon", "coordinates": [[[78.3789419, 17.4156882], [78.3790664, 17.4156903], [78.3790758, 17.4151772], [78.3789513, 17.4151751], [78.3789419, 17.4156882]]]}, "properties": {"osm_id": 901113791, "building_type": "yes", "osm_height": null, "osm_levels": null, "name": null}}, {"type": "Feature", "geometry": {"type": "Polygon", "coordinates": [[[78.3786763, 17.4156767], [78.3787984, 17.415679], [78.3788091, 17.4151582], [78.3786871, 17.4151559], [78.3786763, 17.4156767]]]}, "properties": {"osm_id": 901113792, "building_type": "yes", "osm_height": null, "osm_levels": null, "name": null}}, {"type": "Feature", "geometry": {"type": "Polygon", "coordinates": [[[78.3785248, 17.4156844], [78.378648, 17.4156867], [78.3786587, 17.4151685], [78.3785355, 17.4151661], [78.3785248, 17.4156844]]]}, "properties": {"osm_id": 901113793, "building_type": "yes", "osm_height": null, "osm_levels": null, "name": null}}, {"type": "Feature", "geometry": {"type": "Polygon", "coordinates": [[[78.3782525, 17.4156729], [78.3783677, 17.4156761], [78.3783838, 17.4151604], [78.3782686, 17.4151572], [78.3782525, 17.4156729]]]}, "properties": {"osm_id": 901113794, "building_type": "yes", "osm_height": null, "osm_levels": null, "name": null}}, {"type": "Feature", "geometry": {"type": "Polygon", "coordinates": [[[78.378105, 17.4156767], [78.3782377, 17.4156792], [78.3782485, 17.4151507], [78.3781157, 17.4151482], [78.378105, 17.4156767]]]}, "properties": {"osm_id": 901113795, "building_type": "yes", "osm_height": null, "osm_levels": null, "name": null}}, {"type": "Feature", "geometry": {"type": "Polygon", "coordinates": [[[78.3819444, 17.4148016], [78.3819446, 17.4147176], [78.3818673, 17.4146482], [78.3817843, 17.4145673], [78.3815778, 17.4145538], [78.3815644, 17.4147765], [78.381594, 17.4147781], [78.3815832, 17.4148801], [78.3819508, 17.4149155], [78.3819622, 17.4148036], [78.3819444, 17.4148016]]]}, "properties": {"osm_id": 901113796, "building_type": "school", "osm_height": null, "osm_levels": null, "name": null}}, {"type": "Feature", "geometry": {"type": "Polygon", "coordinates": [[[78.3811937, 17.4148828], [78.3813671, 17.4148952], [78.3813795, 17.4144613], [78.3812247, 17.4144559], [78.3811937, 17.4148828]]]}, "properties": {"osm_id": 901113797, "building_type": "apartments", "osm_height": null, "osm_levels": null, "name": "Block 10"}}, {"type": "Feature", "geometry": {"type": "Polygon", "coordinates": [[[78.3808863, 17.4148168], [78.381066, 17.4148347], [78.3811189, 17.4143512], [78.3809392, 17.4143332], [78.3808863, 17.4148168]]]}, "properties": {"osm_id": 901113798, "building_type": "apartments", "osm_height": null, "osm_levels": null, "name": "Block 9"}}, {"type": "Feature", "geometry": {"type": "Polygon", "coordinates": [[[78.3805794, 17.4148234], [78.3807796, 17.4148419], [78.3808318, 17.414326], [78.3806315, 17.4143075], [78.3805794, 17.4148234]]]}, "properties": {"osm_id": 901113799, "building_type": "apartments", "osm_height": null, "osm_levels": null, "name": "Block 8"}}, {"type": "Feature", "geometry": {"type": "Polygon", "coordinates": [[[78.3802784, 17.4148331], [78.3804661, 17.4148485], [78.3805138, 17.4143177], [78.3803261, 17.4143023], [78.3802784, 17.4148331]]]}, "properties": {"osm_id": 901113800, "building_type": "apartments", "osm_height": null, "osm_levels": null, "name": "Block 7"}}, {"type": "Feature", "geometry": {"type": "Polygon", "coordinates": [[[78.3799942, 17.4148185], [78.3801658, 17.4148287], [78.3802001, 17.4143048], [78.3800285, 17.4142946], [78.3799942, 17.4148185]]]}, "properties": {"osm_id": 901113801, "building_type": "apartments", "osm_height": null, "osm_levels": null, "name": "Block 6"}}, {"type": "Feature", "geometry": {"type": "Polygon", "coordinates": [[[78.3796829, 17.4148308], [78.37986, 17.4148334], [78.3798684, 17.4143032], [78.3796913, 17.4143006], [78.3796829, 17.4148308]]]}, "properties": {"osm_id": 901113802, "building_type": "apartments", "osm_height": null, "osm_levels": null, "name": "Block 5"}}, {"type": "Feature", "geometry": {"type": "Polygon", "coordinates": [[[78.3793952, 17.4148075], [78.3795829, 17.4148177], [78.3796137, 17.4143044], [78.3794259, 17.4142942], [78.3793952, 17.4148075]]]}, "properties": {"osm_id": 901113803, "building_type": "apartments", "osm_height": null, "osm_levels": null, "name": "Block 4"}}, {"type": "Feature", "geometry": {"type": "Polygon", "coordinates": [[[78.3790758, 17.4148001], [78.3792528, 17.4148052], [78.3792687, 17.4143034], [78.3790917, 17.4142983], [78.3790758, 17.4148001]]]}, "properties": {"osm_id": 901113804, "building_type": "apartments", "osm_height": null, "osm_levels": null, "name": "Block 3"}}, {"type": "Feature", "geometry": {"type": "Polygon", "coordinates": [[[78.3785078, 17.4142766], [78.3784703, 17.4147837], [78.3786501, 17.4147871], [78.3786768, 17.4142775], [78.3785078, 17.4142766]]]}, "properties": {"osm_id": 901113805, "building_type": "apartments", "osm_height": null, "osm_levels": null, "name": "Block 1"}}, {"type": "Feature", "geometry": {"type": "Polygon", "coordinates": [[[78.3738559, 17.4350044], [78.3738647, 17.434886], [78.3736916, 17.4348743], [78.3736858, 17.4349533], [78.3735238, 17.4349424], [78.3734967, 17.4353071], [78.3738023, 17.4353278], [78.3738106, 17.4352149], [78.3737225, 17.435209], [78.3737362, 17.4350245], [78.3737886, 17.435028], [78.3737907, 17.435], [78.3738559, 17.4350044]]]}, "properties": {"osm_id": 924837529, "building_type": "apartments", "osm_height": null, "osm_levels": null, "name": "NCC Urban Gardenia Tower"}}, {"type": "Feature", "geometry": {"type": "Polygon", "coordinates": [[[78.373283, 17.435267], [78.3732863, 17.4352263], [78.3731429, 17.435216], [78.3731332, 17.4353385], [78.373251, 17.4353469], [78.3732344, 17.4355566], [78.3731104, 17.4355477], [78.3730987, 17.435696], [78.3732557, 17.4357073], [78.3732655, 17.4355837], [78.3734104, 17.4355941], [78.3734353, 17.4352779], [78.373283, 17.435267]]]}, "properties": {"osm_id": 924837530, "building_type": "apartments", "osm_height": null, "osm_levels": null, "name": "NCC Urban Gardenia Tower"}}, {"type": "Feature", "geometry": {"type": "Polygon", "coordinates": [[[78.3731476, 17.4354969], [78.3731564, 17.4353785], [78.3729834, 17.4353668], [78.3729775, 17.4354459], [78.3728155, 17.4354349], [78.3727884, 17.4357996], [78.373094, 17.4358203], [78.3731024, 17.4357074], [78.3730142, 17.4357015], [78.3730279, 17.435517], [78.3730803, 17.4355205], [78.3730824, 17.4354925], [78.3731476, 17.4354969]]]}, "properties": {"osm_id": 924837531, "building_type": "apartments", "osm_height": null, "osm_levels": null, "name": "NCC Urban Gardenia Tower"}}, {"type": "Feature", "geometry": {"type": "Polygon", "coordinates": [[[78.3761269, 17.4343007], [78.3761752, 17.4340141], [78.3767706, 17.4341011], [78.3767116, 17.4343417], [78.3761269, 17.4343007]]]}, "properties": {"osm_id": 940530590, "building_type": "yes", "osm_height": null, "osm_levels": null, "name": null}}, {"type": "Feature", "geometry": {"type": "Polygon", "coordinates": [[[78.3760786, 17.4345669], [78.3760947, 17.4343877], [78.3762664, 17.4344133], [78.3763093, 17.4343621], [78.3766901, 17.4344184], [78.3766419, 17.4346743], [78.3760786, 17.4345669]]]}, "properties": {"osm_id": 940530591, "building_type": "yes", "osm_height": null, "osm_levels": null, "name": null}}, {"type": "Feature", "geometry": {"type": "Polygon", "coordinates": [[[78.3750272, 17.4343928], [78.3750969, 17.4338964], [78.3758157, 17.4339936], [78.3757567, 17.434485], [78.3750272, 17.4343928]]]}, "properties": {"osm_id": 940530592, "building_type": "yes", "osm_height": null, "osm_levels": 21, "name": "My Home Twitza", "building_material": "glass"}}, {"type": "Feature", "geometry": {"type": "Polygon", "coordinates": [[[78.3674405, 17.4121184], [78.3680704, 17.4115075], [78.3685143, 17.4119515], [78.3682086, 17.4122391], [78.3681458, 17.4121787], [78.3678197, 17.4124947], [78.3675189, 17.4121915], [78.367511, 17.4121992], [78.367449, 17.4121401], [78.3674576, 17.4121323], [78.3674405, 17.4121184]]]}, "properties": {"osm_id": 1079930203, "building_type": "yes", "osm_height": null, "osm_levels": null, "name": null}}, {"type": "Feature", "geometry": {"type": "Polygon", "coordinates": [[[78.3787337, 17.4337887], [78.3792971, 17.434437], [78.3796261, 17.4341781], [78.3790342, 17.4335647], [78.3787337, 17.4337887]]]}, "properties": {"osm_id": 1122214529, "building_type": "commercial", "osm_height": null, "osm_levels": 10, "name": "T-hub 2.0", "addr_street": "Inorbit Mall Road", "addr_housenumber": "T hub 2.0"}}, {"type": "Feature", "geometry": {"type": "Polygon", "coordinates": [[[78.3783125, 17.4331238], [78.3784161, 17.4324692], [78.3786437, 17.432502], [78.3785402, 17.4331566], [78.3783125, 17.4331238]]]}, "properties": {"osm_id": 1122214740, "building_type": "commercial", "osm_height": null, "osm_levels": 16, "name": "Dallas Center", "addr_housenumber": "Dallas Center"}}, {"type": "Feature", "geometry": {"type": "Polygon", "coordinates": [[[78.3853962, 17.4121284], [78.3853918, 17.4120221], [78.3855078, 17.4120178], [78.3855096, 17.4120607], [78.3855385, 17.4120597], [78.385541, 17.4121231], [78.3853962, 17.4121284]]]}, "properties": {"osm_id": 1126830547, "building_type": "yes", "osm_height": null, "osm_levels": null, "name": null}}, {"type": "Feature", "geometry": {"type": "Polygon", "coordinates": [[[78.3791646, 17.4306545], [78.3791113, 17.4306487], [78.3790572, 17.4306573], [78.3788149, 17.4308513], [78.3787879, 17.4308987], [78.3787812, 17.4309602], [78.378797, 17.4310058], [78.3788176, 17.4310435], [78.3789793, 17.4312213], [78.3790197, 17.4312429], [78.3790621, 17.4312535], [78.3791252, 17.4312521], [78.3791699, 17.431234], [78.3793977, 17.4310532], [78.3794206, 17.4310024], [78.3794221, 17.43094], [78.3794011, 17.4308913], [78.3792255, 17.4306916], [78.3791961, 17.4306661], [78.3791646, 17.4306545]]]}, "properties": {"osm_id": 1133269186, "building_type": "office", "osm_height": null, "osm_levels": null, "name": "Salapuria Sattva Knowledge Park Tower 1"}}, {"type": "Feature", "geometry": {"type": "Polygon", "coordinates": [[[78.378953, 17.4296874], [78.37895, 17.4298003], [78.3789682, 17.4299392], [78.3790319, 17.4301882], [78.3791108, 17.4303243], [78.3792474, 17.4304807], [78.3793748, 17.430608], [78.379481, 17.4306978], [78.3796479, 17.4307875], [78.3797541, 17.4308165], [78.3798846, 17.4308426], [78.3799817, 17.430857], [78.3801426, 17.4304488], [78.3800637, 17.4303388], [78.3798573, 17.4302867], [78.3795478, 17.4299364], [78.3795326, 17.429754], [78.3794385, 17.4296266], [78.378953, 17.4296874]]]}, "properties": {"osm_id": 1133460475, "building_type": "office", "osm_height": null, "osm_levels": null, "name": "Salapuria Sattva Knowledge Park Tower 2"}}, {"type": "Feature", "geometry": {"type": "Polygon", "coordinates": [[[78.3793959, 17.4290138], [78.3804125, 17.4302037], [78.3808252, 17.4298766], [78.3804155, 17.4294046], [78.3801485, 17.4290891], [78.3804641, 17.428814], [78.3801151, 17.4284463], [78.3793959, 17.4290138]]]}, "properties": {"osm_id": 1133460476, "building_type": "commercial", "osm_height": 100.0, "osm_levels": 22, "name": "Qualcomm Commerzone"}}, {"type": "Feature", "geometry": {"type": "Polygon", "coordinates": [[[78.3782486, 17.4357137], [78.3787736, 17.4352986], [78.3785382, 17.4350369], [78.3779973, 17.4354581], [78.3782486, 17.4357137]]]}, "properties": {"osm_id": 1133460477, "building_type": "commercial", "osm_height": null, "osm_levels": null, "name": "T-Works"}}, {"type": "Feature", "geometry": {"type": "Polygon", "coordinates": [[[78.3756772, 17.4374808], [78.3759999, 17.4378367], [78.3765618, 17.437373], [78.3762389, 17.437017], [78.3756772, 17.4374808]]]}, "properties": {"osm_id": 1160420176, "building_type": "yes", "osm_height": null, "osm_levels": 13, "name": null}}, {"type": "Feature", "geometry": {"type": "Polygon", "coordinates": [[[78.381424, 17.4220384], [78.3816006, 17.421934], [78.3814353, 17.4216796], [78.3813447, 17.4217332], [78.3814073, 17.4218296], [78.3813214, 17.4218804], [78.381424, 17.4220384]]]}, "properties": {"osm_id": 1188604333, "building_type": "yes", "osm_height": null, "osm_levels": null, "name": null}}, {"type": "Feature", "geometry": {"type": "Polygon", "coordinates": [[[78.3706757, 17.429845], [78.3708562, 17.4297115], [78.3707592, 17.4295875], [78.3705751, 17.4297244], [78.3706757, 17.429845]]]}, "properties": {"osm_id": 1201419752, "building_type": "yes", "osm_height": null, "osm_levels": 6, "name": null}}, {"type": "Feature", "geometry": {"type": "Polygon", "coordinates": [[[78.3711455, 17.4308199], [78.3712892, 17.4307191], [78.3712027, 17.4306068], [78.3710589, 17.4307076], [78.3711455, 17.4308199]]]}, "properties": {"osm_id": 1201419753, "building_type": "yes", "osm_height": null, "osm_levels": null, "name": null}}, {"type": "Feature", "geometry": {"type": "Polygon", "coordinates": [[[78.3714318, 17.4311103], [78.371574, 17.4310022], [78.3714274, 17.4308238], [78.3712836, 17.4309246], [78.3714318, 17.4311103]]]}, "properties": {"osm_id": 1201419754, "building_type": "yes", "osm_height": null, "osm_levels": null, "name": null}}, {"type": "Feature", "geometry": {"type": "Polygon", "coordinates": [[[78.374703, 17.4362925], [78.3748373, 17.4362751], [78.374819, 17.4360506], [78.3746794, 17.4360691], [78.374703, 17.4362925]]]}, "properties": {"osm_id": 1206817962, "building_type": "yes", "osm_height": null, "osm_levels": null, "name": "Indian Oil", "amenity": "fuel"}}, {"type": "Feature", "geometry": {"type": "Polygon", "coordinates": [[[78.3748486, 17.4362696], [78.3749432, 17.43637], [78.3750914, 17.436247], [78.3749969, 17.4361445], [78.3749582, 17.4361712], [78.3749066, 17.436125], [78.3748497, 17.4361681], [78.3748948, 17.4362245], [78.3748486, 17.4362696]]]}, "properties": {"osm_id": 1206817963, "building_type": "yes", "osm_height": null, "osm_levels": null, "name": "Indian oil petrol", "amenity": "fuel"}}, {"type": "Feature", "geometry": {"type": "Polygon", "coordinates": [[[78.3753742, 17.4357572], [78.3755074, 17.4357741], [78.3755442, 17.435572], [78.3754021, 17.4355587], [78.3753742, 17.4357572]]]}, "properties": {"osm_id": 1206817964, "building_type": "yes", "osm_height": null, "osm_levels": null, "name": null}}, {"type": "Feature", "geometry": {"type": "Polygon", "coordinates": [[[78.376854, 17.4344502], [78.3769288, 17.4344599], [78.3772118, 17.4342118], [78.377227, 17.4341621], [78.3769022, 17.4341294], [78.376854, 17.4344502]]]}, "properties": {"osm_id": 1206817965, "building_type": "yes", "osm_height": null, "osm_levels": null, "name": null}}, {"type": "Feature", "geometry": {"type": "Polygon", "coordinates": [[[78.3815427, 17.4314286], [78.3821845, 17.4321261], [78.3822915, 17.432058], [78.3826124, 17.4324322], [78.3832632, 17.4319645], [78.3830047, 17.4316498], [78.3828977, 17.4317093], [78.3821667, 17.4308843], [78.3815427, 17.4314286]]]}, "properties": {"osm_id": 1273264871, "building_type": "commercial", "osm_height": null, "osm_levels": null, "name": null}}, {"type": "Feature", "geometry": {"type": "Polygon", "coordinates": [[[78.3828614, 17.4305215], [78.3831944, 17.4308924], [78.3837313, 17.4304537], [78.3833982, 17.4300827], [78.3828614, 17.4305215]]]}, "properties": {"osm_id": 1273264872, "building_type": "commercial", "osm_height": null, "osm_levels": null, "name": null}}, {"type": "Feature", "geometry": {"type": "Polygon", "coordinates": [[[78.3833688, 17.4311291], [78.3836922, 17.4315087], [78.3842281, 17.4310529], [78.3839046, 17.4306785], [78.3833688, 17.4311291]]]}, "properties": {"osm_id": 1273264873, "building_type": "commercial", "osm_height": null, "osm_levels": null, "name": null}}, {"type": "Feature", "geometry": {"type": "Polygon", "coordinates": [[[78.3836109, 17.4322962], [78.3845112, 17.4333253], [78.3849035, 17.4330191], [78.3839853, 17.4319985], [78.3836109, 17.4322962]]]}, "properties": {"osm_id": 1273264874, "building_type": "commercial", "osm_height": null, "osm_levels": 20, "name": null}}, {"type": "Feature", "geometry": {"type": "Polygon", "coordinates": [[[78.3676611, 17.4149367], [78.3675465, 17.4149602], [78.3675252, 17.4148654], [78.3676398, 17.4148419], [78.3676611, 17.4149367]]]}, "properties": {"osm_id": 1275383853, "building_type": "yes", "osm_height": null, "osm_levels": null, "name": null}}, {"type": "Feature", "geometry": {"type": "Polygon", "coordinates": [[[78.3676898, 17.4150444], [78.3675751, 17.4150679], [78.3675538, 17.4149731], [78.3676684, 17.4149496], [78.3676898, 17.4150444]]]}, "properties": {"osm_id": 1275383854, "building_type": "yes", "osm_height": null, "osm_levels": null, "name": null}}, {"type": "Feature", "geometry": {"type": "Polygon", "coordinates": [[[78.367713, 17.4151522], [78.3675984, 17.4151757], [78.367577, 17.415081], [78.3676916, 17.4150575], [78.367713, 17.4151522]]]}, "properties": {"osm_id": 1275383855, "building_type": "yes", "osm_height": null, "osm_levels": null, "name": null}}, {"type": "Feature", "geometry": {"type": "Polygon", "coordinates": [[[78.3677311, 17.4152581], [78.3676165, 17.4152816], [78.3675952, 17.4151869], [78.3677098, 17.4151634], [78.3677311, 17.4152581]]]}, "properties": {"osm_id": 1275383856, "building_type": "yes", "osm_height": null, "osm_levels": null, "name": null}}, {"type": "Feature", "geometry": {"type": "Polygon", "coordinates": [[[78.3677566, 17.4153603], [78.3676437, 17.4153844], [78.3676229, 17.4152957], [78.3677358, 17.4152716], [78.3677566, 17.4153603]]]}, "properties": {"osm_id": 1275383857, "building_type": "yes", "osm_height": null, "osm_levels": null, "name": null}}, {"type": "Feature", "geometry": {"type": "Polygon", "coordinates": [[[78.3677774, 17.4154677], [78.3676646, 17.4154917], [78.3676438, 17.415403], [78.3677566, 17.4153789], [78.3677774, 17.4154677]]]}, "properties": {"osm_id": 1275383858, "building_type": "yes", "osm_height": null, "osm_levels": null, "name": null}}, {"type": "Feature", "geometry": {"type": "Polygon", "coordinates": [[[78.3678006, 17.4155736], [78.3676878, 17.4155976], [78.367667, 17.4155089], [78.3677798, 17.4154849], [78.3678006, 17.4155736]]]}, "properties": {"osm_id": 1275383859, "building_type": "yes", "osm_height": null, "osm_levels": null, "name": null}}, {"type": "Feature", "geometry": {"type": "Polygon", "coordinates": [[[78.3679389, 17.415538], [78.367826, 17.415562], [78.3678053, 17.4154733], [78.3679181, 17.4154492], [78.3679389, 17.415538]]]}, "properties": {"osm_id": 1275383860, "building_type": "yes", "osm_height": null, "osm_levels": null, "name": null}}, {"type": "Feature", "geometry": {"type": "Polygon", "coordinates": [[[78.3675503, 17.4156198], [78.3674375, 17.4156439], [78.3674167, 17.4155551], [78.3675296, 17.4155311], [78.3675503, 17.4156198]]]}, "properties": {"osm_id": 1275383861, "building_type": "yes", "osm_height": null, "osm_levels": null, "name": null}}, {"type": "Feature", "geometry": {"type": "Polygon", "coordinates": [[[78.3675281, 17.4155187], [78.3674153, 17.4155427], [78.3673945, 17.415454], [78.3675074, 17.41543], [78.3675281, 17.4155187]]]}, "properties": {"osm_id": 1275383862, "building_type": "yes", "osm_height": null, "osm_levels": null, "name": null}}, {"type": "Feature", "geometry": {"type": "Polygon", "coordinates": [[[78.3675019, 17.4154109], [78.3673891, 17.4154349], [78.3673683, 17.4153462], [78.3674811, 17.4153221], [78.3675019, 17.4154109]]]}, "properties": {"osm_id": 1275383863, "building_type": "yes", "osm_height": null, "osm_levels": null, "name": null}}, {"type": "Feature", "geometry": {"type": "Polygon", "coordinates": [[[78.3674777, 17.415304], [78.3673648, 17.415328], [78.3673441, 17.4152393], [78.3674569, 17.4152152], [78.3674777, 17.415304]]]}, "properties": {"osm_id": 1275383864, "building_type": "yes", "osm_height": null, "osm_levels": null, "name": null}}, {"type": "Feature", "geometry": {"type": "Polygon", "coordinates": [[[78.3674545, 17.4152], [78.3673416, 17.415224], [78.3673208, 17.4151353], [78.3674337, 17.4151113], [78.3674545, 17.4152]]]}, "properties": {"osm_id": 1275383865, "building_type": "yes", "osm_height": null, "osm_levels": null, "name": null}}, {"type": "Feature", "geometry": {"type": "Polygon", "coordinates": [[[78.3674323, 17.415095], [78.3673194, 17.4151191], [78.3672986, 17.4150304], [78.3674115, 17.4150063], [78.3674323, 17.415095]]]}, "properties": {"osm_id": 1275383866, "building_type": "yes", "osm_height": null, "osm_levels": null, "name": null}}, {"type": "Feature", "geometry": {"type": "Polygon", "coordinates": [[[78.367292, 17.4151258], [78.3671791, 17.4151499], [78.3671584, 17.4150612], [78.3672712, 17.4150371], [78.367292, 17.4151258]]]}, "properties": {"osm_id": 1275383867, "building_type": "yes", "osm_height": null, "osm_levels": null, "name": null}}, {"type": "Feature", "geometry": {"type": "Polygon", "coordinates": [[[78.3672718, 17.4150132], [78.367159, 17.4150372], [78.3671382, 17.4149485], [78.367251, 17.4149244], [78.3672718, 17.4150132]]]}, "properties": {"osm_id": 1275383868, "building_type": "yes", "osm_height": null, "osm_levels": null, "name": null}}, {"type": "Feature", "geometry": {"type": "Polygon", "coordinates": [[[78.3674121, 17.4149852], [78.3672992, 17.4150093], [78.3672785, 17.4149206], [78.3673913, 17.4148965], [78.3674121, 17.4149852]]]}, "properties": {"osm_id": 1275383869, "building_type": "yes", "osm_height": null, "osm_levels": null, "name": null}}, {"type": "Feature", "geometry": {"type": "Polygon", "coordinates": [[[78.3673162, 17.4152212], [78.3672034, 17.4152452], [78.3671826, 17.4151565], [78.3672954, 17.4151324], [78.3673162, 17.4152212]]]}, "properties": {"osm_id": 1275383870, "building_type": "yes", "osm_height": null, "osm_levels": null, "name": null}}, {"type": "Feature", "geometry": {"type": "Polygon", "coordinates": [[[78.3673344, 17.4153319], [78.3672215, 17.4153559], [78.3672007, 17.4152672], [78.3673136, 17.4152432], [78.3673344, 17.4153319]]]}, "properties": {"osm_id": 1275383871, "building_type": "yes", "osm_height": null, "osm_levels": null, "name": null}}, {"type": "Feature", "geometry": {"type": "Polygon", "coordinates": [[[78.3673646, 17.4154378], [78.3672518, 17.4154619], [78.367231, 17.4153732], [78.3673439, 17.4153491], [78.3673646, 17.4154378]]]}, "properties": {"osm_id": 1275383872, "building_type": "yes", "osm_height": null, "osm_levels": null, "name": null}}, {"type": "Feature", "geometry": {"type": "Polygon", "coordinates": [[[78.3673879, 17.4155457], [78.367275, 17.4155697], [78.3672542, 17.415481], [78.3673671, 17.4154569], [78.3673879, 17.4155457]]]}, "properties": {"osm_id": 1275383873, "building_type": "yes", "osm_height": null, "osm_levels": null, "name": null}}, {"type": "Feature", "geometry": {"type": "Polygon", "coordinates": [[[78.367407, 17.4156554], [78.3672942, 17.4156795], [78.3672734, 17.4155908], [78.3673863, 17.4155667], [78.367407, 17.4156554]]]}, "properties": {"osm_id": 1275383874, "building_type": "yes", "osm_height": null, "osm_levels": null, "name": null}}, {"type": "Feature", "geometry": {"type": "Polygon", "coordinates": [[[78.3682253, 17.4156793], [78.3680925, 17.4157072], [78.3680733, 17.4156239], [78.3682061, 17.415596], [78.3682253, 17.4156793]]]}, "properties": {"osm_id": 1275383875, "building_type": "yes", "osm_height": null, "osm_levels": null, "name": null}}, {"type": "Feature", "geometry": {"type": "Polygon", "coordinates": [[[78.3682549, 17.4158029], [78.3681221, 17.4158308], [78.3681029, 17.4157475], [78.3682357, 17.4157197], [78.3682549, 17.4158029]]]}, "properties": {"osm_id": 1275383876, "building_type": "yes", "osm_height": null, "osm_levels": null, "name": null}}, {"type": "Feature", "geometry": {"type": "Polygon", "coordinates": [[[78.3682811, 17.4159281], [78.3681483, 17.415956], [78.3681291, 17.4158727], [78.3682619, 17.4158448], [78.3682811, 17.4159281]]]}, "properties": {"osm_id": 1275383877, "building_type": "yes", "osm_height": null, "osm_levels": null, "name": null}}, {"type": "Feature", "geometry": {"type": "Polygon", "coordinates": [[[78.3684557, 17.4158906], [78.3683229, 17.4159184], [78.3683037, 17.4158352], [78.3684365, 17.4158073], [78.3684557, 17.4158906]]]}, "properties": {"osm_id": 1275383878, "building_type": "yes", "osm_height": null, "osm_levels": null, "name": null}}, {"type": "Feature", "geometry": {"type": "Polygon", "coordinates": [[[78.3679703, 17.4158665], [78.3678375, 17.4158944], [78.3678183, 17.4158111], [78.3679511, 17.4157832], [78.3679703, 17.4158665]]]}, "properties": {"osm_id": 1275383879, "building_type": "yes", "osm_height": null, "osm_levels": null, "name": null}}, {"type": "Feature", "geometry": {"type": "Polygon", "coordinates": [[[78.3683562, 17.4162941], [78.3682234, 17.416322], [78.3682042, 17.4162387], [78.368337, 17.4162109], [78.3683562, 17.4162941]]]}, "properties": {"osm_id": 1275383880, "building_type": "yes", "osm_height": null, "osm_levels": null, "name": null}}, {"type": "Feature", "geometry": {"type": "Polygon", "coordinates": [[[78.3683783, 17.4164164], [78.3682455, 17.4164443], [78.3682263, 17.416361], [78.3683591, 17.4163331], [78.3683783, 17.4164164]]]}, "properties": {"osm_id": 1275383881, "building_type": "yes", "osm_height": null, "osm_levels": null, "name": null}}, {"type": "Feature", "geometry": {"type": "Polygon", "coordinates": [[[78.3681044, 17.4164684], [78.3679716, 17.4164963], [78.3679524, 17.416413], [78.3680852, 17.4163851], [78.3681044, 17.4164684]]]}, "properties": {"osm_id": 1275383882, "building_type": "yes", "osm_height": null, "osm_levels": null, "name": null}}, {"type": "Feature", "geometry": {"type": "Polygon", "coordinates": [[[78.3680867, 17.4163518], [78.3679539, 17.4163797], [78.3679347, 17.4162964], [78.3680675, 17.4162685], [78.3680867, 17.4163518]]]}, "properties": {"osm_id": 1275383883, "building_type": "yes", "osm_height": null, "osm_levels": null, "name": null}}, {"type": "Feature", "geometry": {"type": "Polygon", "coordinates": [[[78.3805225, 17.4199048], [78.3805311, 17.4197894], [78.3807346, 17.4198032], [78.380726, 17.4199187], [78.3805225, 17.4199048]]]}, "properties": {"osm_id": 1293357386, "building_type": "residential", "osm_height": null, "osm_levels": null, "name": "Grand Brundavan Men's PG(Block C)", "tourism": "hostel"}}, {"type": "Feature", "geometry": {"type": "Polygon", "coordinates": [[[78.3802695, 17.4198842], [78.3804673, 17.4198991], [78.3804765, 17.4197871], [78.3802788, 17.4197722], [78.3802695, 17.4198842]]]}, "properties": {"osm_id": 1293357907, "building_type": "residential", "osm_height": null, "osm_levels": 5, "name": "Grand Brundavan Premium Men's PG", "tourism": "hostel"}}, {"type": "Feature", "geometry": {"type": "Polygon", "coordinates": [[[78.3775391, 17.4254889], [78.3770159, 17.4247905], [78.3770473, 17.4247648], [78.3769777, 17.4246748], [78.3772921, 17.4244542], [78.3774335, 17.4246384], [78.3774739, 17.424617], [78.3775323, 17.4246941], [78.3775503, 17.424692], [78.3776311, 17.4248034], [78.3776536, 17.4247969], [78.3777411, 17.4249062], [78.3777681, 17.4248912], [78.3778534, 17.4250004], [78.3778849, 17.4249855], [78.3780196, 17.4251461], [78.3775391, 17.4254889]]]}, "properties": {"osm_id": 1299545984, "building_type": "yes", "osm_height": null, "osm_levels": null, "name": "Wells Fargo Tower 4", "office": "it"}}, {"type": "Feature", "geometry": {"type": "Polygon", "coordinates": [[[78.3783476, 17.4180394], [78.3784411, 17.4180181], [78.37837, 17.417766], [78.3782806, 17.4177815], [78.3783476, 17.4180394]]]}, "properties": {"osm_id": 1335146546, "building_type": "yes", "osm_height": null, "osm_levels": null, "name": null}}, {"type": "Feature", "geometry": {"type": "Polygon", "coordinates": [[[78.3782277, 17.4180782], [78.3783212, 17.4180569], [78.3782501, 17.4178048], [78.3781606, 17.4178203], [78.3782277, 17.4180782]]]}, "properties": {"osm_id": 1335146547, "building_type": "yes", "osm_height": null, "osm_levels": null, "name": null}}, {"type": "Feature", "geometry": {"type": "Polygon", "coordinates": [[[78.3772196, 17.418795], [78.3773159, 17.4187751], [78.3772526, 17.4184953], [78.3771563, 17.4185151], [78.3772196, 17.418795]]]}, "properties": {"osm_id": 1335146548, "building_type": "commercial", "osm_height": null, "osm_levels": 4, "name": "Lucky Plaza"}}, {"type": "Feature", "geometry": {"type": "Polygon", "coordinates": [[[78.3782378, 17.4163773], [78.3783663, 17.4163808], [78.3783824, 17.4158447], [78.3782539, 17.4158412], [78.3782378, 17.4163773]]]}, "properties": {"osm_id": 1335146549, "building_type": "yes", "osm_height": null, "osm_levels": null, "name": null}}, {"type": "Feature", "geometry": {"type": "Polygon", "coordinates": [[[78.3780711, 17.4163792], [78.3781996, 17.4163827], [78.3782157, 17.4158466], [78.3780872, 17.4158431], [78.3780711, 17.4163792]]]}, "properties": {"osm_id": 1335146550, "building_type": "yes", "osm_height": null, "osm_levels": null, "name": null}}, {"type": "Feature", "geometry": {"type": "Polygon", "coordinates": [[[78.3839275, 17.4136439], [78.3840449, 17.4136536], [78.3840784, 17.4132838], [78.3839611, 17.4132741], [78.3839275, 17.4136439]]]}, "properties": {"osm_id": 1341466041, "building_type": "yes", "osm_height": null, "osm_levels": null, "name": null}}, {"type": "Feature", "geometry": {"type": "Polygon", "coordinates": [[[78.3837358, 17.4136618], [78.3838532, 17.4136715], [78.3838867, 17.4133017], [78.3837694, 17.413292], [78.3837358, 17.4136618]]]}, "properties": {"osm_id": 1341466042, "building_type": "yes", "osm_height": null, "osm_levels": null, "name": null}}, {"type": "Feature", "geometry": {"type": "Polygon", "coordinates": [[[78.3835319, 17.4136336], [78.3836493, 17.4136433], [78.3836828, 17.4132735], [78.3835655, 17.4132638], [78.3835319, 17.4136336]]]}, "properties": {"osm_id": 1341466043, "building_type": "yes", "osm_height": null, "osm_levels": null, "name": null}}, {"type": "Feature", "geometry": {"type": "Polygon", "coordinates": [[[78.3833388, 17.4136208], [78.3834562, 17.4136305], [78.3834897, 17.4132607], [78.3833724, 17.413251], [78.3833388, 17.4136208]]]}, "properties": {"osm_id": 1341466044, "building_type": "yes", "osm_height": null, "osm_levels": null, "name": null}}, {"type": "Feature", "geometry": {"type": "Polygon", "coordinates": [[[78.3840952, 17.4136592], [78.3842126, 17.4136689], [78.3842461, 17.4132991], [78.3841288, 17.4132894], [78.3840952, 17.4136592]]]}, "properties": {"osm_id": 1341466045, "building_type": "yes", "osm_height": null, "osm_levels": null, "name": null}}, {"type": "Feature", "geometry": {"type": "Polygon", "coordinates": [[[78.3876923, 17.4202756], [78.3877685, 17.4203638], [78.3879467, 17.4202184], [78.387869, 17.4201272], [78.3876923, 17.4202756]]]}, "properties": {"osm_id": 1349458147, "building_type": "yes", "osm_height": null, "osm_levels": null, "name": null}}, {"type": "Feature", "geometry": {"type": "Polygon", "coordinates": [[[78.3878916, 17.4201195], [78.3879613, 17.4202014], [78.3881331, 17.4200653], [78.3880618, 17.4199849], [78.3878916, 17.4201195]]]}, "properties": {"osm_id": 1349458148, "building_type": "yes", "osm_height": null, "osm_levels": null, "name": null}}, {"type": "Feature", "geometry": {"type": "Polygon", "coordinates": [[[78.3881009, 17.4203619], [78.3881363, 17.4204024], [78.3883785, 17.4202067], [78.3883432, 17.4201662], [78.3881009, 17.4203619]]]}, "properties": {"osm_id": 1349458150, "building_type": "yes", "osm_height": null, "osm_levels": null, "name": null}}, {"type": "Feature", "geometry": {"type": "Polygon", "coordinates": [[[78.3816118, 17.4209269], [78.3815099, 17.4207893], [78.3816003, 17.4207269], [78.3817041, 17.4208663], [78.3816118, 17.4209269]]]}, "properties": {"osm_id": 1422986150, "building_type": "yes", "osm_height": null, "osm_levels": 6, "name": "TLR Luxury Spaces for Coliving", "tourism": "hostel"}}, {"type": "Feature", "geometry": {"type": "Polygon", "coordinates": [[[78.3818096, 17.417603], [78.3818975, 17.4176057], [78.3818918, 17.417881], [78.3818011, 17.417881], [78.3818096, 17.417603]]]}, "properties": {"osm_id": 1427506911, "building_type": "yes", "osm_height": null, "osm_levels": 6, "name": "SBN Elite Hostel", "tourism": "hostel"}}, {"type": "Feature", "geometry": {"type": "Polygon", "coordinates": [[[78.3815011, 17.4180668], [78.3814952, 17.4179517], [78.3816929, 17.4179536], [78.3816929, 17.418064], [78.3815011, 17.4180668]]]}, "properties": {"osm_id": 1427506912, "building_type": "yes", "osm_height": null, "osm_levels": 5, "name": "Nandu Men's PG", "tourism": "hostel"}}, {"type": "Feature", "geometry": {"type": "Polygon", "coordinates": [[[78.3751764, 17.4183605], [78.3753048, 17.418326], [78.3751671, 17.4178559], [78.375048, 17.4178893], [78.3751764, 17.4183605]]]}, "properties": {"osm_id": 1427511160, "building_type": "retail", "osm_height": null, "osm_levels": 4, "name": "Arka Kakuth"}}, {"type": "Feature", "geometry": {"type": "Polygon", "coordinates": [[[78.3867822, 17.4357728], [78.3868431, 17.4357513], [78.386898, 17.435767], [78.3869329, 17.4356524], [78.3869189, 17.4356236], [78.3868602, 17.4356418], [78.3867793, 17.4356287], [78.3867363, 17.4356611], [78.3867822, 17.4357728]]]}, "properties": {"osm_id": 1451064953, "building_type": "yes", "osm_height": null, "osm_levels": null, "name": null}}, {"type": "Feature", "geometry": {"type": "Polygon", "coordinates": [[[78.372192, 17.4164085], [78.3722107, 17.4161684], [78.3720093, 17.4161495], [78.3720325, 17.4164739], [78.3721237, 17.4164626], [78.3721871, 17.4164566], [78.372192, 17.4164085]]]}, "properties": {"osm_id": 1451874865, "building_type": "apartments", "osm_height": 21.3, "osm_levels": 5, "name": "Sri Venkateswara Nilayam", "addr_street": "SVN Road / Road# 4A", "addr_housenumber": "2-65/SVN"}}, {"type": "Feature", "geometry": {"type": "Polygon", "coordinates": [[[78.3759333, 17.4103185], [78.3759473, 17.4103417], [78.3759626, 17.410371], [78.3759869, 17.4103978], [78.3760137, 17.4104185], [78.3760393, 17.4104343], [78.376075, 17.4104526], [78.376121, 17.4104636], [78.3763433, 17.4104697], [78.3763395, 17.4104136], [78.3763867, 17.4104148], [78.3764072, 17.410399], [78.3764302, 17.4103819], [78.3764353, 17.4103417], [78.3764672, 17.4103417], [78.3764761, 17.4100333], [78.3759741, 17.4100211], [78.375969, 17.4103283], [78.3759523, 17.4103257], [78.3759333, 17.4103185]]]}, "properties": {"osm_id": 1457097812, "building_type": "yes", "osm_height": null, "osm_levels": null, "name": "Club Zeus"}}, {"type": "Feature", "geometry": {"type": "Polygon", "coordinates": [[[78.3823137, 17.4220473], [78.382303, 17.4220141], [78.3822681, 17.422032], [78.3820777, 17.4218375], [78.3822239, 17.4216571], [78.3824358, 17.4218388], [78.3824599, 17.4219232], [78.3824009, 17.4219834], [78.3824224, 17.4220358], [78.3823137, 17.4220473]]]}, "properties": {"osm_id": 1460728689, "building_type": "retail", "osm_height": null, "osm_levels": 4, "name": "Sri Tirumala Hub-9"}}, {"type": "Feature", "geometry": {"type": "Polygon", "coordinates": [[[78.3773446, 17.4187859], [78.3774398, 17.4187631], [78.3774044, 17.4186283], [78.3773092, 17.418651], [78.3773446, 17.4187859]]]}, "properties": {"osm_id": 1461843856, "building_type": "retail", "osm_height": null, "osm_levels": 4, "name": "Rainbow Vista"}}, {"type": "Feature", "geometry": {"type": "Polygon", "coordinates": [[[78.3795396, 17.4202198], [78.3796212, 17.4202712], [78.3797682, 17.4200589], [78.3796865, 17.4200074], [78.3795396, 17.4202198]]]}, "properties": {"osm_id": 1461900902, "building_type": "commercial", "osm_height": null, "osm_levels": 4, "name": "KRS Arcade"}}, {"type": "Feature", "geometry": {"type": "Polygon", "coordinates": [[[78.3798028, 17.42386], [78.380255, 17.4235027], [78.3800883, 17.423321], [78.3796408, 17.4236783], [78.3798028, 17.42386]]]}, "properties": {"osm_id": 1461906011, "building_type": "commercial", "osm_height": null, "osm_levels": 7, "name": "G Square"}}, {"type": "Feature", "geometry": {"type": "Polygon", "coordinates": [[[78.3797982, 17.4214454], [78.3797977, 17.4213645], [78.3799421, 17.4213582], [78.3799699, 17.4213873], [78.3799746, 17.4214794], [78.3798233, 17.4214852], [78.3797982, 17.4214454]]]}, "properties": {"osm_id": 1463398000, "building_type": "yes", "osm_height": null, "osm_levels": null, "name": "\u0c36\u0c4d\u0c30\u0c40 \u0c36\u0c4d\u0c30\u0c40 \u0c36\u0c4d\u0c30\u0c40 \u0c05\u0c2d\u0c2f \u0c06\u0c02\u0c1c\u0c28\u0c47\u0c2f \u0c38\u0c4d\u0c35\u0c3e\u0c2e\u0c3f \u0c26\u0c47\u0c35\u0c3e\u0c32\u0c2f\u0c02", "amenity": "place_of_worship"}}, {"type": "Feature", "geometry": {"type": "Polygon", "coordinates": [[[78.3808329, 17.4202013], [78.3809214, 17.4201602], [78.380847, 17.4200142], [78.3807584, 17.4200552], [78.3808329, 17.4202013]]]}, "properties": {"osm_id": 1463398564, "building_type": "yes", "osm_height": null, "osm_levels": 6, "name": "SS Reddy Grand Deluxe Men's PG", "tourism": "hostel"}}, {"type": "Feature", "geometry": {"type": "Polygon", "coordinates": [[[78.3777805, 17.4157097], [78.3777811, 17.4156333], [78.3779611, 17.4156352], [78.3779612, 17.4157121], [78.3777805, 17.4157097]]]}, "properties": {"osm_id": 1473519551, "building_type": "shed", "osm_height": null, "osm_levels": null, "name": "General store", "shop": "supermarket"}}, {"type": "Feature", "geometry": {"type": "Polygon", "coordinates": [[[78.3819376, 17.4142468], [78.3819515, 17.4142472], [78.3820253, 17.4142495], [78.3820248, 17.4141428], [78.3818915, 17.4141383], [78.381912, 17.4141853], [78.3819149, 17.4141921], [78.3819376, 17.4142468]]]}, "properties": {"osm_id": 1473553063, "building_type": "yes", "osm_height": null, "osm_levels": null, "name": "Durga temple", "amenity": "place_of_worship"}}, {"type": "Feature", "geometry": {"type": "Polygon", "coordinates": [[[78.383173, 17.4131943], [78.3832687, 17.4132025], [78.3832743, 17.4130837], [78.3831825, 17.4130772], [78.383173, 17.4131943]]]}, "properties": {"osm_id": 1473553064, "building_type": "yes", "osm_height": null, "osm_levels": null, "name": "chitrapuri community hall", "amenity": "community_centre"}}, {"type": "Feature", "geometry": {"type": "Polygon", "coordinates": [[[78.3837926, 17.4208553], [78.3841413, 17.4206045], [78.383784, 17.4201522], [78.3834353, 17.420403], [78.3837926, 17.4208553]]]}, "properties": {"osm_id": 1496345298, "building_type": "yes", "osm_height": null, "osm_levels": null, "name": null}}, {"type": "Feature", "geometry": {"type": "Polygon", "coordinates": [[[78.3831489, 17.4214029], [78.3835083, 17.4211317], [78.3831391, 17.4206864], [78.3827797, 17.4209576], [78.3831489, 17.4214029]]]}, "properties": {"osm_id": 1496345299, "building_type": "yes", "osm_height": null, "osm_levels": null, "name": null}}, {"type": "Feature", "geometry": {"type": "Polygon", "coordinates": [[[78.384608, 17.4204253], [78.3842915, 17.4199391], [78.3841409, 17.4200283], [78.3844574, 17.4205146], [78.384608, 17.4204253]]]}, "properties": {"osm_id": 1496345300, "building_type": "yes", "osm_height": null, "osm_levels": null, "name": null}}, {"type": "Feature", "geometry": {"type": "Polygon", "coordinates": [[[78.3846748, 17.4225762], [78.3852798, 17.4220777], [78.3847702, 17.4215146], [78.3841652, 17.4220131], [78.3846748, 17.4225762]]]}, "properties": {"osm_id": 1496345301, "building_type": "yes", "osm_height": null, "osm_levels": null, "name": null}}, {"type": "Feature", "geometry": {"type": "Polygon", "coordinates": [[[78.3848838, 17.4214], [78.3852995, 17.4218505], [78.3857422, 17.4214784], [78.3853265, 17.421028], [78.3848838, 17.4214]]]}, "properties": {"osm_id": 1496345302, "building_type": "yes", "osm_height": null, "osm_levels": null, "name": null}}, {"type": "Feature", "geometry": {"type": "Polygon", "coordinates": [[[78.3803222, 17.4344674], [78.3809169, 17.4339884], [78.3806856, 17.4337269], [78.3800908, 17.434206], [78.3803222, 17.4344674]]]}, "properties": {"osm_id": 1496345306, "building_type": "commercial", "osm_height": null, "osm_levels": null, "name": null}}, {"type": "Feature", "geometry": {"type": "Polygon", "coordinates": [[[78.3825983, 17.4362673], [78.3839366, 17.4352762], [78.3836442, 17.4349168], [78.3823059, 17.435908], [78.3825983, 17.4362673]]]}, "properties": {"osm_id": 1496345307, "building_type": "commercial", "osm_height": null, "osm_levels": null, "name": null}}, {"type": "Feature", "geometry": {"type": "Polygon", "coordinates": [[[78.3723362, 17.4153025], [78.3723816, 17.4151256], [78.372687, 17.4151968], [78.3726492, 17.4153776], [78.3723362, 17.4153025]]]}, "properties": {"osm_id": 1517826635, "building_type": "apartments", "osm_height": null, "osm_levels": null, "name": "Ayush Lake Pearl Apartment"}}, {"type": "Feature", "geometry": {"type": "Polygon", "coordinates": [[[78.3724888, 17.4147154], [78.3726242, 17.4147422], [78.3725731, 17.4149585], [78.3724419, 17.4149273], [78.3724888, 17.4147154]]]}, "properties": {"osm_id": 1517826636, "building_type": "apartments", "osm_height": null, "osm_levels": null, "name": "Park Avenue Apartment"}}, {"type": "Feature", "geometry": {"type": "Polygon", "coordinates": [[[78.3723877, 17.4151179], [78.3724291, 17.4149556], [78.372568, 17.4149878], [78.3725328, 17.415149], [78.3723877, 17.4151179]]]}, "properties": {"osm_id": 1517826637, "building_type": "apartments", "osm_height": null, "osm_levels": null, "name": "Sowbagya Sadan Apartment"}}, {"type": "Feature", "geometry": {"type": "Polygon", "coordinates": [[[78.3721549, 17.4148932], [78.3723106, 17.414921], [78.3722739, 17.4150872], [78.3721171, 17.4150604], [78.3721549, 17.4148932]]]}, "properties": {"osm_id": 1517826638, "building_type": "apartments", "osm_height": null, "osm_levels": null, "name": "Golden Bud Apartment"}}, {"type": "Feature", "geometry": {"type": "Polygon", "coordinates": [[[78.372259, 17.414462], [78.3724276, 17.4144868], [78.3723811, 17.4146515], [78.3722172, 17.4146189], [78.372259, 17.414462]]]}, "properties": {"osm_id": 1517826639, "building_type": "apartments", "osm_height": null, "osm_levels": null, "name": "Chaitanya Residency"}}, {"type": "Feature", "geometry": {"type": "Polygon", "coordinates": [[[78.3677743, 17.4165229], [78.367883, 17.4164961], [78.3678644, 17.4164277], [78.3677558, 17.4164545], [78.3677743, 17.4165229]]]}, "properties": {"osm_id": 1534518473, "building_type": "yes", "osm_height": null, "osm_levels": null, "name": null}}, {"type": "Feature", "geometry": {"type": "Polygon", "coordinates": [[[78.3677751, 17.4163931], [78.3678777, 17.4163663], [78.367857, 17.4162974], [78.3677575, 17.4163213], [78.3677751, 17.4163931]]]}, "properties": {"osm_id": 1534518474, "building_type": "yes", "osm_height": null, "osm_levels": null, "name": null}}, {"type": "Feature", "geometry": {"type": "Polygon", "coordinates": [[[78.3677477, 17.4162719], [78.3678503, 17.4162451], [78.3678296, 17.4161762], [78.36773, 17.4162001], [78.3677477, 17.4162719]]]}, "properties": {"osm_id": 1534518475, "building_type": "yes", "osm_height": null, "osm_levels": null, "name": null}}, {"type": "Feature", "geometry": {"type": "Polygon", "coordinates": [[[78.3677202, 17.4161371], [78.3678228, 17.4161103], [78.3678021, 17.4160414], [78.3677026, 17.4160653], [78.3677202, 17.4161371]]]}, "properties": {"osm_id": 1534518476, "building_type": "yes", "osm_height": null, "osm_levels": null, "name": null}}, {"type": "Feature", "geometry": {"type": "Polygon", "coordinates": [[[78.3674841, 17.4165541], [78.3675917, 17.41652], [78.3675361, 17.4163601], [78.3674284, 17.4163942], [78.3674841, 17.4165541]]]}, "properties": {"osm_id": 1534518477, "building_type": "yes", "osm_height": null, "osm_levels": null, "name": null}}, {"type": "Feature", "geometry": {"type": "Polygon", "coordinates": [[[78.3673646, 17.4165757], [78.3674642, 17.4165376], [78.3674076, 17.4164028], [78.367308, 17.4164409], [78.3673646, 17.4165757]]]}, "properties": {"osm_id": 1534518478, "building_type": "yes", "osm_height": null, "osm_levels": null, "name": null}}, {"type": "Feature", "geometry": {"type": "Polygon", "coordinates": [[[78.3676344, 17.4165515], [78.3677377, 17.4165183], [78.3676704, 17.4163276], [78.3675671, 17.4163608], [78.3676344, 17.4165515]]]}, "properties": {"osm_id": 1534518479, "building_type": "yes", "osm_height": null, "osm_levels": null, "name": null}}, {"type": "Feature", "geometry": {"type": "Polygon", "coordinates": [[[78.3676422, 17.4162836], [78.3677014, 17.4162699], [78.3676542, 17.4160845], [78.3675951, 17.4160982], [78.3676422, 17.4162836]]]}, "properties": {"osm_id": 1534518480, "building_type": "yes", "osm_height": null, "osm_levels": null, "name": null}}, {"type": "Feature", "geometry": {"type": "Polygon", "coordinates": [[[78.367605, 17.4159627], [78.3677361, 17.4159239], [78.3677208, 17.4158803], [78.3677655, 17.4158657], [78.3677422, 17.4158007], [78.367794, 17.4157833], [78.3677747, 17.4157261], [78.367543, 17.4157881], [78.367605, 17.4159627]]]}, "properties": {"osm_id": 1534518481, "building_type": "yes", "osm_height": null, "osm_levels": null, "name": null}}, {"type": "Feature", "geometry": {"type": "Polygon", "coordinates": [[[78.3671064, 17.4157994], [78.3671902, 17.415779], [78.3671643, 17.415682], [78.3670805, 17.4157024], [78.3671064, 17.4157994]]]}, "properties": {"osm_id": 1534518482, "building_type": "yes", "osm_height": null, "osm_levels": null, "name": null}}, {"type": "Feature", "geometry": {"type": "Polygon", "coordinates": [[[78.367084, 17.4156888], [78.3671678, 17.4156684], [78.367142, 17.4155715], [78.3670581, 17.4155918], [78.367084, 17.4156888]]]}, "properties": {"osm_id": 1534518483, "building_type": "yes", "osm_height": null, "osm_levels": null, "name": null}}, {"type": "Feature", "geometry": {"type": "Polygon", "coordinates": [[[78.3670566, 17.4155715], [78.3671404, 17.4155511], [78.3671145, 17.4154541], [78.3670307, 17.4154745], [78.3670566, 17.4155715]]]}, "properties": {"osm_id": 1534518484, "building_type": "yes", "osm_height": null, "osm_levels": null, "name": null}}, {"type": "Feature", "geometry": {"type": "Polygon", "coordinates": [[[78.3669867, 17.4154566], [78.3671151, 17.4154241], [78.3670974, 17.4153605], [78.366969, 17.4153931], [78.3669867, 17.4154566]]]}, "properties": {"osm_id": 1534518485, "building_type": "yes", "osm_height": null, "osm_levels": null, "name": null}}, {"type": "Feature", "geometry": {"type": "Polygon", "coordinates": [[[78.3669531, 17.415376], [78.3670838, 17.415342], [78.3670576, 17.4152501], [78.3669269, 17.415284], [78.3669531, 17.415376]]]}, "properties": {"osm_id": 1534518486, "building_type": "yes", "osm_height": null, "osm_levels": null, "name": null}}, {"type": "Feature", "geometry": {"type": "Polygon", "coordinates": [[[78.367756, 17.4149135], [78.3678283, 17.4148919], [78.3677887, 17.4147713], [78.367754, 17.4147817], [78.36777, 17.4148307], [78.3677325, 17.4148419], [78.367756, 17.4149135]]]}, "properties": {"osm_id": 1534518487, "building_type": "yes", "osm_height": null, "osm_levels": null, "name": null}}, {"type": "Feature", "geometry": {"type": "Polygon", "coordinates": [[[78.367329, 17.4138315], [78.3674616, 17.4138114], [78.3674309, 17.4136268], [78.3672982, 17.4136469], [78.367329, 17.4138315]]]}, "properties": {"osm_id": 1534518488, "building_type": "yes", "osm_height": null, "osm_levels": null, "name": null}}, {"type": "Feature", "geometry": {"type": "Polygon", "coordinates": [[[78.3672954, 17.4135768], [78.3674391, 17.4135648], [78.3674273, 17.4134363], [78.3672836, 17.4134483], [78.3672954, 17.4135768]]]}, "properties": {"osm_id": 1534518489, "building_type": "yes", "osm_height": null, "osm_levels": null, "name": null}}, {"type": "Feature", "geometry": {"type": "Polygon", "coordinates": [[[78.3671344, 17.4164238], [78.3672823, 17.4163793], [78.3672624, 17.4163192], [78.3671418, 17.4163555], [78.3671145, 17.4163637], [78.3671344, 17.4164238]]]}, "properties": {"osm_id": 1534528140, "building_type": "yes", "osm_height": null, "osm_levels": null, "name": null}}, {"type": "Feature", "geometry": {"type": "Polygon", "coordinates": [[[78.367114, 17.4163405], [78.3672625, 17.4162977], [78.3672133, 17.4161422], [78.3670648, 17.4161849], [78.367114, 17.4163405]]]}, "properties": {"osm_id": 1534528141, "building_type": "yes", "osm_height": null, "osm_levels": null, "name": null}}, {"type": "Feature", "geometry": {"type": "Polygon", "coordinates": [[[78.3673349, 17.4164063], [78.3674091, 17.4163792], [78.3673749, 17.4162942], [78.3673007, 17.4163214], [78.3673349, 17.4164063]]]}, "properties": {"osm_id": 1534528142, "building_type": "yes", "osm_height": null, "osm_levels": null, "name": null}}, {"type": "Feature", "geometry": {"type": "Polygon", "coordinates": [[[78.3672832, 17.4162795], [78.3673624, 17.4162561], [78.3673173, 17.4161169], [78.3672381, 17.4161402], [78.3672832, 17.4162795]]]}, "properties": {"osm_id": 1534528143, "building_type": "yes", "osm_height": null, "osm_levels": null, "name": null}}, {"type": "Feature", "geometry": {"type": "Polygon", "coordinates": [[[78.3673938, 17.4163273], [78.367442, 17.4163146], [78.3673779, 17.4160763], [78.3673285, 17.4160879], [78.3673508, 17.4161804], [78.3673829, 17.4161713], [78.3673902, 17.4161928], [78.3673573, 17.4162015], [78.3673938, 17.4163273]]]}, "properties": {"osm_id": 1534528144, "building_type": "yes", "osm_height": null, "osm_levels": null, "name": null}}, {"type": "Feature", "geometry": {"type": "Polygon", "coordinates": [[[78.3678985, 17.4157827], [78.3679845, 17.415758], [78.3679526, 17.4156564], [78.3678665, 17.415681], [78.3678985, 17.4157827]]]}, "properties": {"osm_id": 1534528145, "building_type": "yes", "osm_height": null, "osm_levels": null, "name": null}}, {"type": "Feature", "geometry": {"type": "Polygon", "coordinates": [[[78.3686801, 17.4162218], [78.3688107, 17.4161917], [78.3687895, 17.4161077], [78.3686588, 17.4161379], [78.3686801, 17.4162218]]]}, "properties": {"osm_id": 1534528146, "building_type": "yes", "osm_height": null, "osm_levels": null, "name": null}}, {"type": "Feature", "geometry": {"type": "Polygon", "coordinates": [[[78.3689553, 17.4165159], [78.3691023, 17.4164728], [78.3690024, 17.4163512], [78.3689109, 17.416378], [78.3689553, 17.4165159]]]}, "properties": {"osm_id": 1534528147, "building_type": "yes", "osm_height": null, "osm_levels": null, "name": null}}, {"type": "Feature", "geometry": {"type": "Polygon", "coordinates": [[[78.3691093, 17.416881], [78.3694129, 17.4168459], [78.3693271, 17.4167125], [78.3690954, 17.4167356], [78.3691093, 17.416881]]]}, "properties": {"osm_id": 1534528148, "building_type": "yes", "osm_height": null, "osm_levels": null, "name": null}}, {"type": "Feature", "geometry": {"type": "Polygon", "coordinates": [[[78.3687405, 17.4173885], [78.3689991, 17.4173602], [78.368977, 17.4171756], [78.3687183, 17.4172039], [78.3687405, 17.4173885]]]}, "properties": {"osm_id": 1534528149, "building_type": "yes", "osm_height": null, "osm_levels": null, "name": null}}, {"type": "Feature", "geometry": {"type": "Polygon", "coordinates": [[[78.368696, 17.4170998], [78.3687712, 17.4170956], [78.3687719, 17.4171077], [78.3687954, 17.4171064], [78.3688, 17.4170902], [78.3689631, 17.4170812], [78.368956, 17.4169657], [78.3686888, 17.4169805], [78.368696, 17.4170998]]]}, "properties": {"osm_id": 1534528150, "building_type": "yes", "osm_height": null, "osm_levels": null, "name": null}}, {"type": "Feature", "geometry": {"type": "Polygon", "coordinates": [[[78.3748305, 17.4200388], [78.3750395, 17.4200238], [78.3750302, 17.4199052], [78.3748211, 17.4199203], [78.3748305, 17.4200388]]]}, "properties": {"osm_id": 1534528151, "building_type": "yes", "osm_height": null, "osm_levels": null, "name": null}}, {"type": "Feature", "geometry": {"type": "Polygon", "coordinates": [[[78.374831, 17.4198827], [78.3750015, 17.4198701], [78.3749827, 17.4196401], [78.3748122, 17.4196528], [78.374831, 17.4198827]]]}, "properties": {"osm_id": 1534528152, "building_type": "yes", "osm_height": null, "osm_levels": null, "name": null}}, {"type": "Feature", "geometry": {"type": "Polygon", "coordinates": [[[78.3750826, 17.4199191], [78.3751625, 17.4199115], [78.3751316, 17.4196188], [78.3750517, 17.4196265], [78.3750826, 17.4199191]]]}, "properties": {"osm_id": 1534528153, "building_type": "yes", "osm_height": null, "osm_levels": null, "name": null}}, {"type": "Feature", "geometry": {"type": "Polygon", "coordinates": [[[78.3747125, 17.4199724], [78.374789, 17.4199724], [78.374789, 17.4198682], [78.3747125, 17.4198682], [78.3747125, 17.4199724]]]}, "properties": {"osm_id": 1534528154, "building_type": "yes", "osm_height": null, "osm_levels": null, "name": null}}, {"type": "Feature", "geometry": {"type": "Polygon", "coordinates": [[[78.3747052, 17.419821], [78.3747771, 17.4198176], [78.3747679, 17.4196435], [78.374696, 17.419647], [78.3747052, 17.419821]]]}, "properties": {"osm_id": 1534528155, "building_type": "yes", "osm_height": null, "osm_levels": null, "name": null}}, {"type": "Feature", "geometry": {"type": "Polygon", "coordinates": [[[78.3747002, 17.4195635], [78.3749835, 17.4195477], [78.3749706, 17.4193371], [78.3746873, 17.4193529], [78.3747002, 17.4195635]]]}, "properties": {"osm_id": 1534528156, "building_type": "yes", "osm_height": null, "osm_levels": null, "name": null}}, {"type": "Feature", "geometry": {"type": "Polygon", "coordinates": [[[78.3750259, 17.4194946], [78.3751865, 17.4194888], [78.3751763, 17.4193346], [78.3750117, 17.4193531], [78.3750259, 17.4194946]]]}, "properties": {"osm_id": 1534528157, "building_type": "yes", "osm_height": null, "osm_levels": null, "name": null}}, {"type": "Feature", "geometry": {"type": "Polygon", "coordinates": [[[78.3752327, 17.4195178], [78.3753473, 17.4195104], [78.3753348, 17.4193337], [78.3752202, 17.4193412], [78.3752327, 17.4195178]]]}, "properties": {"osm_id": 1534528158, "building_type": "yes", "osm_height": null, "osm_levels": null, "name": null}}, {"type": "Feature", "geometry": {"type": "Polygon", "coordinates": [[[78.375236, 17.4188508], [78.3754552, 17.4188128], [78.3754226, 17.418642], [78.3752034, 17.41868], [78.375236, 17.4188508]]]}, "properties": {"osm_id": 1534528159, "building_type": "yes", "osm_height": null, "osm_levels": null, "name": null}}, {"type": "Feature", "geometry": {"type": "Polygon", "coordinates": [[[78.3756808, 17.4188604], [78.375736, 17.4188496], [78.3757396, 17.4188666], [78.3758129, 17.4188524], [78.3758066, 17.4188228], [78.3758829, 17.4188079], [78.375862, 17.4187102], [78.3756572, 17.4187501], [78.3756808, 17.4188604]]]}, "properties": {"osm_id": 1534528160, "building_type": "yes", "osm_height": null, "osm_levels": null, "name": null}}, {"type": "Feature", "geometry": {"type": "Polygon", "coordinates": [[[78.3756368, 17.4186984], [78.3758729, 17.4186529], [78.3758515, 17.4185516], [78.3756154, 17.4185971], [78.3756368, 17.4186984]]]}, "properties": {"osm_id": 1534528161, "building_type": "yes", "osm_height": null, "osm_levels": null, "name": null}}, {"type": "Feature", "geometry": {"type": "Polygon", "coordinates": [[[78.3754389, 17.4177109], [78.3755878, 17.4177043], [78.3755834, 17.4176123], [78.3756034, 17.4176049], [78.3755967, 17.417466], [78.3754273, 17.4174734], [78.3754389, 17.4177109]]]}, "properties": {"osm_id": 1534528162, "building_type": "yes", "osm_height": null, "osm_levels": null, "name": null}}, {"type": "Feature", "geometry": {"type": "Polygon", "coordinates": [[[78.3751055, 17.417354], [78.3751391, 17.4173532], [78.3751397, 17.4173738], [78.3751953, 17.4173726], [78.3751948, 17.4173527], [78.375233, 17.4173518], [78.3752298, 17.4172252], [78.3751024, 17.4172281], [78.3751055, 17.417354]]]}, "properties": {"osm_id": 1534528163, "building_type": "yes", "osm_height": null, "osm_levels": null, "name": null}}, {"type": "Feature", "geometry": {"type": "Polygon", "coordinates": [[[78.3749015, 17.4173649], [78.3750654, 17.417361], [78.3750629, 17.4172665], [78.374899, 17.4172705], [78.3749015, 17.4173649]]]}, "properties": {"osm_id": 1534528164, "building_type": "yes", "osm_height": null, "osm_levels": null, "name": null}}, {"type": "Feature", "geometry": {"type": "Polygon", "coordinates": [[[78.3750696, 17.4168103], [78.3752067, 17.416805], [78.3752012, 17.4166748], [78.375064, 17.4166801], [78.3750696, 17.4168103]]]}, "properties": {"osm_id": 1534528165, "building_type": "yes", "osm_height": null, "osm_levels": null, "name": null}}, {"type": "Feature", "geometry": {"type": "Polygon", "coordinates": [[[78.3785479, 17.4171162], [78.3786931, 17.4170857], [78.3787053, 17.4171386], [78.3787412, 17.4171311], [78.3787464, 17.4171536], [78.3788342, 17.4171352], [78.3788246, 17.4170939], [78.3788352, 17.4170839], [78.3788076, 17.4168934], [78.378675, 17.4169109], [78.3786642, 17.4168363], [78.3784248, 17.4168679], [78.378458, 17.4170972], [78.3784662, 17.4170985], [78.3785164, 17.4170894], [78.3785479, 17.4171162]]]}, "properties": {"osm_id": 1534528166, "building_type": "yes", "osm_height": null, "osm_levels": null, "name": null}}, {"type": "Feature", "geometry": {"type": "Polygon", "coordinates": [[[78.3786754, 17.4165832], [78.3787966, 17.4165899], [78.378805, 17.4164536], [78.3786837, 17.4164468], [78.3786754, 17.4165832]]]}, "properties": {"osm_id": 1534528167, "building_type": "yes", "osm_height": null, "osm_levels": null, "name": null}}, {"type": "Feature", "geometry": {"type": "Polygon", "coordinates": [[[78.3785047, 17.4167069], [78.3786435, 17.416706], [78.3786417, 17.4164456], [78.3785029, 17.4164464], [78.3785047, 17.4167069]]]}, "properties": {"osm_id": 1534528168, "building_type": "yes", "osm_height": null, "osm_levels": null, "name": null}}, {"type": "Feature", "geometry": {"type": "Polygon", "coordinates": [[[78.3797962, 17.4160174], [78.3798281, 17.4160165], [78.3798228, 17.4160377], [78.3799033, 17.416041], [78.3799086, 17.4160208], [78.3799351, 17.4160199], [78.3799449, 17.4159051], [78.3798008, 17.4159], [78.3797962, 17.4160174]]]}, "properties": {"osm_id": 1534528169, "building_type": "yes", "osm_height": null, "osm_levels": null, "name": null}}, {"type": "Feature", "geometry": {"type": "Polygon", "coordinates": [[[78.3924189, 17.4160318], [78.3924845, 17.4160943], [78.3927767, 17.4158148], [78.392711, 17.4157523], [78.3924189, 17.4160318]]]}, "properties": {"osm_id": 1534528170, "building_type": "yes", "osm_height": null, "osm_levels": null, "name": null}}, {"type": "Feature", "geometry": {"type": "Polygon", "coordinates": [[[78.3934391, 17.4162517], [78.3935791, 17.4162022], [78.3935477, 17.4161214], [78.3934077, 17.4161709], [78.3934391, 17.4162517]]]}, "properties": {"osm_id": 1534528171, "building_type": "yes", "osm_height": null, "osm_levels": null, "name": null}}, {"type": "Feature", "geometry": {"type": "Polygon", "coordinates": [[[78.3933014, 17.4162416], [78.3933968, 17.4162118], [78.393373, 17.4161424], [78.3932776, 17.4161722], [78.3933014, 17.4162416]]]}, "properties": {"osm_id": 1534528172, "building_type": "yes", "osm_height": null, "osm_levels": null, "name": null}}, {"type": "Feature", "geometry": {"type": "Polygon", "coordinates": [[[78.3926521, 17.4164808], [78.3927075, 17.4164196], [78.3926092, 17.4163386], [78.3925538, 17.4163999], [78.3926521, 17.4164808]]]}, "properties": {"osm_id": 1534528173, "building_type": "yes", "osm_height": null, "osm_levels": null, "name": null}}, {"type": "Feature", "geometry": {"type": "Polygon", "coordinates": [[[78.3927029, 17.4163973], [78.3927599, 17.4163378], [78.3926675, 17.4162573], [78.3926106, 17.4163167], [78.3927029, 17.4163973]]]}, "properties": {"osm_id": 1534528174, "building_type": "yes", "osm_height": null, "osm_levels": null, "name": null}}, {"type": "Feature", "geometry": {"type": "Polygon", "coordinates": [[[78.3926937, 17.4164823], [78.3927177, 17.4165011], [78.3927295, 17.4164875], [78.3927867, 17.4165323], [78.3928112, 17.4165039], [78.392817, 17.4165112], [78.3928393, 17.416495], [78.3928407, 17.4164732], [78.3928703, 17.4164389], [78.3927873, 17.4163737], [78.3926937, 17.4164823]]]}, "properties": {"osm_id": 1534528175, "building_type": "yes", "osm_height": null, "osm_levels": null, "name": null}}, {"type": "Feature", "geometry": {"type": "Polygon", "coordinates": [[[78.3925919, 17.4165487], [78.3926764, 17.4166415], [78.3927333, 17.416577], [78.39264, 17.4164881], [78.3925919, 17.4165487]]]}, "properties": {"osm_id": 1534528176, "building_type": "yes", "osm_height": null, "osm_levels": null, "name": null}}, {"type": "Feature", "geometry": {"type": "Polygon", "coordinates": [[[78.3926205, 17.4167094], [78.3926667, 17.4166581], [78.3925715, 17.4165799], [78.3925252, 17.4166312], [78.3926205, 17.4167094]]]}, "properties": {"osm_id": 1534528177, "building_type": "yes", "osm_height": null, "osm_levels": null, "name": null}}, {"type": "Feature", "geometry": {"type": "Polygon", "coordinates": [[[78.3923175, 17.4166587], [78.3923737, 17.416727], [78.3924838, 17.4166249], [78.3924299, 17.4165455], [78.3923175, 17.4166587]]]}, "properties": {"osm_id": 1534528178, "building_type": "yes", "osm_height": null, "osm_levels": null, "name": null}}, {"type": "Feature", "geometry": {"type": "Polygon", "coordinates": [[[78.3921827, 17.4167821], [78.3922389, 17.4168505], [78.392349, 17.4167483], [78.3922951, 17.416669], [78.3921827, 17.4167821]]]}, "properties": {"osm_id": 1534528179, "building_type": "yes", "osm_height": null, "osm_levels": null, "name": null}}, {"type": "Feature", "geometry": {"type": "Polygon", "coordinates": [[[78.3926606, 17.416857], [78.3927737, 17.4169471], [78.3928596, 17.4168488], [78.3927464, 17.4167588], [78.3926606, 17.416857]]]}, "properties": {"osm_id": 1534528180, "building_type": "yes", "osm_height": null, "osm_levels": null, "name": null}}, {"type": "Feature", "geometry": {"type": "Polygon", "coordinates": [[[78.3918409, 17.4178812], [78.3918765, 17.4179081], [78.391998, 17.4177614], [78.3919718, 17.4177232], [78.3918409, 17.4178812]]]}, "properties": {"osm_id": 1534528181, "building_type": "yes", "osm_height": null, "osm_levels": null, "name": null}}, {"type": "Feature", "geometry": {"type": "Polygon", "coordinates": [[[78.391807, 17.4177761], [78.391837, 17.4178327], [78.391956, 17.4177066], [78.3919099, 17.417667], [78.391807, 17.4177761]]]}, "properties": {"osm_id": 1534528182, "building_type": "yes", "osm_height": null, "osm_levels": null, "name": null}}, {"type": "Feature", "geometry": {"type": "Polygon", "coordinates": [[[78.3949118, 17.4203081], [78.3950509, 17.4202783], [78.3949842, 17.419995], [78.3948452, 17.4200248], [78.3949118, 17.4203081]]]}, "properties": {"osm_id": 1534528183, "building_type": "yes", "osm_height": null, "osm_levels": null, "name": null}}, {"type": "Feature", "geometry": {"type": "Polygon", "coordinates": [[[78.3947239, 17.4202231], [78.3948585, 17.420196], [78.3948168, 17.4200084], [78.3946823, 17.4200355], [78.3947239, 17.4202231]]]}, "properties": {"osm_id": 1534528184, "building_type": "yes", "osm_height": null, "osm_levels": null, "name": null}}, {"type": "Feature", "geometry": {"type": "Polygon", "coordinates": [[[78.3945852, 17.4202822], [78.3946981, 17.4202618], [78.3946635, 17.4200417], [78.3945427, 17.420063], [78.3945852, 17.4202822]]]}, "properties": {"osm_id": 1534528185, "building_type": "yes", "osm_height": null, "osm_levels": null, "name": null}}, {"type": "Feature", "geometry": {"type": "Polygon", "coordinates": [[[78.3946184, 17.420422], [78.3947319, 17.4203963], [78.3947064, 17.4202938], [78.3945929, 17.4203194], [78.3946184, 17.420422]]]}, "properties": {"osm_id": 1534528186, "building_type": "yes", "osm_height": null, "osm_levels": null, "name": null}}, {"type": "Feature", "geometry": {"type": "Polygon", "coordinates": [[[78.3947522, 17.4203731], [78.3948947, 17.420341], [78.3948669, 17.4202284], [78.3947243, 17.4202604], [78.3947522, 17.4203731]]]}, "properties": {"osm_id": 1534528187, "building_type": "yes", "osm_height": null, "osm_levels": null, "name": null}}, {"type": "Feature", "geometry": {"type": "Polygon", "coordinates": [[[78.3950623, 17.4205757], [78.3950951, 17.4205718], [78.3951012, 17.4206115], [78.3951696, 17.4206], [78.3951541, 17.4204547], [78.3950439, 17.4204726], [78.3950623, 17.4205757]]]}, "properties": {"osm_id": 1534528188, "building_type": "yes", "osm_height": null, "osm_levels": null, "name": null}}, {"type": "Feature", "geometry": {"type": "Polygon", "coordinates": [[[78.3948128, 17.4207357], [78.3948914, 17.4207235], [78.3948792, 17.420652], [78.3948509, 17.4206563], [78.3948212, 17.4204816], [78.3947275, 17.4204961], [78.3947585, 17.4206788], [78.3948021, 17.4206721], [78.3948128, 17.4207357]]]}, "properties": {"osm_id": 1534528189, "building_type": "yes", "osm_height": null, "osm_levels": null, "name": null}}, {"type": "Feature", "geometry": {"type": "Polygon", "coordinates": [[[78.3946092, 17.4207391], [78.3946494, 17.4207334], [78.3946524, 17.4207528], [78.3946915, 17.4207472], [78.3946853, 17.4207077], [78.3947371, 17.4207003], [78.3947023, 17.4204775], [78.3945712, 17.4204961], [78.3946092, 17.4207391]]]}, "properties": {"osm_id": 1534528190, "building_type": "yes", "osm_height": null, "osm_levels": null, "name": null}}, {"type": "Feature", "geometry": {"type": "Polygon", "coordinates": [[[78.3943431, 17.420718], [78.3943834, 17.4207076], [78.394387, 17.4207203], [78.394423, 17.4207109], [78.3944169, 17.4206894], [78.3944363, 17.4206784], [78.3943889, 17.4205122], [78.3942916, 17.4205374], [78.3943431, 17.420718]]]}, "properties": {"osm_id": 1534528191, "building_type": "yes", "osm_height": null, "osm_levels": null, "name": null}}, {"type": "Feature", "geometry": {"type": "Polygon", "coordinates": [[[78.3943051, 17.4211218], [78.3944303, 17.4211225], [78.3944313, 17.4209532], [78.3943061, 17.4209525], [78.3943051, 17.4211218]]]}, "properties": {"osm_id": 1534528192, "building_type": "yes", "osm_height": null, "osm_levels": null, "name": null}}, {"type": "Feature", "geometry": {"type": "Polygon", "coordinates": [[[78.3940172, 17.4215468], [78.3941478, 17.4215623], [78.3941553, 17.4215046], [78.3941241, 17.4215009], [78.3941306, 17.4214517], [78.3941556, 17.4214546], [78.3941614, 17.4214105], [78.3940369, 17.4213957], [78.3940172, 17.4215468]]]}, "properties": {"osm_id": 1534528193, "building_type": "yes", "osm_height": null, "osm_levels": null, "name": null}}, {"type": "Feature", "geometry": {"type": "Polygon", "coordinates": [[[78.3940267, 17.4213482], [78.394204, 17.4213525], [78.3942076, 17.4212195], [78.3940303, 17.4212152], [78.3940267, 17.4213482]]]}, "properties": {"osm_id": 1534528194, "building_type": "yes", "osm_height": null, "osm_levels": null, "name": null}}, {"type": "Feature", "geometry": {"type": "Polygon", "coordinates": [[[78.3941976, 17.4215276], [78.394378, 17.421544], [78.3944056, 17.4212663], [78.3942252, 17.42125], [78.3941976, 17.4215276]]]}, "properties": {"osm_id": 1534528195, "building_type": "yes", "osm_height": null, "osm_levels": null, "name": null}}, {"type": "Feature", "geometry": {"type": "Polygon", "coordinates": [[[78.394432, 17.4216289], [78.3945475, 17.4216337], [78.3945592, 17.4213794], [78.3944436, 17.4213746], [78.394432, 17.4216289]]]}, "properties": {"osm_id": 1534528196, "building_type": "yes", "osm_height": null, "osm_levels": null, "name": null}}, {"type": "Feature", "geometry": {"type": "Polygon", "coordinates": [[[78.3945858, 17.4216488], [78.3947031, 17.4216617], [78.3947288, 17.4214493], [78.3946115, 17.4214364], [78.3945858, 17.4216488]]]}, "properties": {"osm_id": 1534528197, "building_type": "yes", "osm_height": null, "osm_levels": null, "name": null}}, {"type": "Feature", "geometry": {"type": "Polygon", "coordinates": [[[78.3950892, 17.4221214], [78.395234, 17.4221389], [78.3952624, 17.4219239], [78.3951176, 17.4219065], [78.3950892, 17.4221214]]]}, "properties": {"osm_id": 1534528198, "building_type": "yes", "osm_height": null, "osm_levels": null, "name": null}}, {"type": "Feature", "geometry": {"type": "Polygon", "coordinates": [[[78.3949655, 17.4220896], [78.3950764, 17.4221096], [78.3950974, 17.4218991], [78.3949888, 17.4218877], [78.3949655, 17.4220896]]]}, "properties": {"osm_id": 1534528199, "building_type": "yes", "osm_height": null, "osm_levels": null, "name": null}}, {"type": "Feature", "geometry": {"type": "Polygon", "coordinates": [[[78.3948223, 17.4220564], [78.3949385, 17.4220727], [78.3949675, 17.4218845], [78.3948513, 17.4218682], [78.3948223, 17.4220564]]]}, "properties": {"osm_id": 1534528200, "building_type": "yes", "osm_height": null, "osm_levels": null, "name": null}}, {"type": "Feature", "geometry": {"type": "Polygon", "coordinates": [[[78.3947331, 17.422084], [78.3947457, 17.4220578], [78.3947756, 17.4220629], [78.3948038, 17.4218657], [78.3946398, 17.4218444], [78.394608, 17.4220678], [78.3947331, 17.422084]]]}, "properties": {"osm_id": 1534528201, "building_type": "yes", "osm_height": null, "osm_levels": null, "name": null}}, {"type": "Feature", "geometry": {"type": "Polygon", "coordinates": [[[78.394446, 17.4219535], [78.3945872, 17.4219691], [78.3946026, 17.4218422], [78.3944615, 17.4218265], [78.394446, 17.4219535]]]}, "properties": {"osm_id": 1534528202, "building_type": "yes", "osm_height": null, "osm_levels": null, "name": null}}, {"type": "Feature", "geometry": {"type": "Polygon", "coordinates": [[[78.3943967, 17.4222135], [78.3946755, 17.4222434], [78.3946918, 17.4220842], [78.3944201, 17.4220474], [78.3943967, 17.4222135]]]}, "properties": {"osm_id": 1534528203, "building_type": "yes", "osm_height": null, "osm_levels": null, "name": null}}, {"type": "Feature", "geometry": {"type": "Polygon", "coordinates": [[[78.3949075, 17.4222714], [78.3950342, 17.4222792], [78.3950414, 17.4221738], [78.3949147, 17.4221659], [78.3949075, 17.4222714]]]}, "properties": {"osm_id": 1534528204, "building_type": "yes", "osm_height": null, "osm_levels": null, "name": null}}, {"type": "Feature", "geometry": {"type": "Polygon", "coordinates": [[[78.394328, 17.4225167], [78.3944577, 17.4225341], [78.3944658, 17.4224794], [78.3945322, 17.4224884], [78.3945443, 17.4224063], [78.3943482, 17.4223798], [78.394328, 17.4225167]]]}, "properties": {"osm_id": 1534528205, "building_type": "yes", "osm_height": null, "osm_levels": null, "name": null}}, {"type": "Feature", "geometry": {"type": "Polygon", "coordinates": [[[78.3938518, 17.4224606], [78.3939606, 17.4224876], [78.3939748, 17.4224357], [78.3940123, 17.4224451], [78.3939949, 17.422509], [78.3940256, 17.4225247], [78.3940369, 17.4225045], [78.3941256, 17.4225257], [78.3941256, 17.4225068], [78.3941564, 17.4225144], [78.3941804, 17.4224264], [78.3938814, 17.422352], [78.3938518, 17.4224606]]]}, "properties": {"osm_id": 1534528206, "building_type": "yes", "osm_height": null, "osm_levels": null, "name": null}}, {"type": "Feature", "geometry": {"type": "Polygon", "coordinates": [[[78.3943027, 17.4228441], [78.3944911, 17.4228655], [78.3945037, 17.4227635], [78.3943153, 17.4227422], [78.3943027, 17.4228441]]]}, "properties": {"osm_id": 1534528207, "building_type": "yes", "osm_height": null, "osm_levels": null, "name": null}}, {"type": "Feature", "geometry": {"type": "Polygon", "coordinates": [[[78.3945114, 17.4228693], [78.3946934, 17.4228901], [78.3947055, 17.4227931], [78.3945235, 17.4227724], [78.3945114, 17.4228693]]]}, "properties": {"osm_id": 1534528208, "building_type": "yes", "osm_height": null, "osm_levels": null, "name": null}}, {"type": "Feature", "geometry": {"type": "Polygon", "coordinates": [[[78.3942742, 17.4231204], [78.3944638, 17.4231395], [78.3944775, 17.4230158], [78.3942879, 17.4229967], [78.3942742, 17.4231204]]]}, "properties": {"osm_id": 1534528209, "building_type": "yes", "osm_height": null, "osm_levels": null, "name": null}}, {"type": "Feature", "geometry": {"type": "Polygon", "coordinates": [[[78.3947722, 17.4233428], [78.3948719, 17.4233965], [78.3948653, 17.4234076], [78.3949889, 17.4234744], [78.3950538, 17.4233651], [78.3950709, 17.4233744], [78.3951105, 17.4233079], [78.3950906, 17.4232971], [78.3951374, 17.4232188], [78.3950423, 17.423167], [78.395024, 17.4231975], [78.3949903, 17.4231792], [78.3950127, 17.4231419], [78.3948512, 17.4230539], [78.3948086, 17.423125], [78.3948378, 17.4231618], [78.3947837, 17.4232532], [78.3948152, 17.4232701], [78.3947722, 17.4233428]]]}, "properties": {"osm_id": 1534528210, "building_type": "yes", "osm_height": null, "osm_levels": null, "name": null}}, {"type": "Feature", "geometry": {"type": "Polygon", "coordinates": [[[78.3943983, 17.4235095], [78.3945055, 17.4235617], [78.3945863, 17.4234109], [78.3944791, 17.4233586], [78.3943983, 17.4235095]]]}, "properties": {"osm_id": 1534528211, "building_type": "yes", "osm_height": null, "osm_levels": null, "name": null}}, {"type": "Feature", "geometry": {"type": "Polygon", "coordinates": [[[78.3943274, 17.4236672], [78.3943963, 17.4237014], [78.3944673, 17.4235709], [78.3943984, 17.4235368], [78.3943274, 17.4236672]]]}, "properties": {"osm_id": 1534528212, "building_type": "yes", "osm_height": null, "osm_levels": null, "name": null}}, {"type": "Feature", "geometry": {"type": "Polygon", "coordinates": [[[78.3949017, 17.4237532], [78.3949538, 17.4236278], [78.394859, 17.4235918], [78.3948068, 17.4237173], [78.3949017, 17.4237532]]]}, "properties": {"osm_id": 1534528213, "building_type": "yes", "osm_height": null, "osm_levels": null, "name": null}}, {"type": "Feature", "geometry": {"type": "Polygon", "coordinates": [[[78.3950137, 17.4238078], [78.3950659, 17.4236824], [78.394971, 17.4236464], [78.3949188, 17.4237719], [78.3950137, 17.4238078]]]}, "properties": {"osm_id": 1534528214, "building_type": "yes", "osm_height": null, "osm_levels": null, "name": null}}, {"type": "Feature", "geometry": {"type": "Polygon", "coordinates": [[[78.3947976, 17.4239773], [78.3948865, 17.42402], [78.3949668, 17.4238677], [78.3948778, 17.423825], [78.3947976, 17.4239773]]]}, "properties": {"osm_id": 1534528215, "building_type": "yes", "osm_height": null, "osm_levels": null, "name": null}}, {"type": "Feature", "geometry": {"type": "Polygon", "coordinates": [[[78.3949271, 17.4240319], [78.3950171, 17.4240703], [78.3950919, 17.4239107], [78.3950018, 17.4238723], [78.3949271, 17.4240319]]]}, "properties": {"osm_id": 1534528216, "building_type": "yes", "osm_height": null, "osm_levels": null, "name": null}}, {"type": "Feature", "geometry": {"type": "Polygon", "coordinates": [[[78.3951756, 17.4239219], [78.3953498, 17.4239959], [78.3953948, 17.4238994], [78.3952206, 17.4238254], [78.3951756, 17.4239219]]]}, "properties": {"osm_id": 1534528217, "building_type": "yes", "osm_height": null, "osm_levels": null, "name": null}}, {"type": "Feature", "geometry": {"type": "Polygon", "coordinates": [[[78.3947375, 17.4242458], [78.3948466, 17.4243039], [78.3949241, 17.4241713], [78.394815, 17.4241132], [78.3947375, 17.4242458]]]}, "properties": {"osm_id": 1534528218, "building_type": "yes", "osm_height": null, "osm_levels": null, "name": null}}, {"type": "Feature", "geometry": {"type": "Polygon", "coordinates": [[[78.3945438, 17.4241198], [78.3946468, 17.4241747], [78.3947174, 17.4240541], [78.3946144, 17.4239992], [78.3945438, 17.4241198]]]}, "properties": {"osm_id": 1534528219, "building_type": "yes", "osm_height": null, "osm_levels": null, "name": null}}, {"type": "Feature", "geometry": {"type": "Polygon", "coordinates": [[[78.3942646, 17.4239569], [78.3944234, 17.4240471], [78.3945226, 17.4239124], [78.3943475, 17.4238244], [78.3942646, 17.4239569]]]}, "properties": {"osm_id": 1534528220, "building_type": "yes", "osm_height": null, "osm_levels": null, "name": null}}, {"type": "Feature", "geometry": {"type": "Polygon", "coordinates": [[[78.3946066, 17.4246284], [78.3946596, 17.4245434], [78.3945539, 17.4244835], [78.394596, 17.424416], [78.394671, 17.4244586], [78.3947667, 17.4243049], [78.3946343, 17.4242298], [78.3944436, 17.424536], [78.3946066, 17.4246284]]]}, "properties": {"osm_id": 1534528221, "building_type": "yes", "osm_height": null, "osm_levels": null, "name": null}}, {"type": "Feature", "geometry": {"type": "Polygon", "coordinates": [[[78.3946675, 17.4245514], [78.3947194, 17.4245779], [78.3947387, 17.4245435], [78.394793, 17.4245712], [78.3948883, 17.4244013], [78.3947822, 17.4243471], [78.3946675, 17.4245514]]]}, "properties": {"osm_id": 1534528222, "building_type": "yes", "osm_height": null, "osm_levels": null, "name": null}}, {"type": "Feature", "geometry": {"type": "Polygon", "coordinates": [[[78.3948729, 17.424612], [78.3949779, 17.4246602], [78.395017, 17.4245828], [78.3950547, 17.4246001], [78.3951074, 17.4244955], [78.3949329, 17.4244154], [78.3948567, 17.4245665], [78.3948729, 17.424612]]]}, "properties": {"osm_id": 1534528223, "building_type": "yes", "osm_height": null, "osm_levels": null, "name": null}}, {"type": "Feature", "geometry": {"type": "Polygon", "coordinates": [[[78.3744622, 17.419984], [78.3746035, 17.4199762], [78.3745825, 17.4198002], [78.3744493, 17.4198092], [78.3744622, 17.419984]]]}, "properties": {"osm_id": 1534537275, "building_type": "yes", "osm_height": null, "osm_levels": null, "name": null}}, {"type": "Feature", "geometry": {"type": "Polygon", "coordinates": [[[78.3742614, 17.4195451], [78.3745626, 17.4195763], [78.3745615, 17.4193201], [78.3744797, 17.4193201], [78.3744833, 17.4192744], [78.3744097, 17.4192755], [78.3744109, 17.4193836], [78.3743385, 17.4193892], [78.3743677, 17.4192789], [78.3743233, 17.4192789], [78.3742614, 17.4195451]]]}, "properties": {"osm_id": 1534537276, "building_type": "yes", "osm_height": null, "osm_levels": null, "name": null}}, {"type": "Feature", "geometry": {"type": "Polygon", "coordinates": [[[78.3772937, 17.4198422], [78.3773984, 17.4199149], [78.3775199, 17.4197557], [78.3774153, 17.4196829], [78.3772937, 17.4198422]]]}, "properties": {"osm_id": 1534537277, "building_type": "yes", "osm_height": null, "osm_levels": null, "name": null}}, {"type": "Feature", "geometry": {"type": "Polygon", "coordinates": [[[78.3774308, 17.4201223], [78.3775902, 17.4200886], [78.3775808, 17.4200483], [78.3775984, 17.4200445], [78.3775928, 17.4200203], [78.3775732, 17.4200245], [78.3775671, 17.4199981], [78.3774096, 17.4200315], [78.3774308, 17.4201223]]]}, "properties": {"osm_id": 1534537278, "building_type": "yes", "osm_height": null, "osm_levels": null, "name": null}}, {"type": "Feature", "geometry": {"type": "Polygon", "coordinates": [[[78.3786683, 17.4191548], [78.378737, 17.4192036], [78.378827, 17.4190884], [78.3787475, 17.4190318], [78.3787204, 17.4190665], [78.3787655, 17.4190986], [78.3787556, 17.4191113], [78.3787214, 17.4190869], [78.3786683, 17.4191548]]]}, "properties": {"osm_id": 1534537279, "building_type": "yes", "osm_height": null, "osm_levels": null, "name": null}}, {"type": "Feature", "geometry": {"type": "Polygon", "coordinates": [[[78.3785594, 17.4190683], [78.378634, 17.419113], [78.3787095, 17.4189985], [78.3786349, 17.4189537], [78.3785594, 17.4190683]]]}, "properties": {"osm_id": 1534537280, "building_type": "yes", "osm_height": null, "osm_levels": null, "name": null}}, {"type": "Feature", "geometry": {"type": "Polygon", "coordinates": [[[78.3784347, 17.4190011], [78.3785336, 17.4190631], [78.3786221, 17.4189344], [78.3785232, 17.4188725], [78.3784347, 17.4190011]]]}, "properties": {"osm_id": 1534537281, "building_type": "yes", "osm_height": null, "osm_levels": null, "name": null}}, {"type": "Feature", "geometry": {"type": "Polygon", "coordinates": [[[78.3786496, 17.4189392], [78.3787546, 17.418996], [78.3788255, 17.4188767], [78.3787205, 17.4188199], [78.3786496, 17.4189392]]]}, "properties": {"osm_id": 1534537282, "building_type": "yes", "osm_height": null, "osm_levels": null, "name": null}}, {"type": "Feature", "geometry": {"type": "Polygon", "coordinates": [[[78.3784046, 17.4187837], [78.3784858, 17.4187653], [78.3784783, 17.4187352], [78.3785141, 17.4187271], [78.3785224, 17.4187603], [78.3785764, 17.418748], [78.3785448, 17.4186209], [78.3783738, 17.4186596], [78.3784046, 17.4187837]]]}, "properties": {"osm_id": 1534537283, "building_type": "yes", "osm_height": null, "osm_levels": null, "name": null}}, {"type": "Feature", "geometry": {"type": "Polygon", "coordinates": [[[78.3776571, 17.4187142], [78.377828, 17.418671], [78.3778003, 17.4185712], [78.3777528, 17.4185832], [78.3777409, 17.4185401], [78.3777856, 17.4185288], [78.3777516, 17.4184064], [78.3775698, 17.4184524], [78.377603, 17.418572], [78.3776679, 17.4185556], [78.377679, 17.4185957], [78.3776278, 17.4186086], [78.3776571, 17.4187142]]]}, "properties": {"osm_id": 1534537284, "building_type": "yes", "osm_height": null, "osm_levels": null, "name": null}}, {"type": "Feature", "geometry": {"type": "Polygon", "coordinates": [[[78.3778774, 17.4186827], [78.3779504, 17.4186645], [78.377946, 17.4186482], [78.3779743, 17.4186412], [78.3779396, 17.4185146], [78.3778383, 17.4185398], [78.3778774, 17.4186827]]]}, "properties": {"osm_id": 1534537285, "building_type": "yes", "osm_height": null, "osm_levels": null, "name": null}}, {"type": "Feature", "geometry": {"type": "Polygon", "coordinates": [[[78.3774533, 17.41862], [78.377546, 17.4185978], [78.377511, 17.4184649], [78.3774183, 17.4184872], [78.3774533, 17.41862]]]}, "properties": {"osm_id": 1534537286, "building_type": "yes", "osm_height": null, "osm_levels": null, "name": null}}, {"type": "Feature", "geometry": {"type": "Polygon", "coordinates": [[[78.3774181, 17.4184177], [78.3774706, 17.4184041], [78.3774627, 17.4183763], [78.3775173, 17.4183622], [78.3775242, 17.4183865], [78.3775863, 17.4183704], [78.377549, 17.4182393], [78.3773839, 17.4182821], [78.3773812, 17.4182879], [78.3774181, 17.4184177]]]}, "properties": {"osm_id": 1534537287, "building_type": "yes", "osm_height": null, "osm_levels": null, "name": null}}, {"type": "Feature", "geometry": {"type": "Polygon", "coordinates": [[[78.3773585, 17.4181606], [78.3774336, 17.4181419], [78.3774378, 17.4181574], [78.3774715, 17.418149], [78.3774655, 17.4181272], [78.3775332, 17.4181104], [78.3775121, 17.4180328], [78.3774472, 17.4180489], [78.3774575, 17.4180869], [78.3774147, 17.4180975], [78.3773995, 17.4180419], [78.3773308, 17.4180589], [78.3773585, 17.4181606]]]}, "properties": {"osm_id": 1534537288, "building_type": "yes", "osm_height": null, "osm_levels": null, "name": null}}, {"type": "Feature", "geometry": {"type": "Polygon", "coordinates": [[[78.377628, 17.4181414], [78.3777011, 17.4181266], [78.3776971, 17.4181113], [78.3778104, 17.4180876], [78.3777997, 17.4180563], [78.3777594, 17.4180646], [78.37774, 17.4179968], [78.3777614, 17.4179923], [78.3777514, 17.4179693], [78.3775945, 17.4180115], [78.377628, 17.4181414]]]}, "properties": {"osm_id": 1534537289, "building_type": "yes", "osm_height": null, "osm_levels": null, "name": null}}, {"type": "Feature", "geometry": {"type": "Polygon", "coordinates": [[[78.3777738, 17.4183543], [78.3778951, 17.4183209], [78.3778374, 17.4181301], [78.377716, 17.4181635], [78.3777738, 17.4183543]]]}, "properties": {"osm_id": 1534537290, "building_type": "yes", "osm_height": null, "osm_levels": null, "name": null}}, {"type": "Feature", "geometry": {"type": "Polygon", "coordinates": [[[78.378037, 17.4184762], [78.37814, 17.418449], [78.3780995, 17.4183094], [78.3779965, 17.4183366], [78.378037, 17.4184762]]]}, "properties": {"osm_id": 1534537291, "building_type": "yes", "osm_height": null, "osm_levels": null, "name": null}}, {"type": "Feature", "geometry": {"type": "Polygon", "coordinates": [[[78.37812, 17.4186525], [78.3781723, 17.4186394], [78.3781764, 17.4186542], [78.3782644, 17.418632], [78.378259, 17.4186126], [78.3783063, 17.4186007], [78.3782699, 17.4184693], [78.3780824, 17.4185165], [78.37812, 17.4186525]]]}, "properties": {"osm_id": 1534537292, "building_type": "yes", "osm_height": null, "osm_levels": null, "name": null}}, {"type": "Feature", "geometry": {"type": "Polygon", "coordinates": [[[78.3783311, 17.4185632], [78.3784503, 17.4185352], [78.378437, 17.4184834], [78.3783972, 17.4184927], [78.3783913, 17.4184701], [78.3784264, 17.4184619], [78.3784076, 17.4183887], [78.3782891, 17.4184165], [78.3783074, 17.4184877], [78.378354, 17.4184768], [78.3783624, 17.4185096], [78.3783254, 17.4185182], [78.3783311, 17.4185632]]]}, "properties": {"osm_id": 1534537293, "building_type": "yes", "osm_height": null, "osm_levels": null, "name": null}}, {"type": "Feature", "geometry": {"type": "Polygon", "coordinates": [[[78.3784347, 17.4184519], [78.3785035, 17.4184361], [78.3784979, 17.4184139], [78.3785421, 17.4184037], [78.3785169, 17.418304], [78.3784922, 17.4183097], [78.3784838, 17.4182766], [78.3785145, 17.4182695], [78.378496, 17.4181964], [78.378377, 17.4182238], [78.3784347, 17.4184519]]]}, "properties": {"osm_id": 1534537294, "building_type": "yes", "osm_height": null, "osm_levels": null, "name": null}}, {"type": "Feature", "geometry": {"type": "Polygon", "coordinates": [[[78.378636, 17.4183198], [78.3787355, 17.4182902], [78.3786922, 17.418158], [78.3785928, 17.4181876], [78.378636, 17.4183198]]]}, "properties": {"osm_id": 1534537295, "building_type": "yes", "osm_height": null, "osm_levels": null, "name": null}}, {"type": "Feature", "geometry": {"type": "Polygon", "coordinates": [[[78.378776, 17.4183244], [78.3789826, 17.4182718], [78.3789374, 17.41811], [78.3787308, 17.4181626], [78.378776, 17.4183244]]]}, "properties": {"osm_id": 1534537296, "building_type": "yes", "osm_height": null, "osm_levels": null, "name": null}}, {"type": "Feature", "geometry": {"type": "Polygon", "coordinates": [[[78.3791931, 17.4183953], [78.3792887, 17.4183696], [78.3792369, 17.4181934], [78.3791412, 17.418219], [78.3791931, 17.4183953]]]}, "properties": {"osm_id": 1534537297, "building_type": "yes", "osm_height": null, "osm_levels": null, "name": null}}, {"type": "Feature", "geometry": {"type": "Polygon", "coordinates": [[[78.3793874, 17.4182041], [78.3794457, 17.4181934], [78.3794418, 17.4181742], [78.3794645, 17.41817], [78.3794613, 17.4181542], [78.3794808, 17.4181506], [78.3794445, 17.4179724], [78.3793441, 17.4179909], [78.3793874, 17.4182041]]]}, "properties": {"osm_id": 1534537298, "building_type": "yes", "osm_height": null, "osm_levels": null, "name": null}}, {"type": "Feature", "geometry": {"type": "Polygon", "coordinates": [[[78.3796254, 17.4181854], [78.3796623, 17.4181778], [78.379655, 17.4181456], [78.379725, 17.4181311], [78.3797144, 17.4180846], [78.3797296, 17.4180814], [78.3796913, 17.4179131], [78.3795691, 17.4179384], [78.3796254, 17.4181854]]]}, "properties": {"osm_id": 1534537299, "building_type": "yes", "osm_height": null, "osm_levels": null, "name": null}}, {"type": "Feature", "geometry": {"type": "Polygon", "coordinates": [[[78.3798056, 17.4182407], [78.3799094, 17.4182131], [78.3798735, 17.41809], [78.3797697, 17.4181176], [78.3798056, 17.4182407]]]}, "properties": {"osm_id": 1534537300, "building_type": "yes", "osm_height": null, "osm_levels": null, "name": null}}, {"type": "Feature", "geometry": {"type": "Polygon", "coordinates": [[[78.3799226, 17.4182312], [78.3800486, 17.4182007], [78.3800087, 17.4180509], [78.3798828, 17.4180814], [78.3799226, 17.4182312]]]}, "properties": {"osm_id": 1534537301, "building_type": "yes", "osm_height": null, "osm_levels": null, "name": null}}, {"type": "Feature", "geometry": {"type": "Polygon", "coordinates": [[[78.3797643, 17.4180342], [78.3799647, 17.4180169], [78.3799551, 17.417917], [78.3797548, 17.4179344], [78.3797643, 17.4180342]]]}, "properties": {"osm_id": 1534537302, "building_type": "yes", "osm_height": null, "osm_levels": null, "name": null}}, {"type": "Feature", "geometry": {"type": "Polygon", "coordinates": [[[78.3800084, 17.4180171], [78.3801167, 17.4179927], [78.3800915, 17.4178911], [78.3799832, 17.4179155], [78.3800084, 17.4180171]]]}, "properties": {"osm_id": 1534537303, "building_type": "yes", "osm_height": null, "osm_levels": null, "name": null}}, {"type": "Feature", "geometry": {"type": "Polygon", "coordinates": [[[78.3801327, 17.4179907], [78.3802421, 17.4179687], [78.3802179, 17.4178591], [78.3801085, 17.4178812], [78.3801327, 17.4179907]]]}, "properties": {"osm_id": 1534537304, "building_type": "yes", "osm_height": null, "osm_levels": null, "name": null}}, {"type": "Feature", "geometry": {"type": "Polygon", "coordinates": [[[78.3803792, 17.41794], [78.3804122, 17.4179386], [78.3804112, 17.4179155], [78.3805003, 17.4179117], [78.3804983, 17.4178681], [78.3803761, 17.4178732], [78.3803792, 17.41794]]]}, "properties": {"osm_id": 1534537305, "building_type": "yes", "osm_height": null, "osm_levels": null, "name": null}}, {"type": "Feature", "geometry": {"type": "Polygon", "coordinates": [[[78.3802745, 17.4179536], [78.3803757, 17.4179449], [78.3803683, 17.4178664], [78.380267, 17.4178751], [78.3802745, 17.4179536]]]}, "properties": {"osm_id": 1534537306, "building_type": "yes", "osm_height": null, "osm_levels": null, "name": null}}, {"type": "Feature", "geometry": {"type": "Polygon", "coordinates": [[[78.3805564, 17.4179814], [78.3805965, 17.4179717], [78.3805906, 17.4179497], [78.3806757, 17.417929], [78.380661, 17.4178739], [78.3805358, 17.4179042], [78.3805564, 17.4179814]]]}, "properties": {"osm_id": 1534537307, "building_type": "yes", "osm_height": null, "osm_levels": null, "name": null}}, {"type": "Feature", "geometry": {"type": "Polygon", "coordinates": [[[78.3804422, 17.4181483], [78.380554, 17.4181196], [78.3805076, 17.4179547], [78.3803958, 17.4179833], [78.3804422, 17.4181483]]]}, "properties": {"osm_id": 1534537308, "building_type": "yes", "osm_height": null, "osm_levels": null, "name": null}}, {"type": "Feature", "geometry": {"type": "Polygon", "coordinates": [[[78.38031, 17.4181699], [78.3804119, 17.4181468], [78.3803734, 17.4179922], [78.3802716, 17.4180153], [78.38031, 17.4181699]]]}, "properties": {"osm_id": 1534537309, "building_type": "yes", "osm_height": null, "osm_levels": null, "name": null}}, {"type": "Feature", "geometry": {"type": "Polygon", "coordinates": [[[78.3801796, 17.4181847], [78.3802864, 17.4181577], [78.3802502, 17.4180274], [78.3801434, 17.4180544], [78.3801796, 17.4181847]]]}, "properties": {"osm_id": 1534537310, "building_type": "yes", "osm_height": null, "osm_levels": null, "name": null}}, {"type": "Feature", "geometry": {"type": "Polygon", "coordinates": [[[78.3798659, 17.4178804], [78.3799144, 17.4178751], [78.3799131, 17.4178639], [78.3799647, 17.4178583], [78.3799619, 17.4178341], [78.3800071, 17.4178292], [78.3800106, 17.4178074], [78.3800706, 17.4178009], [78.3800616, 17.4177247], [78.3798501, 17.4177477], [78.3798659, 17.4178804]]]}, "properties": {"osm_id": 1534537311, "building_type": "yes", "osm_height": null, "osm_levels": null, "name": null}}, {"type": "Feature", "geometry": {"type": "Polygon", "coordinates": [[[78.3798518, 17.4176313], [78.3800492, 17.4176117], [78.3800368, 17.4174987], [78.3798395, 17.4175183], [78.3798518, 17.4176313]]]}, "properties": {"osm_id": 1534537312, "building_type": "yes", "osm_height": null, "osm_levels": null, "name": null}}, {"type": "Feature", "geometry": {"type": "Polygon", "coordinates": [[[78.3797045, 17.4176972], [78.3798089, 17.4176848], [78.379787, 17.4175169], [78.3796827, 17.4175293], [78.3797045, 17.4176972]]]}, "properties": {"osm_id": 1534537313, "building_type": "yes", "osm_height": null, "osm_levels": null, "name": null}}, {"type": "Feature", "geometry": {"type": "Polygon", "coordinates": [[[78.3802232, 17.4177584], [78.380334, 17.4177447], [78.3803128, 17.4175889], [78.380202, 17.4176026], [78.3802232, 17.4177584]]]}, "properties": {"osm_id": 1534537314, "building_type": "yes", "osm_height": null, "osm_levels": null, "name": null}}, {"type": "Feature", "geometry": {"type": "Polygon", "coordinates": [[[78.3803571, 17.4177741], [78.3804671, 17.4177594], [78.3804577, 17.4176551], [78.3803417, 17.4176711], [78.3803571, 17.4177741]]]}, "properties": {"osm_id": 1534537315, "building_type": "yes", "osm_height": null, "osm_levels": null, "name": null}}, {"type": "Feature", "geometry": {"type": "Polygon", "coordinates": [[[78.3803397, 17.417643], [78.3803933, 17.4176353], [78.3803906, 17.4176142], [78.3804436, 17.4176046], [78.3804235, 17.4174286], [78.3803122, 17.417444], [78.3803397, 17.417643]]]}, "properties": {"osm_id": 1534537316, "building_type": "yes", "osm_height": null, "osm_levels": null, "name": null}}, {"type": "Feature", "geometry": {"type": "Polygon", "coordinates": [[[78.3804883, 17.4175585], [78.3806303, 17.417541], [78.380624, 17.4174941], [78.3806568, 17.41749], [78.3806614, 17.417524], [78.3808042, 17.4175064], [78.3807871, 17.4173805], [78.3806412, 17.4173985], [78.3806478, 17.4174475], [78.3806262, 17.4174502], [78.3806207, 17.4174098], [78.3804706, 17.4174283], [78.3804883, 17.4175585]]]}, "properties": {"osm_id": 1534537317, "building_type": "yes", "osm_height": null, "osm_levels": null, "name": null}}, {"type": "Feature", "geometry": {"type": "Polygon", "coordinates": [[[78.3807612, 17.4177287], [78.3808573, 17.4177105], [78.3808241, 17.4175515], [78.3807281, 17.4175698], [78.3807612, 17.4177287]]]}, "properties": {"osm_id": 1534537318, "building_type": "yes", "osm_height": null, "osm_levels": null, "name": null}}, {"type": "Feature", "geometry": {"type": "Polygon", "coordinates": [[[78.3806109, 17.417705], [78.3807126, 17.417694], [78.3807003, 17.4175742], [78.3805909, 17.4175926], [78.3806109, 17.417705]]]}, "properties": {"osm_id": 1534537319, "building_type": "yes", "osm_height": null, "osm_levels": null, "name": null}}, {"type": "Feature", "geometry": {"type": "Polygon", "coordinates": [[[78.3811427, 17.4178338], [78.3811835, 17.4178308], [78.3811812, 17.4178132], [78.3812405, 17.4178051], [78.3812258, 17.4176985], [78.3811257, 17.4177118], [78.3811427, 17.4178338]]]}, "properties": {"osm_id": 1534537320, "building_type": "yes", "osm_height": null, "osm_levels": null, "name": null}}, {"type": "Feature", "geometry": {"type": "Polygon", "coordinates": [[[78.3814076, 17.4178176], [78.3815008, 17.4178198], [78.381507, 17.4177772], [78.3814731, 17.4177786], [78.3814746, 17.4177287], [78.3815062, 17.4177287], [78.3815108, 17.4176838], [78.3814169, 17.4176846], [78.3814084, 17.4177353], [78.3814446, 17.4177345], [78.3814415, 17.4177647], [78.3814076, 17.4177669], [78.3814076, 17.4177801], [78.3814076, 17.4178176]]]}, "properties": {"osm_id": 1534537321, "building_type": "yes", "osm_height": null, "osm_levels": null, "name": null}}, {"type": "Feature", "geometry": {"type": "Polygon", "coordinates": [[[78.3815546, 17.4179103], [78.3816423, 17.417913], [78.3816461, 17.4178023], [78.3815583, 17.4177996], [78.3815546, 17.4179103]]]}, "properties": {"osm_id": 1534537322, "building_type": "yes", "osm_height": null, "osm_levels": null, "name": null}}, {"type": "Feature", "geometry": {"type": "Polygon", "coordinates": [[[78.3815544, 17.4177796], [78.3816495, 17.417781], [78.3816515, 17.4176582], [78.3815564, 17.4176567], [78.3815544, 17.4177796]]]}, "properties": {"osm_id": 1534537323, "building_type": "yes", "osm_height": null, "osm_levels": null, "name": null}}, {"type": "Feature", "geometry": {"type": "Polygon", "coordinates": [[[78.3815354, 17.4175921], [78.3816434, 17.4175784], [78.3816322, 17.4174979], [78.3816009, 17.4175019], [78.3816053, 17.4175338], [78.3815286, 17.4175435], [78.3815354, 17.4175921]]]}, "properties": {"osm_id": 1534537324, "building_type": "yes", "osm_height": null, "osm_levels": null, "name": null}}, {"type": "Feature", "geometry": {"type": "Polygon", "coordinates": [[[78.3816642, 17.4176154], [78.3818502, 17.4175913], [78.381833, 17.4174702], [78.3816469, 17.4174942], [78.3816642, 17.4176154]]]}, "properties": {"osm_id": 1534537325, "building_type": "yes", "osm_height": null, "osm_levels": null, "name": null}}, {"type": "Feature", "geometry": {"type": "Polygon", "coordinates": [[[78.3819144, 17.4178709], [78.3820075, 17.4178753], [78.382011, 17.4178077], [78.3819457, 17.4178045], [78.3819516, 17.4176936], [78.3819179, 17.4177003], [78.381919, 17.4176478], [78.3819101, 17.4176476], [78.3819055, 17.4178666], [78.3819144, 17.4178709]]]}, "properties": {"osm_id": 1534537326, "building_type": "yes", "osm_height": null, "osm_levels": null, "name": null}}, {"type": "Feature", "geometry": {"type": "Polygon", "coordinates": [[[78.3821984, 17.4178547], [78.3822539, 17.4178369], [78.3822171, 17.4177325], [78.3820807, 17.4177763], [78.382108, 17.4178536], [78.3821559, 17.4178382], [78.38216, 17.4178498], [78.3821929, 17.4178392], [78.3821984, 17.4178547]]]}, "properties": {"osm_id": 1534537327, "building_type": "yes", "osm_height": null, "osm_levels": null, "name": null}}, {"type": "Feature", "geometry": {"type": "Polygon", "coordinates": [[[78.3820456, 17.4181475], [78.3821383, 17.4181451], [78.3821332, 17.4179626], [78.3820405, 17.4179649], [78.3820456, 17.4181475]]]}, "properties": {"osm_id": 1534537328, "building_type": "yes", "osm_height": null, "osm_levels": null, "name": null}}, {"type": "Feature", "geometry": {"type": "Polygon", "coordinates": [[[78.3811797, 17.418088], [78.3812595, 17.4180869], [78.3812598, 17.4181092], [78.3812989, 17.4181086], [78.3812985, 17.4180802], [78.3813723, 17.4180791], [78.3813703, 17.4179603], [78.3811777, 17.4179631], [78.3811797, 17.418088]]]}, "properties": {"osm_id": 1534537329, "building_type": "yes", "osm_height": null, "osm_levels": null, "name": null}}, {"type": "Feature", "geometry": {"type": "Polygon", "coordinates": [[[78.381391, 17.4182722], [78.3814963, 17.4182688], [78.381492, 17.4181479], [78.3814281, 17.41815], [78.381427, 17.4181197], [78.3815018, 17.4181172], [78.3814961, 17.4180327], [78.3814898, 17.4179492], [78.3813797, 17.417954], [78.381391, 17.4182722]]]}, "properties": {"osm_id": 1534537330, "building_type": "yes", "osm_height": null, "osm_levels": null, "name": null}}, {"type": "Feature", "geometry": {"type": "Polygon", "coordinates": [[[78.3804727, 17.4185698], [78.3805154, 17.4185721], [78.3805206, 17.4185888], [78.3805486, 17.4185905], [78.3805498, 17.4186016], [78.380586, 17.4186005], [78.3805953, 17.4184952], [78.380471, 17.4184908], [78.3804727, 17.4185698]]]}, "properties": {"osm_id": 1534537331, "building_type": "yes", "osm_height": null, "osm_levels": null, "name": null}}, {"type": "Feature", "geometry": {"type": "Polygon", "coordinates": [[[78.380726, 17.4186714], [78.3808294, 17.4186707], [78.3808284, 17.4185128], [78.3807249, 17.4185135], [78.380726, 17.4186714]]]}, "properties": {"osm_id": 1534537332, "building_type": "yes", "osm_height": null, "osm_levels": null, "name": null}}, {"type": "Feature", "geometry": {"type": "Polygon", "coordinates": [[[78.3808656, 17.418723], [78.3809656, 17.418723], [78.3809621, 17.4185263], [78.3808559, 17.4185246], [78.3808559, 17.4185389], [78.3808656, 17.418723]]]}, "properties": {"osm_id": 1534537333, "building_type": "yes", "osm_height": null, "osm_levels": null, "name": null}}, {"type": "Feature", "geometry": {"type": "Polygon", "coordinates": [[[78.3809825, 17.4187009], [78.3810856, 17.4187016], [78.3810871, 17.4185158], [78.3809839, 17.418515], [78.3809825, 17.4187009]]]}, "properties": {"osm_id": 1534537334, "building_type": "yes", "osm_height": null, "osm_levels": null, "name": null}}, {"type": "Feature", "geometry": {"type": "Polygon", "coordinates": [[[78.3811178, 17.418663], [78.381216, 17.418663], [78.3812248, 17.4185111], [78.3811178, 17.4185077], [78.3811187, 17.4185237], [78.3811178, 17.418663]]]}, "properties": {"osm_id": 1534537335, "building_type": "yes", "osm_height": null, "osm_levels": null, "name": null}}, {"type": "Feature", "geometry": {"type": "Polygon", "coordinates": [[[78.3812418, 17.4186983], [78.3813472, 17.418697], [78.381345, 17.4185317], [78.3812396, 17.418533], [78.3812418, 17.4186983]]]}, "properties": {"osm_id": 1534537336, "building_type": "yes", "osm_height": null, "osm_levels": null, "name": null}}, {"type": "Feature", "geometry": {"type": "Polygon", "coordinates": [[[78.3813778, 17.4187232], [78.3814204, 17.4187246], [78.3814211, 17.4187056], [78.3814779, 17.4187075], [78.3814816, 17.4186064], [78.3813823, 17.4186031], [78.3813778, 17.4187232]]]}, "properties": {"osm_id": 1534537337, "building_type": "yes", "osm_height": null, "osm_levels": null, "name": null}}, {"type": "Feature", "geometry": {"type": "Polygon", "coordinates": [[[78.3813682, 17.4185018], [78.3814717, 17.4185102], [78.3814859, 17.4183566], [78.3813809, 17.4183486], [78.3813682, 17.4185018]]]}, "properties": {"osm_id": 1534537338, "building_type": "yes", "osm_height": null, "osm_levels": null, "name": null}}, {"type": "Feature", "geometry": {"type": "Polygon", "coordinates": [[[78.3815446, 17.4193202], [78.3815423, 17.4191352], [78.381437, 17.4191364], [78.3814393, 17.4193214], [78.3815446, 17.4193202]]]}, "properties": {"osm_id": 1534537339, "building_type": "yes", "osm_height": null, "osm_levels": null, "name": null}}, {"type": "Feature", "geometry": {"type": "Polygon", "coordinates": [[[78.3811665, 17.4194342], [78.3813045, 17.4194383], [78.3813075, 17.4193442], [78.3811695, 17.4193401], [78.3811665, 17.4194342]]]}, "properties": {"osm_id": 1534537340, "building_type": "yes", "osm_height": null, "osm_levels": null, "name": null}}, {"type": "Feature", "geometry": {"type": "Polygon", "coordinates": [[[78.381006, 17.4191501], [78.381248, 17.4191535], [78.3812487, 17.4191073], [78.3811268, 17.4191056], [78.3811275, 17.4190541], [78.3812697, 17.4190561], [78.3812649, 17.4190019], [78.3812655, 17.4189934], [78.3810109, 17.4189895], [78.3810099, 17.4190567], [78.3810836, 17.4190577], [78.3810831, 17.4190938], [78.3810069, 17.4190927], [78.381006, 17.4191501]]]}, "properties": {"osm_id": 1534537341, "building_type": "yes", "osm_height": null, "osm_levels": null, "name": null}}, {"type": "Feature", "geometry": {"type": "Polygon", "coordinates": [[[78.3801281, 17.4194665], [78.3801942, 17.4194653], [78.3801945, 17.4194844], [78.3802228, 17.4194839], [78.3802225, 17.4194691], [78.3802958, 17.4194677], [78.3802933, 17.4193484], [78.3802281, 17.4193496], [78.3802288, 17.4193843], [78.3802019, 17.4193848], [78.3802012, 17.4193494], [78.3801257, 17.4193508], [78.3801281, 17.4194665]]]}, "properties": {"osm_id": 1534537342, "building_type": "yes", "osm_height": null, "osm_levels": null, "name": null}}, {"type": "Feature", "geometry": {"type": "Polygon", "coordinates": [[[78.3803174, 17.4195526], [78.3803674, 17.4195522], [78.3803659, 17.4193878], [78.3803158, 17.4193882], [78.3803174, 17.4195526]]]}, "properties": {"osm_id": 1534537343, "building_type": "yes", "osm_height": null, "osm_levels": null, "name": null}}, {"type": "Feature", "geometry": {"type": "Polygon", "coordinates": [[[78.3803852, 17.4195443], [78.3804827, 17.4195496], [78.3804915, 17.4194002], [78.380394, 17.419395], [78.3803852, 17.4195443]]]}, "properties": {"osm_id": 1534537344, "building_type": "yes", "osm_height": null, "osm_levels": null, "name": null}}, {"type": "Feature", "geometry": {"type": "Polygon", "coordinates": [[[78.3805134, 17.4195923], [78.380615, 17.419593], [78.3806163, 17.4194358], [78.3805146, 17.419435], [78.3805134, 17.4195923]]]}, "properties": {"osm_id": 1534537345, "building_type": "yes", "osm_height": null, "osm_levels": null, "name": null}}, {"type": "Feature", "geometry": {"type": "Polygon", "coordinates": [[[78.3807154, 17.419451], [78.3808268, 17.4194489], [78.3808264, 17.4194284], [78.3808743, 17.4194275], [78.3808728, 17.4193519], [78.3807133, 17.419355], [78.3807154, 17.419451]]]}, "properties": {"osm_id": 1534537346, "building_type": "yes", "osm_height": null, "osm_levels": null, "name": null}}, {"type": "Feature", "geometry": {"type": "Polygon", "coordinates": [[[78.3807246, 17.4193383], [78.3808251, 17.4193362], [78.3808246, 17.419313], [78.3808766, 17.4193119], [78.3808753, 17.4192562], [78.3807228, 17.4192593], [78.3807246, 17.4193383]]]}, "properties": {"osm_id": 1534537347, "building_type": "yes", "osm_height": null, "osm_levels": null, "name": null}}, {"type": "Feature", "geometry": {"type": "Polygon", "coordinates": [[[78.3808399, 17.4195098], [78.3809062, 17.4195047], [78.3809012, 17.4194447], [78.3808348, 17.4194498], [78.3808399, 17.4195098]]]}, "properties": {"osm_id": 1534537348, "building_type": "yes", "osm_height": null, "osm_levels": null, "name": null}}, {"type": "Feature", "geometry": {"type": "Polygon", "coordinates": [[[78.3807268, 17.4195992], [78.3808131, 17.4195989], [78.3808126, 17.4194667], [78.3807263, 17.4194669], [78.3807268, 17.4195992]]]}, "properties": {"osm_id": 1534537349, "building_type": "yes", "osm_height": null, "osm_levels": null, "name": null}}, {"type": "Feature", "geometry": {"type": "Polygon", "coordinates": [[[78.3809426, 17.420002], [78.381308, 17.420034], [78.381313, 17.4199823], [78.3809684, 17.4197341], [78.3809426, 17.420002]]]}, "properties": {"osm_id": 1534537350, "building_type": "yes", "osm_height": null, "osm_levels": null, "name": null}}, {"type": "Feature", "geometry": {"type": "Polygon", "coordinates": [[[78.3813488, 17.4198825], [78.381561, 17.4198796], [78.3815594, 17.4197764], [78.3813472, 17.4197793], [78.3813488, 17.4198825]]]}, "properties": {"osm_id": 1534537351, "building_type": "yes", "osm_height": null, "osm_levels": null, "name": null}}, {"type": "Feature", "geometry": {"type": "Polygon", "coordinates": [[[78.3814067, 17.4201844], [78.3815086, 17.4201644], [78.381474, 17.4200041], [78.3813721, 17.4200242], [78.3814067, 17.4201844]]]}, "properties": {"osm_id": 1534537352, "building_type": "yes", "osm_height": null, "osm_levels": null, "name": null}}, {"type": "Feature", "geometry": {"type": "Polygon", "coordinates": [[[78.3817419, 17.420346], [78.3819128, 17.4203108], [78.3818837, 17.4201822], [78.3817128, 17.4202174], [78.3817419, 17.420346]]]}, "properties": {"osm_id": 1534537353, "building_type": "yes", "osm_height": null, "osm_levels": null, "name": null}}, {"type": "Feature", "geometry": {"type": "Polygon", "coordinates": [[[78.3814437, 17.4203626], [78.3815366, 17.4203462], [78.3815107, 17.4202125], [78.3814177, 17.4202289], [78.3814437, 17.4203626]]]}, "properties": {"osm_id": 1534537354, "building_type": "yes", "osm_height": null, "osm_levels": null, "name": null}}, {"type": "Feature", "geometry": {"type": "Polygon", "coordinates": [[[78.3819825, 17.4202839], [78.3823222, 17.4202321], [78.3822933, 17.4200597], [78.3821745, 17.4200778], [78.3821827, 17.4201268], [78.3821664, 17.4201293], [78.3821604, 17.4200931], [78.3820931, 17.4201034], [78.3821005, 17.420148], [78.3820564, 17.4201547], [78.3820505, 17.4201194], [78.3819574, 17.4201336], [78.3819825, 17.4202839]]]}, "properties": {"osm_id": 1534537355, "building_type": "yes", "osm_height": null, "osm_levels": null, "name": null}}, {"type": "Feature", "geometry": {"type": "Polygon", "coordinates": [[[78.3818155, 17.4201118], [78.3820079, 17.4200962], [78.3819988, 17.4199947], [78.3818065, 17.4200103], [78.3818155, 17.4201118]]]}, "properties": {"osm_id": 1534537356, "building_type": "yes", "osm_height": null, "osm_levels": null, "name": null}}, {"type": "Feature", "geometry": {"type": "Polygon", "coordinates": [[[78.3816712, 17.4202105], [78.3817772, 17.4201895], [78.3817408, 17.4200225], [78.3816348, 17.4200435], [78.3816712, 17.4202105]]]}, "properties": {"osm_id": 1534537357, "building_type": "yes", "osm_height": null, "osm_levels": null, "name": null}}, {"type": "Feature", "geometry": {"type": "Polygon", "coordinates": [[[78.3824717, 17.4201783], [78.3825379, 17.4201829], [78.3825424, 17.4201237], [78.3825799, 17.4201263], [78.3825869, 17.420034], [78.3824831, 17.4200269], [78.3824717, 17.4201783]]]}, "properties": {"osm_id": 1534537358, "building_type": "yes", "osm_height": null, "osm_levels": null, "name": null}}, {"type": "Feature", "geometry": {"type": "Polygon", "coordinates": [[[78.3798644, 17.4185295], [78.3799726, 17.4185046], [78.3799231, 17.4183083], [78.3798148, 17.4183332], [78.3798644, 17.4185295]]]}, "properties": {"osm_id": 1534547161, "building_type": "yes", "osm_height": null, "osm_levels": null, "name": null}}, {"type": "Feature", "geometry": {"type": "Polygon", "coordinates": [[[78.3797048, 17.4184626], [78.3797403, 17.4184567], [78.3797454, 17.418482], [78.3798196, 17.4184606], [78.3797973, 17.4183297], [78.3796779, 17.4183576], [78.3797048, 17.4184626]]]}, "properties": {"osm_id": 1534547162, "building_type": "yes", "osm_height": null, "osm_levels": null, "name": null}}, {"type": "Feature", "geometry": {"type": "Polygon", "coordinates": [[[78.3799689, 17.4184224], [78.3800701, 17.4184031], [78.3800442, 17.4182794], [78.379943, 17.4182987], [78.3799689, 17.4184224]]]}, "properties": {"osm_id": 1534547163, "building_type": "yes", "osm_height": null, "osm_levels": null, "name": null}}, {"type": "Feature", "geometry": {"type": "Polygon", "coordinates": [[[78.380114, 17.4184622], [78.3802203, 17.4184404], [78.3801785, 17.4182544], [78.3800722, 17.4182761], [78.380114, 17.4184622]]]}, "properties": {"osm_id": 1534547164, "building_type": "yes", "osm_height": null, "osm_levels": null, "name": null}}, {"type": "Feature", "geometry": {"type": "Polygon", "coordinates": [[[78.3818201, 17.4197013], [78.3818903, 17.4197037], [78.3818896, 17.4197213], [78.3819286, 17.4197227], [78.3819296, 17.4196968], [78.3820162, 17.4196999], [78.3820201, 17.4195987], [78.3819392, 17.4195958], [78.3819374, 17.4196433], [78.381903, 17.4196421], [78.3819043, 17.4196063], [78.3818239, 17.4196035], [78.3818201, 17.4197013]]]}, "properties": {"osm_id": 1534547165, "building_type": "yes", "osm_height": null, "osm_levels": null, "name": null}}, {"type": "Feature", "geometry": {"type": "Polygon", "coordinates": [[[78.3820645, 17.4197248], [78.3821673, 17.419726], [78.382169, 17.4195882], [78.3820663, 17.419587], [78.3820645, 17.4197248]]]}, "properties": {"osm_id": 1534547166, "building_type": "yes", "osm_height": null, "osm_levels": null, "name": null}}, {"type": "Feature", "geometry": {"type": "Polygon", "coordinates": [[[78.3816713, 17.4199388], [78.3817389, 17.4199369], [78.3817474, 17.4199171], [78.3818012, 17.4199155], [78.3817963, 17.41976], [78.3816658, 17.4197637], [78.3816713, 17.4199388]]]}, "properties": {"osm_id": 1534547167, "building_type": "yes", "osm_height": null, "osm_levels": null, "name": null}}, {"type": "Feature", "geometry": {"type": "Polygon", "coordinates": [[[78.3819397, 17.4199359], [78.381975, 17.4199349], [78.3819755, 17.4199532], [78.3820175, 17.4199519], [78.3820185, 17.4199303], [78.3820657, 17.419929], [78.3820613, 17.4197833], [78.3819352, 17.4197868], [78.3819397, 17.4199359]]]}, "properties": {"osm_id": 1534547168, "building_type": "yes", "osm_height": null, "osm_levels": null, "name": null}}, {"type": "Feature", "geometry": {"type": "Polygon", "coordinates": [[[78.3823291, 17.4199867], [78.3824341, 17.4199845], [78.382429, 17.4197665], [78.3823239, 17.4197687], [78.3823291, 17.4199867]]]}, "properties": {"osm_id": 1534547169, "building_type": "yes", "osm_height": null, "osm_levels": null, "name": null}}, {"type": "Feature", "geometry": {"type": "Polygon", "coordinates": [[[78.382695, 17.4202352], [78.3828023, 17.4202495], [78.3828309, 17.420055], [78.3827052, 17.4200382], [78.3826782, 17.4202225], [78.382695, 17.4202352]]]}, "properties": {"osm_id": 1534547170, "building_type": "yes", "osm_height": null, "osm_levels": null, "name": null}}, {"type": "Feature", "geometry": {"type": "Polygon", "coordinates": [[[78.3826665, 17.4204046], [78.382776, 17.4204095], [78.3827767, 17.420395], [78.3827972, 17.4203959], [78.382802, 17.4202977], [78.3826721, 17.4202919], [78.3826665, 17.4204046]]]}, "properties": {"osm_id": 1534547171, "building_type": "yes", "osm_height": null, "osm_levels": null, "name": null}}, {"type": "Feature", "geometry": {"type": "Polygon", "coordinates": [[[78.382684, 17.4199821], [78.3827632, 17.4199865], [78.3828155, 17.4199059], [78.3828205, 17.4198235], [78.3826941, 17.4198165], [78.382684, 17.4199821]]]}, "properties": {"osm_id": 1534547172, "building_type": "yes", "osm_height": null, "osm_levels": null, "name": null}}, {"type": "Feature", "geometry": {"type": "Polygon", "coordinates": [[[78.3827081, 17.4197207], [78.3828074, 17.4197197], [78.3828057, 17.4195737], [78.3827064, 17.4195747], [78.3827081, 17.4197207]]]}, "properties": {"osm_id": 1534547173, "building_type": "yes", "osm_height": null, "osm_levels": null, "name": null}}, {"type": "Feature", "geometry": {"type": "Polygon", "coordinates": [[[78.3859257, 17.4214875], [78.3859918, 17.4214477], [78.3859714, 17.4214235], [78.386006, 17.4213992], [78.3858068, 17.4211558], [78.3859836, 17.4210074], [78.3858983, 17.4208911], [78.3858078, 17.4209463], [78.3856503, 17.4207611], [78.3854175, 17.4209056], [78.3856411, 17.4211655], [78.385759, 17.4213323], [78.385881, 17.4214913], [78.3859257, 17.4214875]]]}, "properties": {"osm_id": 1534547174, "building_type": "yes", "osm_height": null, "osm_levels": null, "name": null}}, {"type": "Feature", "geometry": {"type": "Polygon", "coordinates": [[[78.3880756, 17.42074], [78.3882201, 17.4208125], [78.3883828, 17.4205171], [78.3883699, 17.4204948], [78.3883927, 17.4204524], [78.3883707, 17.4204416], [78.3883829, 17.4204189], [78.388431, 17.4204425], [78.3884754, 17.4203604], [78.3883099, 17.4202791], [78.3882318, 17.4204238], [78.3882798, 17.4204474], [78.3882767, 17.4204532], [78.3882563, 17.4204431], [78.3882265, 17.4204976], [78.3881586, 17.4204638], [78.3881369, 17.4205035], [78.3881833, 17.4205267], [78.38814, 17.4206056], [78.3881994, 17.4206352], [78.3881897, 17.4206529], [78.3881379, 17.420627], [78.3880756, 17.42074]]]}, "properties": {"osm_id": 1534547175, "building_type": "yes", "osm_height": null, "osm_levels": null, "name": null}}, {"type": "Feature", "geometry": {"type": "Polygon", "coordinates": [[[78.3889384, 17.4210603], [78.3891284, 17.421159], [78.3891931, 17.4210455], [78.3891365, 17.4210161], [78.3891738, 17.4209509], [78.3892318, 17.420981], [78.3893268, 17.4208145], [78.3891389, 17.4207168], [78.3890921, 17.4207989], [78.3891491, 17.4208285], [78.3890636, 17.4209784], [78.389003, 17.420947], [78.3889384, 17.4210603]]]}, "properties": {"osm_id": 1534547176, "building_type": "yes", "osm_height": null, "osm_levels": null, "name": null}}, {"type": "Feature", "geometry": {"type": "Polygon", "coordinates": [[[78.3883223, 17.4215462], [78.3884796, 17.4216204], [78.3885329, 17.4215176], [78.3884881, 17.4214965], [78.3884943, 17.4214843], [78.3885318, 17.421502], [78.3885821, 17.4214049], [78.3884647, 17.4213495], [78.3884257, 17.4214246], [78.3884641, 17.4214428], [78.3884362, 17.4214967], [78.3883653, 17.4214633], [78.3883223, 17.4215462]]]}, "properties": {"osm_id": 1534547177, "building_type": "yes", "osm_height": null, "osm_levels": null, "name": null}}, {"type": "Feature", "geometry": {"type": "Polygon", "coordinates": [[[78.3879514, 17.4216953], [78.3879438, 17.4217121], [78.3880575, 17.4217593], [78.3880575, 17.4217381], [78.3880735, 17.4217472], [78.388121, 17.421671], [78.3881003, 17.4216593], [78.3881054, 17.4216511], [78.3881511, 17.421677], [78.3882307, 17.4215495], [78.38806, 17.4214525], [78.3880006, 17.4215479], [78.3880452, 17.4215732], [78.3880132, 17.4216245], [78.3879536, 17.4216156], [78.3879227, 17.4216834], [78.3879514, 17.4216953]]]}, "properties": {"osm_id": 1534547178, "building_type": "yes", "osm_height": null, "osm_levels": null, "name": null}}, {"type": "Feature", "geometry": {"type": "Polygon", "coordinates": [[[78.3882022, 17.4219854], [78.3882421, 17.4220081], [78.38826, 17.4219794], [78.388276, 17.4219885], [78.3883154, 17.4219254], [78.3882977, 17.4219154], [78.388314, 17.4218893], [78.3882723, 17.4218656], [78.3882569, 17.4218774], [78.3881844, 17.42184], [78.3881338, 17.4219294], [78.3881983, 17.4219626], [78.3882022, 17.4219854]]]}, "properties": {"osm_id": 1534547179, "building_type": "yes", "osm_height": null, "osm_levels": null, "name": null}}, {"type": "Feature", "geometry": {"type": "Polygon", "coordinates": [[[78.3885061, 17.4218482], [78.388691, 17.4219364], [78.3887347, 17.4218637], [78.388686, 17.4218297], [78.3887114, 17.4217803], [78.3887683, 17.4218259], [78.388815, 17.4217211], [78.3888984, 17.4215912], [78.3887063, 17.4214932], [78.3886585, 17.4215815], [78.388691, 17.4216251], [78.388624, 17.4217531], [78.3885725, 17.4217274], [78.3885061, 17.4218482]]]}, "properties": {"osm_id": 1534547180, "building_type": "yes", "osm_height": null, "osm_levels": null, "name": null}}, {"type": "Feature", "geometry": {"type": "Polygon", "coordinates": [[[78.3881858, 17.4223308], [78.3883587, 17.4224888], [78.3884064, 17.4224413], [78.3883987, 17.4224236], [78.3884451, 17.4223774], [78.3882854, 17.4222315], [78.3881858, 17.4223308]]]}, "properties": {"osm_id": 1534547181, "building_type": "yes", "osm_height": null, "osm_levels": null, "name": null}}, {"type": "Feature", "geometry": {"type": "Polygon", "coordinates": [[[78.3910691, 17.4216561], [78.3912268, 17.4216063], [78.391145, 17.4213706], [78.3909872, 17.4214204], [78.3910691, 17.4216561]]]}, "properties": {"osm_id": 1534547182, "building_type": "yes", "osm_height": null, "osm_levels": null, "name": null}}, {"type": "Feature", "geometry": {"type": "Polygon", "coordinates": [[[78.3930644, 17.4228308], [78.3934086, 17.4229821], [78.3934749, 17.4228449], [78.3933689, 17.4227984], [78.3933384, 17.4228615], [78.3932896, 17.4228401], [78.3933943, 17.4226233], [78.3932048, 17.42254], [78.3930644, 17.4228308]]]}, "properties": {"osm_id": 1534547183, "building_type": "yes", "osm_height": null, "osm_levels": null, "name": null}}, {"type": "Feature", "geometry": {"type": "Polygon", "coordinates": [[[78.3939215, 17.4232744], [78.3940475, 17.4233281], [78.3941344, 17.4231426], [78.3940085, 17.4230889], [78.3939215, 17.4232744]]]}, "properties": {"osm_id": 1534547184, "building_type": "yes", "osm_height": null, "osm_levels": null, "name": null}}, {"type": "Feature", "geometry": {"type": "Polygon", "coordinates": [[[78.3936844, 17.4231523], [78.3937814, 17.4232053], [78.3938785, 17.4230201], [78.3937722, 17.422976], [78.3936844, 17.4231523]]]}, "properties": {"osm_id": 1534547185, "building_type": "yes", "osm_height": null, "osm_levels": null, "name": null}}, {"type": "Feature", "geometry": {"type": "Polygon", "coordinates": [[[78.3935468, 17.4230985], [78.3936415, 17.4231459], [78.3937411, 17.4229647], [78.3936463, 17.4229173], [78.3935468, 17.4230985]]]}, "properties": {"osm_id": 1534547186, "building_type": "yes", "osm_height": null, "osm_levels": null, "name": null}}, {"type": "Feature", "geometry": {"type": "Polygon", "coordinates": [[[78.3936072, 17.4235752], [78.3936674, 17.4235786], [78.3936674, 17.4235566], [78.3937072, 17.4235566], [78.3937134, 17.4234444], [78.3936081, 17.4234444], [78.3936037, 17.4234731], [78.3936072, 17.4235752]]]}, "properties": {"osm_id": 1534547187, "building_type": "yes", "osm_height": null, "osm_levels": null, "name": null}}, {"type": "Feature", "geometry": {"type": "Polygon", "coordinates": [[[78.3938582, 17.4239912], [78.3939092, 17.4239663], [78.393879, 17.4239074], [78.393942, 17.4238754], [78.3939112, 17.4238287], [78.3939749, 17.4237219], [78.3938736, 17.4236848], [78.3938207, 17.4237807], [78.3938059, 17.4237731], [78.3937992, 17.4238933], [78.3938582, 17.4239912]]]}, "properties": {"osm_id": 1534547188, "building_type": "yes", "osm_height": null, "osm_levels": null, "name": null}}, {"type": "Feature", "geometry": {"type": "Polygon", "coordinates": [[[78.3936245, 17.4245252], [78.3936638, 17.4244766], [78.3936709, 17.4244867], [78.393732, 17.42442], [78.393724, 17.424404], [78.3937725, 17.4243441], [78.3936784, 17.4242748], [78.3935314, 17.4244566], [78.3936245, 17.4245252]]]}, "properties": {"osm_id": 1534547189, "building_type": "yes", "osm_height": null, "osm_levels": null, "name": null}}, {"type": "Feature", "geometry": {"type": "Polygon", "coordinates": [[[78.3933455, 17.4247037], [78.3934322, 17.4247676], [78.3935877, 17.4245755], [78.3935011, 17.4245117], [78.3933455, 17.4247037]]]}, "properties": {"osm_id": 1534547190, "building_type": "yes", "osm_height": null, "osm_levels": null, "name": null}}, {"type": "Feature", "geometry": {"type": "Polygon", "coordinates": [[[78.3936424, 17.4247241], [78.3937696, 17.4248209], [78.3938357, 17.4247418], [78.3937086, 17.4246449], [78.3936424, 17.4247241]]]}, "properties": {"osm_id": 1534547191, "building_type": "yes", "osm_height": null, "osm_levels": null, "name": null}}, {"type": "Feature", "geometry": {"type": "Polygon", "coordinates": [[[78.3939886, 17.4246896], [78.3940928, 17.424772], [78.3941997, 17.424649], [78.3940955, 17.4245666], [78.3939886, 17.4246896]]]}, "properties": {"osm_id": 1534547192, "building_type": "yes", "osm_height": null, "osm_levels": null, "name": null}}, {"type": "Feature", "geometry": {"type": "Polygon", "coordinates": [[[78.3944079, 17.4249654], [78.3944327, 17.4249873], [78.3944522, 17.4249721], [78.3944814, 17.4249966], [78.3945575, 17.424908], [78.3945044, 17.4248607], [78.3944079, 17.4249654]]]}, "properties": {"osm_id": 1534547193, "building_type": "yes", "osm_height": null, "osm_levels": null, "name": null}}, {"type": "Feature", "geometry": {"type": "Polygon", "coordinates": [[[78.3945626, 17.4250898], [78.3946491, 17.4251508], [78.3946583, 17.4251389], [78.3947353, 17.4251933], [78.3947574, 17.4250498], [78.3946388, 17.4249539], [78.3946256, 17.4249687], [78.3946362, 17.4249949], [78.3945626, 17.4250898]]]}, "properties": {"osm_id": 1534547194, "building_type": "yes", "osm_height": null, "osm_levels": null, "name": null}}, {"type": "Feature", "geometry": {"type": "Polygon", "coordinates": [[[78.3939865, 17.4204139], [78.3941465, 17.4203854], [78.3940971, 17.4201324], [78.3939372, 17.4201608], [78.3939865, 17.4204139]]]}, "properties": {"osm_id": 1534556241, "building_type": "yes", "osm_height": null, "osm_levels": null, "name": null}}, {"type": "Feature", "geometry": {"type": "Polygon", "coordinates": [[[78.392197, 17.4357583], [78.3923271, 17.4356206], [78.3921817, 17.4355013], [78.3920527, 17.4356167], [78.3920567, 17.4356274], [78.392197, 17.4357583]]]}, "properties": {"osm_id": 1534556291, "building_type": "yes", "osm_height": null, "osm_levels": null, "name": null}}, {"type": "Feature", "geometry": {"type": "Polygon", "coordinates": [[[78.3929629, 17.4361865], [78.3930435, 17.4361285], [78.392887, 17.4358868], [78.3928041, 17.4359436], [78.3929629, 17.4361865]]]}, "properties": {"osm_id": 1534556292, "building_type": "yes", "osm_height": null, "osm_levels": null, "name": null}}, {"type": "Feature", "geometry": {"type": "Polygon", "coordinates": [[[78.3692944, 17.4279117], [78.3693506, 17.4278876], [78.3693277, 17.4278415], [78.3693559, 17.4278233], [78.3693675, 17.4277986], [78.3693622, 17.4277658], [78.3694016, 17.4277409], [78.3693772, 17.4276872], [78.3693507, 17.4276982], [78.369299, 17.4275842], [78.3692162, 17.4276184], [78.3692019, 17.4275868], [78.3691343, 17.4276147], [78.3691557, 17.4276618], [78.3690593, 17.4277017], [78.3690936, 17.4277772], [78.3690562, 17.4277926], [78.3690949, 17.4278777], [78.3691322, 17.4278622], [78.369161, 17.4279257], [78.3692431, 17.4278917], [78.3692507, 17.4279086], [78.3692853, 17.4278942], [78.3692901, 17.4279035], [78.3692944, 17.4279117]]]}, "properties": {"osm_id": 5317773, "building_type": "yes", "osm_height": null, "osm_levels": null, "name": null}}, {"type": "Feature", "geometry": {"type": "Polygon", "coordinates": [[[78.3670419, 17.4239004], [78.3672902, 17.4237848], [78.3673204, 17.4238439], [78.3674235, 17.4237957], [78.3673911, 17.4237322], [78.3676498, 17.4236117], [78.3676486, 17.4236093], [78.3674165, 17.423156], [78.367281, 17.4232191], [78.3673124, 17.4232805], [78.367254, 17.4233077], [78.3672035, 17.423209], [78.3669107, 17.4233455], [78.3669333, 17.4233898], [78.3667922, 17.4234557], [78.3668856, 17.4236382], [78.3669524, 17.423607], [78.3669701, 17.4236416], [78.3669033, 17.4236727], [78.3669598, 17.423783], [78.366967, 17.4237797], [78.3669968, 17.423838], [78.3670074, 17.423833], [78.3670419, 17.4239004]]]}, "properties": {"osm_id": 5317946, "building_type": "yes", "osm_height": null, "osm_levels": null, "name": "School of Education"}}, {"type": "Feature", "geometry": {"type": "Polygon", "coordinates": [[[78.3759538, 17.4249072], [78.3760118, 17.4249043], [78.376002, 17.4247275], [78.3758844, 17.4247334], [78.3758475, 17.4247009], [78.3756362, 17.4249192], [78.3756913, 17.4249678], [78.3756538, 17.4249678], [78.3756538, 17.4250853], [78.3758651, 17.4250853], [78.3758651, 17.4250283], [78.3758915, 17.4250602], [78.3759873, 17.4250348], [78.3760023, 17.4249494], [78.3759538, 17.4249072]]]}, "properties": {"osm_id": 5317949, "building_type": "yes", "osm_height": null, "osm_levels": null, "name": null}}, {"type": "Feature", "geometry": {"type": "Polygon", "coordinates": [[[78.3839022, 17.4348749], [78.3839121, 17.4349371], [78.3839358, 17.4349843], [78.3839733, 17.4350334], [78.3840149, 17.4350635], [78.3840821, 17.4350899], [78.3840999, 17.4350447], [78.3841157, 17.4350654], [78.3843114, 17.4349258], [78.3843075, 17.4349598], [78.3843411, 17.4349673], [78.3841677, 17.435059], [78.3841513, 17.435139], [78.3841821, 17.4351882], [78.3842165, 17.4352371], [78.3842561, 17.4352333], [78.3843292, 17.4353257], [78.3844182, 17.4352616], [78.3843945, 17.4352258], [78.3844396, 17.4351888], [78.3844479, 17.4350541], [78.3844933, 17.4350145], [78.3847523, 17.4350598], [78.3849975, 17.434873], [78.3850173, 17.4346297], [78.3850042, 17.4345368], [78.3849382, 17.4344448], [78.3849066, 17.4344373], [78.3848868, 17.4344656], [78.3848393, 17.4344014], [78.3848374, 17.4343599], [78.3847642, 17.4342675], [78.3846, 17.4342707], [78.3845221, 17.4343604], [78.3844049, 17.4343826], [78.3842976, 17.4345391], [78.3841987, 17.4346052], [78.3841889, 17.4346919], [78.3842679, 17.4347881], [78.3843035, 17.4347919], [78.3843371, 17.4348353], [78.3843095, 17.4348579], [78.3842185, 17.4348391], [78.3841473, 17.4346882], [78.38409, 17.434675], [78.3840228, 17.4346976], [78.3839674, 17.4347353], [78.38392, 17.4347976], [78.3839022, 17.4348749]]]}, "properties": {"osm_id": 5320443, "building_type": "commercial", "osm_height": null, "osm_levels": null, "name": "Mariner Building"}}, {"type": "Feature", "geometry": {"type": "Polygon", "coordinates": [[[78.3945015, 17.4297451], [78.394675, 17.4297538], [78.3946734, 17.4297834], [78.39487, 17.4297932], [78.3948714, 17.4297684], [78.3949803, 17.4297739], [78.3949986, 17.4294421], [78.3945741, 17.4294208], [78.3945689, 17.429514], [78.3945144, 17.4295113], [78.3945015, 17.4297451]]]}, "properties": {"osm_id": 5320573, "building_type": "yes", "osm_height": null, "osm_levels": null, "name": null}}, {"type": "Feature", "geometry": {"type": "Polygon", "coordinates": [[[78.3952883, 17.4328971], [78.3953636, 17.4329007], [78.3953636, 17.4329424], [78.3954453, 17.4329435], [78.3954444, 17.4329105], [78.3956316, 17.4329169], [78.3956292, 17.4329594], [78.3957049, 17.4329607], [78.3957051, 17.4327879], [78.3957396, 17.4327891], [78.3957407, 17.4327533], [78.3957806, 17.4327567], [78.3957823, 17.4326757], [78.3957226, 17.4326757], [78.3957225, 17.4325966], [78.3956797, 17.4325954], [78.3956807, 17.432612], [78.3956441, 17.4326118], [78.395646, 17.4325036], [78.3955949, 17.432502], [78.3955956, 17.4324838], [78.3956149, 17.4324838], [78.3956186, 17.4324003], [78.3956817, 17.4324], [78.3956866, 17.4323191], [78.3957995, 17.4323273], [78.3958111, 17.4321814], [78.3957832, 17.4321794], [78.3957879, 17.4321204], [78.3958158, 17.4321224], [78.3958186, 17.4320244], [78.3958195, 17.4320007], [78.3958421, 17.4319995], [78.3958414, 17.4319449], [78.395856, 17.4319323], [78.3958501, 17.4319107], [78.3958705, 17.4319041], [78.3958254, 17.4318128], [78.3958085, 17.4317993], [78.3957911, 17.4318052], [78.3957817, 17.4317931], [78.3957676, 17.4317948], [78.395739, 17.431772], [78.395687, 17.4318034], [78.395699, 17.4318226], [78.3956772, 17.4318229], [78.3956723, 17.4318137], [78.3956389, 17.4318222], [78.3956196, 17.4318244], [78.395591, 17.4318034], [78.3955553, 17.4318177], [78.3954831, 17.4318137], [78.395484, 17.4318399], [78.3954189, 17.4318327], [78.3954066, 17.4319871], [78.3954423, 17.4319897], [78.3954374, 17.4320514], [78.3954017, 17.4320488], [78.3953915, 17.4321766], [78.3954759, 17.4321828], [78.3954663, 17.4323031], [78.3955382, 17.4323083], [78.3955368, 17.4323886], [78.3954304, 17.4323853], [78.3954291, 17.4323599], [78.3953442, 17.4323557], [78.3953464, 17.4324017], [78.3953107, 17.4324027], [78.3953096, 17.4324633], [78.3953455, 17.4324631], [78.3953462, 17.432519], [78.395321, 17.4325215], [78.3953203, 17.4325386], [78.395332, 17.4325397], [78.3953203, 17.4327657], [78.3953719, 17.4327668], [78.3953722, 17.4327983], [78.3952917, 17.4327946], [78.3952883, 17.4328971]]]}, "properties": {"osm_id": 5388261, "building_type": "yes", "osm_height": null, "osm_levels": null, "name": null}}, {"type": "Feature", "geometry": {"type": "Polygon", "coordinates": [[[78.3931408, 17.4314277], [78.393141, 17.4314452], [78.393348, 17.431443], [78.3933478, 17.4314251], [78.393374, 17.4314248], [78.3933737, 17.4314036], [78.3934025, 17.4314034], [78.393402, 17.431348], [78.3934813, 17.4313474], [78.3934809, 17.4312866], [78.3934016, 17.4312871], [78.3934013, 17.4312487], [78.3933716, 17.431249], [78.3933713, 17.4312335], [78.3933456, 17.4312338], [78.3933454, 17.4312186], [78.3931384, 17.4312208], [78.3931387, 17.4312497], [78.3931243, 17.4312498], [78.3931244, 17.4312617], [78.3931101, 17.4312619], [78.3931104, 17.431283], [78.3930621, 17.4312826], [78.3930613, 17.4313874], [78.3931118, 17.4313878], [78.3931124, 17.4314281], [78.3931408, 17.4314277]]]}, "properties": {"osm_id": 5388266, "building_type": "yes", "osm_height": null, "osm_levels": null, "name": null}}, {"type": "Feature", "geometry": {"type": "Polygon", "coordinates": [[[78.3914626, 17.4146763], [78.3917912, 17.4146148], [78.391731, 17.4143216], [78.3914024, 17.414383], [78.3914626, 17.4146763]]]}, "properties": {"osm_id": 6203763, "building_type": "yes", "osm_height": null, "osm_levels": null, "name": null}}, {"type": "Feature", "geometry": {"type": "Polygon", "coordinates": [[[78.3942249, 17.4336836], [78.3947219, 17.4336198], [78.3946825, 17.4333404], [78.3941855, 17.4334042], [78.3942249, 17.4336836]]]}, "properties": {"osm_id": 10393910, "building_type": "yes", "osm_height": null, "osm_levels": null, "name": null}}]}